artista_id,nombre,evento,edicion,anio,hito_original
4,Marina Abramovic,Bienal de São Paulo,28,,"28ª Bienal de São Paulo «Em vivo contato» (2008, Mesquita/Cohen)"
4,Marina Abramovic,Bienal do Mercosul,13,,"13ª Bienal do Mercosul «Trauma, sonho e fuga» (2022, Dantas)"
4,Marina Abramovic,Global Conceptualism,,1999,"Global Conceptualism: Points of Origin 1950s-1980s, Queens Museum, Nueva York (1999, Farver/Camnitzer/Weiss y equipo de once curadores); itinerancia Walker/Miami/MIT List"
4,Marina Abramovic,Magiciens de la Terre,,1989,"Magiciens de la Terre, Centre Pompidou / Grande Halle de la Villette, París (1989, Jean-Hubert Martin)"
4,Marina Abramovic,Praemium Imperiale,,2025,"Praemium Imperiale, escultura (2025)"
4,Marina Abramovic,Whitney Biennial,,,"Whitney Biennial 2004, Nueva York"
4,Marina Abramovic,otro,,1997,"León de Oro al mejor participante, Venecia (1997)"
5,Tomma Abts,Turner Prize,,2006,Turner Prize (premio 2006)
6,Franz Ackermann,Hugo Boss Prize,,2004,"Hugo Boss Prize, finalista (2004)"
7,Etel Adnan,Whitney Biennial,,,"Whitney Biennial 2014, Nueva York"
7,Etel Adnan,documenta,,2012,"documenta 13, Kassel (2012)"
10,John Akomfrah,Artes Mundi,,2017,"Artes Mundi Prize, ganador/a (2017, Cardiff)"
10,John Akomfrah,Bienal de Sharjah,15,2023,"15ª Bienal de Sharjah «Thinking Historically in the Present» (2023, Hoor Al Qasimi, comisión 30 aniversario)"
10,John Akomfrah,Bienal de Venecia,,,"Bienal de Venecia 2015 «All the World’s Futures», muestra internacional (Enwezor)"
11,Richard Aldrich,Whitney Biennial,,,"Whitney Biennial 2010, Nueva York"
13,Darren Almond,Turner Prize,,2005,Turner Prize (nominación 2005)
15,Ellen Altfest,Bienal de Venecia,,,"Bienal de Venecia 2013 «Il Palazzo Enciclopedico», muestra internacional (Gioni)"
16,Kai Althoff,Whitney Biennial,,,"Whitney Biennial 2012, Nueva York"
17,David Altmejd,Bienal de Estambul,8,2003,"8ª Bienal de Estambul «Poetic Justice» (2003, Dan Cameron)"
17,David Altmejd,Whitney Biennial,,,"Whitney Biennial 2004, Nueva York"
18,Francis Alÿs,Bienal de Gwangju,7,2008,"7ª Bienal de Gwangju «Annual Report: A Year in Exhibitions» (2008, Okwui Enwezor)"
18,Francis Alÿs,Bienal de La Habana,7,2000,7ª Bienal de La Habana «Uno más cerca del otro» (2000-2001)
18,Francis Alÿs,Bienal de São Paulo,32,,"32ª Bienal de São Paulo «Incerteza Viva» (2016, Volz)"
18,Francis Alÿs,Bienal de São Paulo,29,,"29ª Bienal de São Paulo «Há sempre um copo de mar para um homem navegar» (2010, dos Anjos/Farias)"
18,Francis Alÿs,Bienal de Venecia,,,"Bienal de Venecia 2007 «Think with the Senses, Feel with the Mind», muestra internacional (Storr)"
18,Francis Alÿs,Bienal do Mercosul,6,,"6ª Bienal do Mercosul «A Terceira Margem do Rio» (2007, Pérez-Barreiro)"
18,Francis Alÿs,Hugo Boss Prize,,2002,"Hugo Boss Prize, finalista (2002)"
18,Francis Alÿs,documenta,,2012,"documenta 13, Kassel (2012)"
19,El Anatsui,Bienal de Venecia,,,"Bienal de Venecia 2007 «Think with the Senses, Feel with the Mind», muestra internacional (Storr)"
19,El Anatsui,Bienal do Mercosul,11,,"11ª Bienal do Mercosul «O Triângulo Atlântico» (2018, Hug/Borghi)"
19,El Anatsui,Praemium Imperiale,,2017,"Praemium Imperiale, escultura (2017)"
19,El Anatsui,otro,,2015,"León de Oro a la trayectoria, Venecia (2015)"
20,Hurvin Anderson,Turner Prize,,2017,Turner Prize (nominación 2017)
22,Juan Araujo,Bienal de São Paulo,27,,"27ª Bienal de São Paulo «Como Viver Junto» (2006, Lagnado)"
22,Juan Araujo,Bienal do Mercosul,6,,"6ª Bienal do Mercosul «A Terceira Margem do Rio» (2007, Pérez-Barreiro)"
23,Cory Arcangel,Whitney Biennial,,,"Whitney Biennial 2004, Nueva York"
23,Cory Arcangel,otro,,,"New Museum Triennial 2009 «Younger Than Jesus», Nueva York"
24,Michael Armitage,Bienal de Venecia,,,"Bienal de Venecia 2019 «May You Live in Interesting Times», muestra internacional (Rugoff)"
26,Ed Atkins,Bienal de Venecia,,,"Bienal de Venecia 2019 «May You Live in Interesting Times», muestra internacional (Rugoff)"
26,Ed Atkins,Bienal de Venecia,,,"Bienal de Venecia 2013 «Il Palazzo Enciclopedico», muestra internacional (Gioni)"
27,Kader Attia,Bienal de Sharjah,15,2023,"15ª Bienal de Sharjah «Thinking Historically in the Present» (2023, Hoor Al Qasimi, comisión 30 aniversario)"
27,Kader Attia,Bienal de São Paulo,36,,"36ª Bienal de São Paulo «Nem todo viandante anda estradas» (2025, Ndikung)"
27,Kader Attia,Dak'Art,,,"Dak'Art, 12ª Bienal de Dakar «Réenchantements / La Cité dans le jour bleu» (2016, Njami)"
27,Kader Attia,documenta,,2012,"documenta 13, Kassel (2012)"
28,Tauba Auerbach,Whitney Biennial,,,"Whitney Biennial 2010, Nueva York"
28,Tauba Auerbach,otro,,,"New Museum Triennial 2009 «Younger Than Jesus», Nueva York"
29,John Baldessari,Bienal de Venecia,,,"Bienal de Venecia 2009 «Fare Mondi / Making Worlds», muestra internacional (Birnbaum)"
29,John Baldessari,Bienal do Mercosul,6,,"6ª Bienal do Mercosul «A Terceira Margem do Rio» (2007, Pérez-Barreiro)"
29,John Baldessari,Global Conceptualism,,1999,"Global Conceptualism: Points of Origin 1950s-1980s, Queens Museum, Nueva York (1999, Farver/Camnitzer/Weiss y equipo de once curadores); itinerancia Walker/Miami/MIT List"
29,John Baldessari,Information (MoMA 1970),,1970,"Information, The Museum of Modern Art, Nueva York (1970, Kynaston McShine)"
29,John Baldessari,Magiciens de la Terre,,1989,"Magiciens de la Terre, Centre Pompidou / Grande Halle de la Villette, París (1989, Jean-Hubert Martin)"
29,John Baldessari,Whitney Biennial,,,"Whitney Biennial 2008, Nueva York"
29,John Baldessari,otro,,2009,"León de Oro a la trayectoria, Venecia (2009)"
32,Matthew Barney,Bienal de Gwangju,16,2026,"16ª Bienal de Gwangju «You Must Change Your Life» (2026, Ho Tzu Nyen)"
32,Matthew Barney,Bienal de São Paulo,26,,"26ª Bienal de São Paulo «Território Livre» (2004, Hug)"
32,Matthew Barney,Hugo Boss Prize,,1996,"Hugo Boss Prize, ganador/a (1996)"
33,Hernán Bas,Whitney Biennial,,,"Whitney Biennial 2004, Nueva York"
36,Sadie Benning,Cocido y crudo,,1994,"Cocido y crudo, Museo Reina Sofía, Madrid (1994-1995, Dan Cameron)"
36,Sadie Benning,Whitney Biennial,,,"Whitney Biennial 2000, Nueva York"
39,Zarina Bhimji,Bienal de Estambul,8,2003,"8ª Bienal de Estambul «Poetic Justice» (2003, Dan Cameron)"
39,Zarina Bhimji,The Short Century,,2001,"The Short Century: Independence and Liberation Movements in Africa 1945-1994, Villa Stuck, Múnich (2001, Okwui Enwezor); itinerancia Berlín/Chicago/PS1-MoMA (2001-2002)"
39,Zarina Bhimji,Turner Prize,,2007,Turner Prize (nominación 2007)
39,Zarina Bhimji,documenta,,2002,"documenta 11, Kassel (2002)"
41,Xu Bing,Artes Mundi,,2004,"Artes Mundi Prize, ganador/a (2004, Cardiff)"
41,Xu Bing,Bienal de São Paulo,30,,"30ª Bienal de São Paulo «A iminência das poéticas» (2012, Pérez-Oramas)"
41,Xu Bing,Bienal de São Paulo,26,,"26ª Bienal de São Paulo «Território Livre» (2004, Hug)"
41,Xu Bing,Bienal de Venecia,,,"Bienal de Venecia 2015 «All the World’s Futures», muestra internacional (Enwezor)"
41,Xu Bing,Cocido y crudo,,1994,"Cocido y crudo, Museo Reina Sofía, Madrid (1994-1995, Dan Cameron)"
41,Xu Bing,Global Conceptualism,,1999,"Global Conceptualism: Points of Origin 1950s-1980s, Queens Museum, Nueva York (1999, Farver/Camnitzer/Weiss y equipo de once curadores); itinerancia Walker/Miami/MIT List"
46,John Bock,Bienal de Venecia,,,"Bienal de Venecia 2013 «Il Palazzo Enciclopedico», muestra internacional (Gioni)"
46,John Bock,Hugo Boss Prize,,2006,"Hugo Boss Prize, finalista (2006)"
46,John Bock,documenta,,2002,"documenta 11, Kassel (2002)"
47,Christian Boltanski,Bienal de La Habana,6,1997,6ª Bienal de La Habana «El individuo y su memoria» (1997)
47,Christian Boltanski,Bienal de Venecia,,,"Bienal de Venecia 2015 «All the World’s Futures», muestra internacional (Enwezor)"
47,Christian Boltanski,Magiciens de la Terre,,1989,"Magiciens de la Terre, Centre Pompidou / Grande Halle de la Villette, París (1989, Jean-Hubert Martin)"
47,Christian Boltanski,Praemium Imperiale,,2006,"Praemium Imperiale, escultura (2006)"
49,Monica Bonvicini,Bienal de Estambul,8,2003,"8ª Bienal de Estambul «Poetic Justice» (2003, Dan Cameron)"
49,Monica Bonvicini,Bienal de São Paulo,27,,"27ª Bienal de São Paulo «Como Viver Junto» (2006, Lagnado)"
49,Monica Bonvicini,Bienal de Venecia,,,"Bienal de Venecia 2015 «All the World’s Futures», muestra internacional (Enwezor)"
51,Daniel Boyd,Bienal de Venecia,,,"Bienal de Venecia 2015 «All the World’s Futures», muestra internacional (Enwezor)"
52,Mark Bradford,Bienal de São Paulo,27,,"27ª Bienal de São Paulo «Como Viver Junto» (2006, Lagnado)"
52,Mark Bradford,Whitney Biennial,,,"Whitney Biennial 2006 «Day for Night», Nueva York"
53,Joe Bradley,Whitney Biennial,,,"Whitney Biennial 2008, Nueva York"
55,Lisa Brice,Bienal de La Habana,7,2000,7ª Bienal de La Habana «Uno más cerca del otro» (2000-2001)
55,Lisa Brice,Dak'Art,,2002,"Dak'Art, 5ª Bienal de Dakar (2002)"
56,Marcel Broodthaers,Global Conceptualism,,1999,"Global Conceptualism: Points of Origin 1950s-1980s, Queens Museum, Nueva York (1999, Farver/Camnitzer/Weiss y equipo de once curadores); itinerancia Walker/Miami/MIT List"
57,Cecily Brown,Whitney Biennial,,,"Whitney Biennial 2004, Nueva York"
58,Glenn Brown,Bienal de São Paulo,25,,"25ª Bienal de São Paulo «Iconografias metropolitanas» (2002, Hug)"
58,Glenn Brown,Turner Prize,,2000,Turner Prize (nominación 2000)
59,Tania Bruguera,Artes Mundi,,2012,"Artes Mundi 5, finalista (2012, Cardiff)"
59,Tania Bruguera,Bienal de Estambul,8,2003,"8ª Bienal de Estambul «Poetic Justice» (2003, Dan Cameron)"
59,Tania Bruguera,Bienal de La Habana,7,2000,7ª Bienal de La Habana «Uno más cerca del otro» (2000-2001)
59,Tania Bruguera,Bienal de Venecia,,,"Bienal de Venecia 2015 «All the World’s Futures», muestra internacional (Enwezor)"
59,Tania Bruguera,CIFO Grants & Commissions,,2011,"CIFO Grants & Commissions, premiado/a (2011)"
59,Tania Bruguera,Colección Daros Latinamerica,,,"Colección Daros Latinamerica, Zúrich"
59,Tania Bruguera,Hugo Boss Prize,,2016,"Hugo Boss Prize, finalista (2016)"
59,Tania Bruguera,Premio Velázquez,,2021,Premio Velázquez de las Artes Plásticas (2021)
59,Tania Bruguera,Under the Same Sun,,2014,"Under the Same Sun: Art from Latin America Today, Guggenheim, Nueva York (2014, Pablo León de la Barra)"
59,Tania Bruguera,documenta,,2002,"documenta 11, Kassel (2002)"
60,Kerstin Brätsch,Bienal de Venecia,,,"Bienal de Venecia 2022 «The Milk of Dreams», muestra internacional (Alemani)"
60,Kerstin Brätsch,Whitney Biennial,,,"Whitney Biennial 2017, Nueva York"
60,Kerstin Brätsch,otro,,,"New Museum Triennial 2009 «Younger Than Jesus», Nueva York"
63,Firelei Báez,Artes Mundi,,2021,"Artes Mundi 9, premio compartido por decisión unánime del jurado (2021, Cardiff)"
63,Firelei Báez,Bienal de São Paulo,36,,"36ª Bienal de São Paulo «Nem todo viandante anda estradas» (2025, Ndikung)"
63,Firelei Báez,Bienal de Venecia,,,"Bienal de Venecia 2022 «The Milk of Dreams», muestra internacional (Alemani)"
65,Varda Caivano,Bienal de Venecia,,,"Bienal de Venecia 2013 «Il Palazzo Enciclopedico», muestra internacional (Gioni)"
66,Sophie Calle,Bienal de São Paulo,28,,"28ª Bienal de São Paulo «Em vivo contato» (2008, Mesquita/Cohen)"
66,Sophie Calle,Bienal de Venecia,,,"Bienal de Venecia 2007 «Think with the Senses, Feel with the Mind», muestra internacional (Storr)"
66,Sophie Calle,Praemium Imperiale,,2024,"Praemium Imperiale, pintura (2024)"
70,Gillian Carnegie,Turner Prize,,2005,Turner Prize (nominación 2005)
73,Maurizio Cattelan,Hugo Boss Prize,,2000,"Hugo Boss Prize, finalista (2000)"
73,Maurizio Cattelan,Whitney Biennial,,,"Whitney Biennial 2004, Nueva York"
74,Paul Chan,Bienal de Estambul,10,2007,"10ª Bienal de Estambul «Not Only Possible, But Also Necessary» (2007, Hou Hanru)"
74,Paul Chan,Bienal de Venecia,,,"Bienal de Venecia 2009 «Fare Mondi / Making Worlds», muestra internacional (Birnbaum)"
74,Paul Chan,Hugo Boss Prize,,2014,"Hugo Boss Prize, ganador/a (2014)"
74,Paul Chan,Whitney Biennial,,,"Whitney Biennial 2006 «Day for Night», Nueva York"
74,Paul Chan,documenta,,2012,"documenta 13, Kassel (2012)"
75,Ian Cheng,Bienal de Venecia,,,"Bienal de Venecia 2019 «May You Live in Interesting Times», muestra internacional (Rugoff)"
78,Leidy Churchman,Whitney Biennial,,,"Whitney Biennial 2022 «Quiet as It’s Kept», Nueva York"
79,Tony Cokes,Bienal de São Paulo,34,,"34ª Bienal de São Paulo «Faz escuro mas eu canto» (2021, Crivelli Visconti)"
79,Tony Cokes,Whitney Biennial,,,"Whitney Biennial 2022 «Quiet as It’s Kept», Nueva York"
79,Tony Cokes,Whitney Biennial,,,"Whitney Biennial 2002, Nueva York"
80,Matt Connors,Whitney Biennial,,,"Whitney Biennial 2022 «Quiet as It’s Kept», Nueva York"
82,Martin Creed,Turner Prize,,2001,Turner Prize (premio 2001)
83,Njideka Akunyili Crosby,Bienal de Venecia,,,"Bienal de Venecia 2019 «May You Live in Interesting Times», muestra internacional (Rugoff)"
84,Sarah Crowner,Whitney Biennial,,,"Whitney Biennial 2010, Nueva York"
85,Angela de la Cruz,Turner Prize,,2010,Turner Prize (nominación 2010)
86,John Currin,Whitney Biennial,,,"Whitney Biennial 2000, Nueva York"
90,Dexter Dalwood,Turner Prize,,2010,Turner Prize (nominación 2010)
92,Hanne Darboven,Global Conceptualism,,1999,"Global Conceptualism: Points of Origin 1950s-1980s, Queens Museum, Nueva York (1999, Farver/Camnitzer/Weiss y equipo de once curadores); itinerancia Walker/Miami/MIT List"
92,Hanne Darboven,Information (MoMA 1970),,1970,"Information, The Museum of Modern Art, Nueva York (1970, Kynaston McShine)"
92,Hanne Darboven,When Attitudes Become Form,,1969,"When Attitudes Become Form «Live in Your Head», Kunsthalle Bern (1969, Harald Szeemann)"
92,Hanne Darboven,documenta,,2002,"documenta 11, Kassel (2002)"
94,Ian Davenport,Turner Prize,,1991,Turner Prize (nominación 1991)
95,Noah Davis,otro,,,"cofundador del Underground Museum, Los Ángeles"
96,Verne Dawson,Whitney Biennial,,,"Whitney Biennial 2010, Nueva York"
97,Tacita Dean,Bienal de São Paulo,29,,"29ª Bienal de São Paulo «Há sempre um copo de mar para um homem navegar» (2010, dos Anjos/Farias)"
97,Tacita Dean,Bienal de São Paulo,27,,"27ª Bienal de São Paulo «Como Viver Junto» (2006, Lagnado)"
97,Tacita Dean,Bienal de Venecia,,,"Bienal de Venecia 2013 «Il Palazzo Enciclopedico», muestra internacional (Gioni)"
97,Tacita Dean,Hugo Boss Prize,,2006,"Hugo Boss Prize, ganador/a (2006)"
97,Tacita Dean,Turner Prize,,1998,Turner Prize (nominación 1998)
97,Tacita Dean,documenta,,2012,"documenta 13, Kassel (2012)"
100,Jeremy Deller,Bienal de São Paulo,32,,"32ª Bienal de São Paulo «Incerteza Viva» (2016, Volz)"
100,Jeremy Deller,Bienal de São Paulo,29,,"29ª Bienal de São Paulo «Há sempre um copo de mar para um homem navegar» (2010, dos Anjos/Farias)"
100,Jeremy Deller,Bienal de Venecia,,,"Bienal de Venecia 2015 «All the World’s Futures», muestra internacional (Enwezor)"
100,Jeremy Deller,Turner Prize,,2004,Turner Prize (premio 2004)
101,Thornton Dial,Whitney Biennial,,,"Whitney Biennial 2000, Nueva York"
102,David Diao,Whitney Biennial,,,"Whitney Biennial 2014, Nueva York"
103,DIS,otro,,2016,9.ª Bienal de Berlín (2016)
104,Atul Dodiya,documenta,,2007,"documenta 12, Kassel (2007)"
105,Peter Doig,Praemium Imperiale,,2025,"Praemium Imperiale, pintura (2025)"
105,Peter Doig,Turner Prize,,1994,Turner Prize (nominación 1994)
105,Peter Doig,Whitney Biennial,,,"Whitney Biennial 2006 «Day for Night», Nueva York"
110,Peter Dreher,Bienal de São Paulo,33,,"33ª Bienal de São Paulo «Afinidades afetivas» (2018, Pérez-Barreiro)"
111,Marlene Dumas,Bienal de São Paulo,29,,"29ª Bienal de São Paulo «Há sempre um copo de mar para um homem navegar» (2010, dos Anjos/Farias)"
111,Marlene Dumas,Bienal de Venecia,,,"Bienal de Venecia 2015 «All the World’s Futures», muestra internacional (Enwezor)"
111,Marlene Dumas,Cocido y crudo,,1994,"Cocido y crudo, Museo Reina Sofía, Madrid (1994-1995, Dan Cameron)"
112,Sam Durant,Hugo Boss Prize,,2008,"Hugo Boss Prize, finalista (2008)"
112,Sam Durant,Whitney Biennial,,,"Whitney Biennial 2004, Nueva York"
112,Sam Durant,documenta,,2012,"documenta 13, Kassel (2012)"
116,Maria Eichhorn,Bienal de Estambul,9,2005,"9ª Bienal de Estambul «İstanbul» (2005, Esche/Kortun)"
116,Maria Eichhorn,Bienal de Venecia,,,"Bienal de Venecia 2015 «All the World’s Futures», muestra internacional (Enwezor)"
116,Maria Eichhorn,Cocido y crudo,,1994,"Cocido y crudo, Museo Reina Sofía, Madrid (1994-1995, Dan Cameron)"
116,Maria Eichhorn,documenta,,2017,"documenta 14, Kassel/Atenas (2017)"
116,Maria Eichhorn,documenta,,2002,"documenta 11, Kassel (2002)"
118,Nicole Eisenman,Bienal de Venecia,,,"Bienal de Venecia 2019 «May You Live in Interesting Times», muestra internacional (Rugoff)"
118,Nicole Eisenman,Whitney Biennial,,,"Whitney Biennial 2019, Nueva York"
118,Nicole Eisenman,Whitney Biennial,,,"Whitney Biennial 2012, Nueva York"
119,Ida Ekblad,otro,,,"New Museum Triennial 2009 «Younger Than Jesus», Nueva York"
120,Tracey Emin,Turner Prize,,1999,Turner Prize (nominación 1999)
122,rafa esparza,Whitney Biennial,,,"Whitney Biennial 2017, Nueva York"
123,Inka Essenhigh,Bienal de São Paulo,26,,"26ª Bienal de São Paulo «Território Livre» (2004, Hug)"
124,Jana Euler,Bienal de Venecia,,,"Bienal de Venecia 2022 «The Milk of Dreams», muestra internacional (Alemani)"
125,Valie Export,Bienal de Venecia,,,"Bienal de Venecia 2007 «Think with the Senses, Feel with the Mind», muestra internacional (Storr)"
127,Harun Farocki,Bienal de São Paulo,29,,"29ª Bienal de São Paulo «Há sempre um copo de mar para um homem navegar» (2010, dos Anjos/Farias)"
127,Harun Farocki,Bienal de Venecia,,,"Bienal de Venecia 2013 «Il Palazzo Enciclopedico», muestra internacional (Gioni)"
127,Harun Farocki,documenta,,2007,"documenta 12, Kassel (2007)"
128,Cao Fei,Bienal de Cuenca,13,,"13ª Bienal de Cuenca «Impermanencia» (2016, Cameron)"
128,Cao Fei,Bienal de Cuenca,,2016,"Premio «Piedra de Sal», 13ª Bienal de Cuenca (2016)"
128,Cao Fei,Bienal de Estambul,10,2007,"10ª Bienal de Estambul «Not Only Possible, But Also Necessary» (2007, Hou Hanru)"
128,Cao Fei,Bienal de Sharjah,15,2023,"15ª Bienal de Sharjah «Thinking Historically in the Present» (2023, Hoor Al Qasimi)"
128,Cao Fei,Bienal de Venecia,,,"Bienal de Venecia 2015 «All the World’s Futures», muestra internacional (Enwezor)"
128,Cao Fei,Bienal do Mercosul,9,,"9ª Bienal do Mercosul «Se o clima for favorável» (2013, Hernández Chong Cuy)"
128,Cao Fei,Hugo Boss Prize,,2010,"Hugo Boss Prize, finalista (2010)"
128,Cao Fei,otro,,,"New Museum Triennial 2009 «Younger Than Jesus», Nueva York"
130,Urs Fischer,Whitney Biennial,,,"Whitney Biennial 2006 «Day for Night», Nueva York"
132,Ceal Floyer,Bienal de Venecia,,,"Bienal de Venecia 2009 «Fare Mondi / Making Worlds», muestra internacional (Birnbaum)"
132,Ceal Floyer,Bienal do Mercosul,6,,"6ª Bienal do Mercosul «A Terceira Margem do Rio» (2007, Pérez-Barreiro)"
132,Ceal Floyer,documenta,,2012,"documenta 13, Kassel (2012)"
133,Andrea Fraser,Bienal de São Paulo,34,,"34ª Bienal de São Paulo «Faz escuro mas eu canto» (2021, Crivelli Visconti)"
133,Andrea Fraser,Bienal de São Paulo,24,,"24ª Bienal de São Paulo «Antropofagia», Roteiros (1998, Herkenhoff)"
133,Andrea Fraser,Whitney Biennial,,,"Whitney Biennial 2012, Nueva York"
134,LaToya Ruby Frazier,Whitney Biennial,,,"Whitney Biennial 2012, Nueva York"
134,LaToya Ruby Frazier,otro,,,"New Museum Triennial 2009 «Younger Than Jesus», Nueva York"
135,Bernard Frize,Bienal de São Paulo,30,,"30ª Bienal de São Paulo «A iminência das poéticas» (2012, Pérez-Oramas)"
136,Gabríela Friðriksdóttir,Bienal de Venecia,,,Representó a Islandia en la Bienal de Venecia 2005
137,Yang Fudong,Bienal de Venecia,,,"Bienal de Venecia 2007 «Think with the Senses, Feel with the Mind», muestra internacional (Storr)"
137,Yang Fudong,Dak'Art,,2004,"Dak'Art, 6ª Bienal de Dakar (2004)"
137,Yang Fudong,Hugo Boss Prize,,2004,"Hugo Boss Prize, finalista (2004)"
137,Yang Fudong,documenta,,2002,"documenta 11, Kassel (2002)"
140,Cyprien Gaillard,Bienal de Venecia,,,"Bienal de Venecia 2019 «May You Live in Interesting Times», muestra internacional (Rugoff)"
140,Cyprien Gaillard,otro,,,"New Museum Triennial 2009 «Younger Than Jesus», Nueva York"
141,Ellen Gallagher,Bienal de São Paulo,35,,"35ª Bienal de São Paulo «coreografias do impossível» (2023, Lima/Kilomba/Menezes/Borja-Villel)"
141,Ellen Gallagher,Bienal de Venecia,,,"Bienal de Venecia 2015 «All the World’s Futures», muestra internacional (Enwezor)"
141,Ellen Gallagher,Whitney Biennial,,,"Whitney Biennial 2022 «Quiet as It’s Kept», Nueva York"
141,Ellen Gallagher,Whitney Biennial,,,"Whitney Biennial 2010, Nueva York"
142,Sandra Gamarra,Bienal de Cuenca,16,,"16ª Bienal de Cuenca (2023, Barenblit)"
142,Sandra Gamarra,Bienal de São Paulo,29,,"29ª Bienal de São Paulo «Há sempre um copo de mar para um homem navegar» (2010, dos Anjos/Farias)"
142,Sandra Gamarra,Premio Julius Baer,,2020,"Premio Julius Baer a las artistas latinoamericanas, finalista de la I edición (2020)"
144,Isa Genzken,Bienal de São Paulo,29,,"29ª Bienal de São Paulo «Há sempre um copo de mar para um homem navegar» (2010, dos Anjos/Farias)"
144,Isa Genzken,Bienal de São Paulo,36,,"36ª Bienal de São Paulo «Nem todo viandante anda estradas» (2025, Ndikung)"
144,Isa Genzken,Bienal de Venecia,,,"Bienal de Venecia 2015 «All the World’s Futures», muestra internacional (Enwezor)"
144,Isa Genzken,Nasher Prize,,2019,"Nasher Prize de escultura, laureado/a (2019, Dallas)"
144,Isa Genzken,documenta,,2002,"documenta 11, Kassel (2002)"
145,Apostolos Georgiou,documenta,,2017,"documenta 14, Kassel/Atenas (2017)"
145,Apostolos Georgiou,documenta,,2017,documenta 14 (2017)
148,Nan Goldin,Bienal de São Paulo,29,,"29ª Bienal de São Paulo «Há sempre um copo de mar para um homem navegar» (2010, dos Anjos/Farias)"
148,Nan Goldin,Bienal de Venecia,,,"Bienal de Venecia 2022 «The Milk of Dreams», muestra internacional (Alemani)"
150,Fernanda Gomes,Bienal de São Paulo,30,,"30ª Bienal de São Paulo «A iminência das poéticas» (2012, Pérez-Oramas)"
150,Fernanda Gomes,Colección Cisneros (CPPC),,2019,"Donación CPPC al Museo Reina Sofía, Madrid (2019)"
155,Katharina Grosse,Bienal de Venecia,,,"Bienal de Venecia 2015 «All the World’s Futures», muestra internacional (Enwezor)"
156,Mark Grotjahn,Whitney Biennial,,,"Whitney Biennial 2006 «Day for Night», Nueva York"
157,Wade Guyton,Bienal de Venecia,,,"Bienal de Venecia 2013 «Il Palazzo Enciclopedico», muestra internacional (Gioni)"
157,Wade Guyton,Whitney Biennial,,,"Whitney Biennial 2004, Nueva York"
159,Hassan Hajjaj,Bienal de Sharjah,15,2023,"15ª Bienal de Sharjah «Thinking Historically in the Present» (2023, Hoor Al Qasimi, comisión 30 aniversario)"
160,Fiona Hall,Bienal de Venecia,,,Bienal de Venecia 2015 (Pabellón de Australia)
162,Lawrence Abu Hamdan,Bienal de São Paulo,34,,"34ª Bienal de São Paulo «Faz escuro mas eu canto» (2021, Crivelli Visconti)"
162,Lawrence Abu Hamdan,Bienal de Venecia,,,"Bienal de Venecia 2019 «May You Live in Interesting Times», muestra internacional (Rugoff)"
162,Lawrence Abu Hamdan,Turner Prize,,2019,Turner Prize (premio compartido 2019)
163,David Hammons,Bienal de Sharjah,15,2023,"15ª Bienal de Sharjah «Thinking Historically in the Present» (2023, Hoor Al Qasimi)"
165,N. S. Harsha,Artes Mundi,,2008,"Artes Mundi Prize, ganador/a (2008, Cardiff)"
166,Mona Hatoum,Bienal de Sharjah,15,2023,"15ª Bienal de Sharjah «Thinking Historically in the Present» (2023, Hoor Al Qasimi, comisión 30 aniversario)"
166,Mona Hatoum,Cocido y crudo,,1994,"Cocido y crudo, Museo Reina Sofía, Madrid (1994-1995, Dan Cameron)"
166,Mona Hatoum,Praemium Imperiale,,2019,"Praemium Imperiale, escultura (2019)"
166,Mona Hatoum,Turner Prize,,1995,Turner Prize (nominación 1995)
166,Mona Hatoum,documenta,,2002,"documenta 11, Kassel (2002)"
168,Richard Hawkins,Whitney Biennial,,,"Whitney Biennial 2012, Nueva York"
172,Camille Henrot,Bienal de Venecia,,,"Bienal de Venecia 2013 «Il Palazzo Enciclopedico», muestra internacional (Gioni)"
172,Camille Henrot,Hugo Boss Prize,,2014,"Hugo Boss Prize, finalista (2014)"
172,Camille Henrot,otro,,2013,"León de Plata al participante joven prometedor, Venecia (2013)"
173,Arturo Herrera,Colección Cisneros (CPPC),,2019,"Donación CPPC al Museo Reina Sofía, Madrid (2019)"
173,Arturo Herrera,Whitney Biennial,,,"Whitney Biennial 2002, Nueva York"
175,Federico Herrero,Bienal de La Habana,8,2003,8ª Bienal de La Habana (2003)
175,Federico Herrero,Bienal de Venecia,,,Bienal de Venecia 2001 (León de Oro artista joven)
175,Federico Herrero,CIFO Grants & Commissions,,2008,"CIFO Grants & Commissions, premiado/a (2008)"
175,Federico Herrero,Under the Same Sun,,2014,"Under the Same Sun: Art from Latin America Today, Guggenheim, Nueva York (2014, Pablo León de la Barra)"
176,Charline von Heyl,Bienal de Venecia,,,"Bienal de Venecia 2022 «The Milk of Dreams», muestra internacional (Alemani)"
176,Charline von Heyl,Hugo Boss Prize,,2014,"Hugo Boss Prize, finalista (2014)"
176,Charline von Heyl,Whitney Biennial,,,"Whitney Biennial 2014, Nueva York"
177,Lubaina Himid,Bienal de Sharjah,15,2023,"15ª Bienal de Sharjah «Thinking Historically in the Present» (2023, Hoor Al Qasimi, comisión 30 aniversario)"
177,Lubaina Himid,Turner Prize,,2017,Turner Prize (premio 2017)
178,Roger Hiorns,Bienal de Venecia,,,"Bienal de Venecia 2013 «Il Palazzo Enciclopedico», muestra internacional (Gioni)"
178,Roger Hiorns,Turner Prize,,2009,Turner Prize (nominación 2009)
179,Thomas Hirschhorn,Bienal de São Paulo,27,,"27ª Bienal de São Paulo «Como Viver Junto» (2006, Lagnado)"
179,Thomas Hirschhorn,Bienal de Venecia,,,"Bienal de Venecia 2015 «All the World’s Futures», muestra internacional (Enwezor)"
179,Thomas Hirschhorn,documenta,,2002,"documenta 11, Kassel (2002)"
180,David Hockney,Praemium Imperiale,,1989,"Praemium Imperiale, pintura (1989)"
180,David Hockney,Whitney Biennial,,,"Whitney Biennial 2004, Nueva York"
181,Jenny Holzer,Bienal de Venecia,,,"Bienal de Venecia 2007 «Think with the Senses, Feel with the Mind», muestra internacional (Storr)"
183,Tishan Hsu,Bienal de Gwangju,13,2021,"13ª Bienal de Gwangju «Minds Rising, Spirits Tuning» (2021, Defne Ayas y Natasha Ginwala)"
183,Tishan Hsu,Bienal de Venecia,,,"Bienal de Venecia 2022 «The Milk of Dreams», muestra internacional (Alemani)"
184,Alex Hubbard,Whitney Biennial,,,"Whitney Biennial 2010, Nueva York"
185,Jacqueline Humphries,Bienal de Venecia,,,"Bienal de Venecia 2022 «The Milk of Dreams», muestra internacional (Alemani)"
185,Jacqueline Humphries,Whitney Biennial,,,"Whitney Biennial 2014, Nueva York"
186,Pierre Huyghe,Bienal de La Habana,12,2015,12ª Bienal de La Habana «Entre la idea y la experiencia» (2015)
186,Pierre Huyghe,Bienal de São Paulo,32,,"32ª Bienal de São Paulo «Incerteza Viva» (2016, Volz)"
186,Pierre Huyghe,Hugo Boss Prize,,2002,"Hugo Boss Prize, ganador/a (2002)"
186,Pierre Huyghe,Nasher Prize,,2017,"Nasher Prize de escultura, laureado/a (2017, Dallas)"
186,Pierre Huyghe,Whitney Biennial,,,"Whitney Biennial 2006 «Day for Night», Nueva York"
186,Pierre Huyghe,documenta,,2012,"documenta 13, Kassel (2012)"
186,Pierre Huyghe,documenta,,2002,"documenta 11, Kassel (2002)"
188,Anne Imhof,Bienal de Venecia,,,León de Oro Bienal de Venecia 2017
189,Emily Jacir,Bienal de Estambul,8,2003,"8ª Bienal de Estambul «Poetic Justice» (2003, Dan Cameron)"
189,Emily Jacir,Bienal de São Paulo,29,,"29ª Bienal de São Paulo «Há sempre um copo de mar para um homem navegar» (2010, dos Anjos/Farias)"
189,Emily Jacir,Bienal de Venecia,,,"Bienal de Venecia 2007 «Think with the Senses, Feel with the Mind», muestra internacional (Storr)"
189,Emily Jacir,Bienal de Venecia,,,Bienal de Venecia 2007
189,Emily Jacir,Hugo Boss Prize,,2008,"Hugo Boss Prize, ganador/a (2008)"
189,Emily Jacir,Whitney Biennial,,,"Whitney Biennial 2004, Nueva York"
189,Emily Jacir,otro,,2007,"León de Oro al artista joven, Venecia (2007)"
190,Frieda Toranzo Jaeger,Bienal de Venecia,,,"Bienal de Venecia 2024 «Stranieri Ovunque», muestra internacional (Pedrosa)"
191,Arthur Jafa,Bienal de Venecia,,,"Bienal de Venecia 2019 «May You Live in Interesting Times», muestra internacional (Rugoff)"
191,Arthur Jafa,Whitney Biennial,,,"Whitney Biennial 2000, Nueva York"
191,Arthur Jafa,otro,,2019,"León de Oro al mejor participante, Venecia (2019)"
194,Sergej Jensen,Bienal de São Paulo,26,,"26ª Bienal de São Paulo «Território Livre» (2004, Hug)"
195,Yun-Fei Ji,Whitney Biennial,,,"Whitney Biennial 2002, Nueva York"
195,Yun-Fei Ji,otro,,,Bienal Whitney 2002
197,Magdalena Jitrik,Bienal de Cuenca,16,,"16ª Bienal de Cuenca (2023, Barenblit)"
198,JODI,otro,,2014,Prix Net Art (premio 2014)
200,Chris Johanson,Bienal de Estambul,9,2005,"9ª Bienal de Estambul «İstanbul» (2005, Esche/Kortun)"
200,Chris Johanson,Whitney Biennial,,,"Whitney Biennial 2002, Nueva York"
205,Jamian Juliano-Villani,Bienal de Venecia,,,"Bienal de Venecia 2022 «The Milk of Dreams», muestra internacional (Alemani)"
206,Yishai Jusidman,Colección Daros Latinamerica,,,"Colección Daros Latinamerica, Zúrich"
210,Jitish Kallat,Bienal de La Habana,7,2000,7ª Bienal de La Habana «Uno más cerca del otro» (2000-2001)
213,Amar Kanwar,Bienal de Sharjah,15,2023,"15ª Bienal de Sharjah «Thinking Historically in the Present» (2023, Hoor Al Qasimi, comisión 30 aniversario)"
213,Amar Kanwar,Bienal de Sharjah,15,2023,"Mención especial, 15ª Bienal de Sharjah (2023)"
213,Amar Kanwar,Bienal de São Paulo,29,,"29ª Bienal de São Paulo «Há sempre um copo de mar para um homem navegar» (2010, dos Anjos/Farias)"
213,Amar Kanwar,documenta,,2017,"documenta 14, Kassel/Atenas (2017)"
213,Amar Kanwar,documenta,,2012,"documenta 13, Kassel (2012)"
213,Amar Kanwar,documenta,,2002,"documenta 11, Kassel (2002)"
213,Amar Kanwar,documenta,,2007,"documenta 12, Kassel (2007)"
215,On Kawara,Global Conceptualism,,1999,"Global Conceptualism: Points of Origin 1950s-1980s, Queens Museum, Nueva York (1999, Farver/Camnitzer/Weiss y equipo de once curadores); itinerancia Walker/Miami/MIT List"
215,On Kawara,Information (MoMA 1970),,1970,"Information, The Museum of Modern Art, Nueva York (1970, Kynaston McShine)"
215,On Kawara,Magiciens de la Terre,,1989,"Magiciens de la Terre, Centre Pompidou / Grande Halle de la Villette, París (1989, Jean-Hubert Martin)"
215,On Kawara,documenta,,2002,"documenta 11, Kassel (2002)"
218,Bouchra Khalili,Artes Mundi,,2018,"Artes Mundi 8, finalista (2018-2019, Cardiff)"
218,Bouchra Khalili,Bienal de Sharjah,15,2023,"15ª Bienal de Sharjah «Thinking Historically in the Present» (2023, Hoor Al Qasimi, comisión 30 aniversario)"
218,Bouchra Khalili,Bienal de Sharjah,,2023,Premio de la Bienal de Sharjah (2023)
218,Bouchra Khalili,Bienal de Venecia,,,"Bienal de Venecia 2024 «Stranieri Ovunque», muestra internacional (Pedrosa)"
218,Bouchra Khalili,Bienal de Venecia,,,"Bienal de Venecia 2013 «Il Palazzo Enciclopedico», muestra internacional (Gioni)"
218,Bouchra Khalili,Hugo Boss Prize,,2018,"Hugo Boss Prize, finalista (2018)"
218,Bouchra Khalili,documenta,,2017,"documenta 14, Kassel/Atenas (2017)"
219,Karen Kilimnik,Whitney Biennial,,,"Whitney Biennial 2008, Nueva York"
220,Lee Kit,Bienal de Venecia,,,Bienal de Venecia 2013
221,Ragnar Kjartansson,Bienal de Venecia,,,"Bienal de Venecia 2013 «Il Palazzo Enciclopedico», muestra internacional (Gioni)"
224,Josh Kline,Whitney Biennial,,,"Whitney Biennial 2019, Nueva York"
227,Jutta Koether,Bienal de São Paulo,30,,"30ª Bienal de São Paulo «A iminência das poéticas» (2012, Pérez-Oramas)"
227,Jutta Koether,Whitney Biennial,,,"Whitney Biennial 2012, Nueva York"
227,Jutta Koether,Whitney Biennial,,,"Whitney Biennial 2006 «Day for Night», Nueva York"
234,Alicja Kwade,otro,,2019,"Roof Garden Commission, Met (2019)"
236,Jim Lambie,Turner Prize,,2005,Turner Prize (nominación 2005)
239,"Rugilé Barzdziukaité, Vaiva Grainyté And Lina Lapelyté",Bienal de Venecia,,,Bienal de Venecia 2019 (León de Oro)
239,"Rugilé Barzdziukaité, Vaiva Grainyté And Lina Lapelyté",Bienal de Venecia,,,Bienal de Venecia 2019
241,Louise Lawler,Bienal de São Paulo,33,,"33ª Bienal de São Paulo «Afinidades afetivas» (2018, Pérez-Barreiro)"
241,Louise Lawler,Bienal de Venecia,,,"Bienal de Venecia 2022 «The Milk of Dreams», muestra internacional (Alemani)"
241,Louise Lawler,Whitney Biennial,,,"Whitney Biennial 2000, Nueva York"
241,Louise Lawler,documenta,,2007,"documenta 12, Kassel (2007)"
242,Deana Lawson,Bienal de São Paulo,34,,"34ª Bienal de São Paulo «Faz escuro mas eu canto» (2021, Crivelli Visconti)"
242,Deana Lawson,Hugo Boss Prize,,2020,"Hugo Boss Prize, ganador/a (2020)"
242,Deana Lawson,Whitney Biennial,,,"Whitney Biennial 2017, Nueva York"
243,Carolyn Lazard,Bienal de Venecia,,,"Bienal de Venecia 2022 «The Milk of Dreams», muestra internacional (Alemani)"
243,Carolyn Lazard,Whitney Biennial,,,"Whitney Biennial 2024 «Even Better Than the Real Thing», Nueva York"
243,Carolyn Lazard,Whitney Biennial,,,"Whitney Biennial 2019, Nueva York"
245,Simone Leigh,Bienal de São Paulo,35,,"35ª Bienal de São Paulo «coreografias do impossível» (2023, Lima/Kilomba/Menezes/Borja-Villel)"
245,Simone Leigh,Bienal de Venecia,,,"Bienal de Venecia 2022 «The Milk of Dreams», muestra internacional (Alemani)"
245,Simone Leigh,Hugo Boss Prize,,2018,"Hugo Boss Prize, ganador/a (2018)"
245,Simone Leigh,Whitney Biennial,,,"Whitney Biennial 2019, Nueva York"
245,Simone Leigh,otro,,2022,"León de Oro al mejor participante, Venecia (2022)"
248,Sarah Lucas,Bienal de São Paulo,33,,"33ª Bienal de São Paulo «Afinidades afetivas» (2018, Pérez-Barreiro)"
248,Sarah Lucas,Bienal de Venecia,,,"Bienal de Venecia 2013 «Il Palazzo Enciclopedico», muestra internacional (Gioni)"
249,Cannupa Hanska Luger,Whitney Biennial,,,"Whitney Biennial 2024 «Even Better Than the Real Thing», Nueva York"
252,Tala Madani,Whitney Biennial,,,"Whitney Biennial 2017, Nueva York"
252,Tala Madani,otro,,,"New Museum Triennial 2009 «Younger Than Jesus», Nueva York"
253,Jill Magid,Bienal de Cuenca,16,,"16ª Bienal de Cuenca (2023, Barenblit)"
254,Ibrahim Mahama,Bienal de Sharjah,15,2023,"15ª Bienal de Sharjah «Thinking Historically in the Present» (2023, Hoor Al Qasimi, comisión 30 aniversario)"
254,Ibrahim Mahama,Bienal de Sharjah,15,2023,"Mención especial, 15ª Bienal de Sharjah (2023)"
254,Ibrahim Mahama,Bienal de São Paulo,35,,"35ª Bienal de São Paulo «coreografias do impossível» (2023, Lima/Kilomba/Menezes/Borja-Villel)"
254,Ibrahim Mahama,Bienal de Venecia,,,"Bienal de Venecia 2015 «All the World’s Futures», muestra internacional (Enwezor)"
254,Ibrahim Mahama,Bienal do Mercosul,11,,"11ª Bienal do Mercosul «O Triângulo Atlântico» (2018, Hug/Borghi)"
254,Ibrahim Mahama,documenta,,2017,"documenta 14, Kassel/Atenas (2017)"
255,Nalini Malani,Bienal de Estambul,8,2003,"8ª Bienal de Estambul «Poetic Justice» (2003, Dan Cameron)"
255,Nalini Malani,Bienal de La Habana,7,2000,7ª Bienal de La Habana «Uno más cerca del otro» (2000-2001)
255,Nalini Malani,Bienal de São Paulo,34,,"34ª Bienal de São Paulo «Faz escuro mas eu canto» (2021, Crivelli Visconti)"
255,Nalini Malani,Bienal de Venecia,,,"Bienal de Venecia 2007 «Think with the Senses, Feel with the Mind», muestra internacional (Storr)"
255,Nalini Malani,documenta,,2012,"documenta 13, Kassel (2012)"
255,Nalini Malani,documenta,,2012,documenta 13 (2012)
256,Victor Man,Bienal de Venecia,,,"Bienal de Venecia 2015 «All the World’s Futures», muestra internacional (Enwezor)"
257,Britta Marakatt-Labba,Bienal de Venecia,,,"Bienal de Venecia 2022 «The Milk of Dreams», muestra internacional (Alemani)"
257,Britta Marakatt-Labba,documenta,,2017,"documenta 14, Kassel/Atenas (2017)"
258,Fabián Marcaccio,Bienal de La Habana,8,2003,8ª Bienal de La Habana (2003)
258,Fabián Marcaccio,Colección Cisneros (CPPC),,2019,"Donación CPPC al Museo Reina Sofía, Madrid (2019)"
258,Fabián Marcaccio,Colección Daros Latinamerica,,,"Colección Daros Latinamerica, Zúrich"
258,Fabián Marcaccio,documenta,,2002,"documenta 11, Kassel (2002)"
259,Christian Marclay,Bienal de Venecia,,,"Bienal de Venecia 2019 «May You Live in Interesting Times», muestra internacional (Rugoff)"
259,Christian Marclay,Whitney Biennial,,,"Whitney Biennial 2002, Nueva York"
260,Marepe,Bienal de Estambul,8,2003,"8ª Bienal de Estambul «Poetic Justice» (2003, Dan Cameron)"
260,Marepe,Bienal de São Paulo,27,,"27ª Bienal de São Paulo «Como Viver Junto» (2006, Lagnado)"
261,Teresa Margolles,Artes Mundi,,2012,"Artes Mundi Prize, ganador/a (2012, Cardiff)"
261,Teresa Margolles,Bienal de Cuenca,16,,"16ª Bienal de Cuenca (2023, Barenblit)"
261,Teresa Margolles,Bienal de Venecia,,,"Bienal de Venecia 2024 «Stranieri Ovunque», muestra internacional (Pedrosa)"
261,Teresa Margolles,Bienal de Venecia,,,"Bienal de Venecia 2019 «May You Live in Interesting Times», muestra internacional (Rugoff)"
261,Teresa Margolles,Colección Daros Latinamerica,,,"Colección Daros Latinamerica, Zúrich"
261,Teresa Margolles,Hugo Boss Prize,,2018,"Hugo Boss Prize, finalista (2018)"
262,Kerry James Marshall,Bienal de Gwangju,7,2008,"7ª Bienal de Gwangju «Annual Report: A Year in Exhibitions» (2008, Okwui Enwezor)"
262,Kerry James Marshall,Bienal de Sharjah,15,2023,"15ª Bienal de Sharjah «Thinking Historically in the Present» (2023, Hoor Al Qasimi, comisión 30 aniversario)"
262,Kerry James Marshall,Bienal de Venecia,,,"Bienal de Venecia 2015 «All the World’s Futures», muestra internacional (Enwezor)"
262,Kerry James Marshall,documenta,,2007,"documenta 12, Kassel (2007)"
264,Daniel Joseph Martinez,CIFO Grants & Commissions,,2017,"CIFO Grants & Commissions, premiado/a (2017)"
264,Daniel Joseph Martinez,Whitney Biennial,,,"Whitney Biennial 2022 «Quiet as It’s Kept», Nueva York"
269,Park McArthur,Bienal de São Paulo,32,,"32ª Bienal de São Paulo «Incerteza Viva» (2016, Volz)"
269,Park McArthur,Whitney Biennial,,,"Whitney Biennial 2017, Nueva York"
270,Paul McCarthy,Bienal de Venecia,,,"Bienal de Venecia 2013 «Il Palazzo Enciclopedico», muestra internacional (Gioni)"
270,Paul McCarthy,Cocido y crudo,,1994,"Cocido y crudo, Museo Reina Sofía, Madrid (1994-1995, Dan Cameron)"
270,Paul McCarthy,Whitney Biennial,,,"Whitney Biennial 2004, Nueva York"
271,Suzanne McClelland,Whitney Biennial,,,"Whitney Biennial 2014, Nueva York"
272,Tiona Nekkia McClodden,Whitney Biennial,,,"Whitney Biennial 2019, Nueva York"
276,Steve McQueen,Bienal de Sharjah,15,2023,"15ª Bienal de Sharjah «Thinking Historically in the Present» (2023, Hoor Al Qasimi, comisión 30 aniversario)"
276,Steve McQueen,Bienal de São Paulo,29,,"29ª Bienal de São Paulo «Há sempre um copo de mar para um homem navegar» (2010, dos Anjos/Farias)"
276,Steve McQueen,Bienal de Venecia,,,"Bienal de Venecia 2015 «All the World’s Futures», muestra internacional (Enwezor)"
276,Steve McQueen,Bienal de Venecia,,,"Bienal de Venecia 2013 «Il Palazzo Enciclopedico», muestra internacional (Gioni)"
276,Steve McQueen,Bienal de Venecia,,,"Bienal de Venecia 2007 «Think with the Senses, Feel with the Mind», muestra internacional (Storr)"
276,Steve McQueen,Bienal do Mercosul,6,,"6ª Bienal do Mercosul «A Terceira Margem do Rio» (2007, Pérez-Barreiro)"
276,Steve McQueen,Hugo Boss Prize,,2014,"Hugo Boss Prize, finalista (2014)"
276,Steve McQueen,Turner Prize,,1999,Turner Prize (premio 1999)
276,Steve McQueen,documenta,,2002,"documenta 11, Kassel (2002)"
278,Julie Mehretu,Bienal de Estambul,8,2003,"8ª Bienal de Estambul «Poetic Justice» (2003, Dan Cameron)"
278,Julie Mehretu,Bienal de São Paulo,26,,"26ª Bienal de São Paulo «Território Livre» (2004, Hug)"
278,Julie Mehretu,Bienal de Venecia,,,"Bienal de Venecia 2019 «May You Live in Interesting Times», muestra internacional (Rugoff)"
278,Julie Mehretu,Whitney Biennial,,,"Whitney Biennial 2004, Nueva York"
278,Julie Mehretu,documenta,,2012,"documenta 13, Kassel (2012)"
280,Ana Mendieta,Ante América,,1992,"Ante América, Biblioteca Luis Ángel Arango, Bogotá (1992, Mosquera/Ponce de León/Weiss)"
280,Ana Mendieta,Colección Daros Latinamerica,,,"Colección Daros Latinamerica, Zúrich"
280,Ana Mendieta,Radical Women,,2017,"Radical Women: Latin American Art 1960-1985, Hammer Museum (2017, Fajardo-Hill/Giunta); itinerancia Brooklyn Museum y Pinacoteca de São Paulo (2018)"
281,Prabhavathi Meppayil,Bienal de Venecia,,,"Bienal de Venecia 2013 «Il Palazzo Enciclopedico», muestra internacional (Gioni)"
282,Beatriz Milhazes,Bienal do Mercosul,10,,"10ª Bienal do Mercosul «Mensagens de uma Nova América» (2015, Fidelis)"
291,Delcy Morelos,Bienal de La Habana,6,1997,6ª Bienal de La Habana «El individuo y su memoria» (1997)
291,Delcy Morelos,Bienal de Venecia,,,"Bienal de Venecia 2022 «The Milk of Dreams», muestra internacional (Alemani)"
292,Antonio Ballester Moreno,Bienal de São Paulo,33,,"33ª Bienal de São Paulo «Afinidades afetivas» (2018, Pérez-Barreiro)"
299,Zanele Muholi,Bienal de São Paulo,29,,"29ª Bienal de São Paulo «Há sempre um copo de mar para um homem navegar» (2010, dos Anjos/Farias)"
299,Zanele Muholi,Bienal de Venecia,,,"Bienal de Venecia 2024 «Stranieri Ovunque», muestra internacional (Pedrosa) (Disobedience Archive)"
299,Zanele Muholi,Bienal de Venecia,,,"Bienal de Venecia 2019 «May You Live in Interesting Times», muestra internacional (Rugoff)"
299,Zanele Muholi,Bienal do Mercosul,11,,"11ª Bienal do Mercosul «O Triângulo Atlântico» (2018, Hug/Borghi)"
299,Zanele Muholi,documenta,,2012,"documenta 13, Kassel (2012)"
300,Muntean/Rosenblum,Bienal de São Paulo,26,,"26ª Bienal de São Paulo «Território Livre» (2004, Hug)"
301,Takashi Murakami,Cities on the Move,,1997,"Cities on the Move, Secession, Viena (1997, Hou Hanru y Hans Ulrich Obrist); itinerancia Burdeos, PS1, Louisiana, Hayward, Kiasma y Bangkok (1997-1999)"
302,Oscar Murillo,Bienal de São Paulo,36,,"36ª Bienal de São Paulo «Nem todo viandante anda estradas» (2025, Ndikung)"
302,Oscar Murillo,Bienal de Venecia,,,"Bienal de Venecia 2015 «All the World’s Futures», muestra internacional (Enwezor)"
302,Oscar Murillo,Turner Prize,,2019,Turner Prize (premio compartido 2019)
303,Wangechi Mutu,Bienal de Sharjah,15,2023,"15ª Bienal de Sharjah «Thinking Historically in the Present» (2023, Hoor Al Qasimi, comisión 30 aniversario)"
303,Wangechi Mutu,Bienal de Venecia,,,"Bienal de Venecia 2015 «All the World’s Futures», muestra internacional (Enwezor)"
303,Wangechi Mutu,Whitney Biennial,,,"Whitney Biennial 2019, Nueva York"
304,Ulrike Müller,Bienal de Venecia,,,"Bienal de Venecia 2019 «May You Live in Interesting Times», muestra internacional (Rugoff)"
304,Ulrike Müller,Whitney Biennial,,,"Whitney Biennial 2017, Nueva York"
307,Bruce Nauman,Bienal de São Paulo,33,,"33ª Bienal de São Paulo «Afinidades afetivas» (2018, Pérez-Barreiro)"
307,Bruce Nauman,Bienal de Venecia,,,"Bienal de Venecia 2015 «All the World’s Futures», muestra internacional (Enwezor)"
307,Bruce Nauman,Bienal de Venecia,,,"Bienal de Venecia 2013 «Il Palazzo Enciclopedico», muestra internacional (Gioni)"
307,Bruce Nauman,Bienal de Venecia,,,"Bienal de Venecia 2007 «Think with the Senses, Feel with the Mind», muestra internacional (Storr)"
307,Bruce Nauman,Praemium Imperiale,,2004,"Praemium Imperiale, escultura (2004)"
307,Bruce Nauman,When Attitudes Become Form,,1969,"When Attitudes Become Form «Live in Your Head», Kunsthalle Bern (1969, Harald Szeemann)"
308,Paulo Nazareth,Bienal de São Paulo,34,,"34ª Bienal de São Paulo «Faz escuro mas eu canto» (2021, Crivelli Visconti)"
310,Shirin Neshat,Bienal de Gwangju,7,2008,"7ª Bienal de Gwangju «Annual Report: A Year in Exhibitions» (2008, Okwui Enwezor)"
310,Shirin Neshat,Bienal de La Habana,12,2015,12ª Bienal de La Habana «Entre la idea y la experiencia» (2015)
310,Shirin Neshat,Bienal de La Habana,9,2006,9ª Bienal de La Habana «Dinámicas de la cultura urbana» (2006)
310,Shirin Neshat,Praemium Imperiale,,2017,"Praemium Imperiale, pintura (2017)"
310,Shirin Neshat,Whitney Biennial,,,"Whitney Biennial 2000, Nueva York"
310,Shirin Neshat,documenta,,2002,"documenta 11, Kassel (2002)"
313,Aliza Nisenbaum,Whitney Biennial,,,"Whitney Biennial 2017, Nueva York"
315,Otobong Nkanga,Artes Mundi,,2018,"Artes Mundi 8, finalista (2018-2019, Cardiff)"
315,Otobong Nkanga,Bienal de La Habana,8,2003,8ª Bienal de La Habana (2003)
315,Otobong Nkanga,Bienal de São Paulo,31,,"31ª Bienal de São Paulo «Como falar de coisas que não existem» (2014, Esche)"
315,Otobong Nkanga,Bienal de São Paulo,29,,"29ª Bienal de São Paulo «Há sempre um copo de mar para um homem navegar» (2010, dos Anjos/Farias)"
315,Otobong Nkanga,Bienal de São Paulo,36,,"36ª Bienal de São Paulo «Nem todo viandante anda estradas» (2025, Ndikung)"
315,Otobong Nkanga,Bienal de Venecia,,,"Bienal de Venecia 2019 «May You Live in Interesting Times», muestra internacional (Rugoff)"
315,Otobong Nkanga,Dak'Art,,2002,"Dak'Art, 5ª Bienal de Dakar (2002)"
315,Otobong Nkanga,Nasher Prize,,2025,"Nasher Prize de escultura, laureado/a (2025, Dallas)"
315,Otobong Nkanga,documenta,,2017,"documenta 14, Kassel/Atenas (2017)"
319,Odili Donald Odita,Bienal de Venecia,,,"Bienal de Venecia 2007 «Think with the Senses, Feel with the Mind», muestra internacional (Storr)"
319,Odili Donald Odita,Bienal de Venecia,,,Bienal de Venecia 2007
319,Odili Donald Odita,Dak'Art,,2004,"Dak'Art, 6ª Bienal de Dakar (2004)"
320,Chris Ofili,Bienal de Venecia,,,"Bienal de Venecia 2015 «All the World’s Futures», muestra internacional (Enwezor)"
320,Chris Ofili,Turner Prize,,1998,Turner Prize (premio 1998)
321,Precious Okoyomon,Bienal de São Paulo,36,,"36ª Bienal de São Paulo «Nem todo viandante anda estradas» (2025, Ndikung)"
321,Precious Okoyomon,Bienal de Venecia,,,"Bienal de Venecia 2022 «The Milk of Dreams», muestra internacional (Alemani)"
322,Éder Oliveira,Bienal de São Paulo,,,Bienal de São Paulo 2014
322,Éder Oliveira,Bienal de São Paulo,31,,"31ª Bienal de São Paulo «Como falar de coisas que não existem» (2014, Esche)"
324,Catherine Opie,Bienal de São Paulo,26,,"26ª Bienal de São Paulo «Território Livre» (2004, Hug)"
324,Catherine Opie,Whitney Biennial,,,"Whitney Biennial 2004, Nueva York"
325,New Red Order,Bienal do Mercosul,14,,"14ª Bienal do Mercosul «Estalo» (2025, Fonseca)"
325,New Red Order,otro,,,Bienal Whitney 2019
326,Gabriel Orozco,Bienal de La Habana,11,2012,11ª Bienal de La Habana «Prácticas artísticas e imaginarios sociales» (2012)
326,Gabriel Orozco,Cocido y crudo,,1994,"Cocido y crudo, Museo Reina Sofía, Madrid (1994-1995, Dan Cameron)"
326,Gabriel Orozco,Under the Same Sun,,2014,"Under the Same Sun: Art from Latin America Today, Guggenheim, Nueva York (2014, Pablo León de la Barra)"
326,Gabriel Orozco,documenta,,2002,"documenta 11, Kassel (2002)"
329,Silke Otto-Knapp,Bienal de Estambul,9,2005,"9ª Bienal de Estambul «İstanbul» (2005, Esche/Kortun)"
329,Silke Otto-Knapp,Bienal de São Paulo,34,,"34ª Bienal de São Paulo «Faz escuro mas eu canto» (2021, Crivelli Visconti)"
329,Silke Otto-Knapp,otro,,,fallecida 2022
330,Laura Owens,Hugo Boss Prize,,2016,"Hugo Boss Prize, finalista (2016)"
330,Laura Owens,Whitney Biennial,,,"Whitney Biennial 2014, Nueva York"
330,Laura Owens,Whitney Biennial,,,"Whitney Biennial 2004, Nueva York"
332,Bruno Pacheco,Bienal de São Paulo,31,,"31ª Bienal de São Paulo «Como falar de coisas que não existem» (2014, Esche)"
333,Nam June Paik,Magiciens de la Terre,,1989,"Magiciens de la Terre, Centre Pompidou / Grande Halle de la Villette, París (1989, Jean-Hubert Martin)"
334,Cornelia Parker,Turner Prize,,1997,Turner Prize (nominación 1997)
336,Grayson Perry,Turner Prize,,2003,Turner Prize (premio 2003)
337,Sondra Perry,Bienal de Venecia,,,"Bienal de Venecia 2022 «The Milk of Dreams», muestra internacional (Alemani)"
338,Alessandro Pessoli,Bienal de Venecia,,,"Bienal de Venecia 2009 «Fare Mondi / Making Worlds», muestra internacional (Birnbaum)"
340,Elizabeth Peyton,Whitney Biennial,,,"Whitney Biennial 2004, Nueva York"
341,Paul Pfeiffer,Whitney Biennial,,,"Whitney Biennial 2000, Nueva York"
341,Paul Pfeiffer,otro,,2000,Premio Bucksbaum (premio 2000)
343,Johannes Phokela,Bienal de Venecia,,,Bienal de Venecia 2013
345,Adrian Piper,Bienal de São Paulo,29,,"29ª Bienal de São Paulo «Há sempre um copo de mar para um homem navegar» (2010, dos Anjos/Farias)"
345,Adrian Piper,Bienal de Venecia,,,"Bienal de Venecia 2015 «All the World’s Futures», muestra internacional (Enwezor)"
345,Adrian Piper,Global Conceptualism,,1999,"Global Conceptualism: Points of Origin 1950s-1980s, Queens Museum, Nueva York (1999, Farver/Camnitzer/Weiss y equipo de once curadores); itinerancia Walker/Miami/MIT List"
345,Adrian Piper,Information (MoMA 1970),,1970,"Information, The Museum of Modern Art, Nueva York (1970, Kynaston McShine)"
345,Adrian Piper,documenta,,2002,"documenta 11, Kassel (2002)"
345,Adrian Piper,otro,,2015,"León de Oro al mejor participante, Venecia (2015)"
346,Annie Pootoogook,documenta,,2007,"documenta 12, Kassel (2007)"
346,Annie Pootoogook,documenta,,2007,"documenta 12 (2007), fallecida 2016"
347,Pope.L,Bienal de São Paulo,32,,"32ª Bienal de São Paulo «Incerteza Viva» (2016, Volz)"
347,Pope.L,Whitney Biennial,,,"Whitney Biennial 2002, Nueva York"
351,Richard Prince,Whitney Biennial,,,"Whitney Biennial 2004, Nueva York"
352,Charlotte Prodger,Turner Prize,,2018,Turner Prize (premio 2018)
353,Laure Prouvost,Bienal de São Paulo,36,,"36ª Bienal de São Paulo «Nem todo viandante anda estradas» (2025, Ndikung)"
353,Laure Prouvost,Turner Prize,,2013,Turner Prize (premio 2013)
356,Puppies Puppies,Bienal de Venecia,,,"Bienal de Venecia 2024 «Stranieri Ovunque», muestra internacional (Pedrosa)"
356,Puppies Puppies,Whitney Biennial,,,"Whitney Biennial 2017, Nueva York"
359,R. H. Quaytman,Whitney Biennial,,,"Whitney Biennial 2010, Nueva York"
359,R. H. Quaytman,documenta,,2017,"documenta 14, Kassel/Atenas (2017)"
360,Imran Qureshi,Bienal de Venecia,,,"Bienal de Venecia 2013 «Il Palazzo Enciclopedico», muestra internacional (Gioni)"
362,Walid Raad,Bienal de São Paulo,31,,"31ª Bienal de São Paulo «Como falar de coisas que não existem» (2014, Esche)"
362,Walid Raad,Bienal do Mercosul,6,,"6ª Bienal do Mercosul «A Terceira Margem do Rio» (2007, Pérez-Barreiro)"
362,Walid Raad,Hugo Boss Prize,,2010,"Hugo Boss Prize, finalista (2010)"
362,Walid Raad,Whitney Biennial,,,"Whitney Biennial 2002, Nueva York"
362,Walid Raad,Whitney Biennial,,,"Whitney Biennial 2000, Nueva York"
362,Walid Raad,documenta,,2012,"documenta 13, Kassel (2012)"
362,Walid Raad,documenta,,2002,"documenta 11, Kassel (2002)"
363,Michael Raedecker,Turner Prize,,2000,Turner Prize (nominación 2000)
364,Michael Rakowitz,Bienal de Estambul,10,2007,"10ª Bienal de Estambul «Not Only Possible, But Also Necessary» (2007, Hou Hanru)"
364,Michael Rakowitz,Bienal de Sharjah,15,2023,"15ª Bienal de Sharjah «Thinking Historically in the Present» (2023, Hoor Al Qasimi)"
364,Michael Rakowitz,Nasher Prize,,2020,"Nasher Prize de escultura, laureado/a (2020-2021, Dallas)"
364,Michael Rakowitz,documenta,,2012,"documenta 13, Kassel (2012)"
366,Neo Rauch,Bienal de São Paulo,26,,"26ª Bienal de São Paulo «Território Livre» (2004, Hug)"
368,Asad Raza,Whitney Biennial,,,"Whitney Biennial 2017, Nueva York"
371,Tobias Rehberger,Bienal de Venecia,,,"Bienal de Venecia 2009 «Fare Mondi / Making Worlds», muestra internacional (Birnbaum)"
371,Tobias Rehberger,otro,,2009,"León de Oro al mejor participante, Venecia (2009)"
373,Marina Rheingantz,Bienal de Gwangju,15,2024,"15ª Bienal de Gwangju «Pansori, a soundscape of the 21st century» (2024, Nicolas Bourriaud)"
373,Marina Rheingantz,Bienal do Mercosul,14,,"14ª Bienal do Mercosul «Estalo» (2025, Fonseca)"
375,Gerhard Richter,Bienal de Venecia,,,"Bienal de Venecia 2007 «Think with the Senses, Feel with the Mind», muestra internacional (Storr)"
375,Gerhard Richter,Global Conceptualism,,1999,"Global Conceptualism: Points of Origin 1950s-1980s, Queens Museum, Nueva York (1999, Farver/Camnitzer/Weiss y equipo de once curadores); itinerancia Walker/Miami/MIT List"
375,Gerhard Richter,Praemium Imperiale,,1997,"Praemium Imperiale, pintura (1997)"
375,Gerhard Richter,documenta,,2007,"documenta 12, Kassel (2007)"
376,Pipilotti Rist,Hugo Boss Prize,,1998,"Hugo Boss Prize, finalista (1998)"
377,Matthew Ritchie,Bienal de São Paulo,26,,"26ª Bienal de São Paulo «Território Livre» (2004, Hug)"
382,Mika Rottenberg,Bienal de Venecia,,,"Bienal de Venecia 2015 «All the World’s Futures», muestra internacional (Enwezor)"
382,Mika Rottenberg,Whitney Biennial,,,"Whitney Biennial 2008, Nueva York"
383,Cameron Rowland,Bienal de São Paulo,33,,"33ª Bienal de São Paulo «Afinidades afetivas» (2018, Pérez-Barreiro)"
383,Cameron Rowland,Whitney Biennial,,,"Whitney Biennial 2017, Nueva York"
384,Sterling Ruby,Whitney Biennial,,,"Whitney Biennial 2014, Nueva York"
386,Doris Salcedo,Ante América,,1992,"Ante América, Biblioteca Luis Ángel Arango, Bogotá (1992, Mosquera/Ponce de León/Weiss)"
386,Doris Salcedo,Bienal de Estambul,8,2003,"8ª Bienal de Estambul «Poetic Justice» (2003, Dan Cameron)"
386,Doris Salcedo,Bienal de Sharjah,15,2023,"15ª Bienal de Sharjah «Thinking Historically in the Present» (2023, Hoor Al Qasimi, comisión 30 aniversario)"
386,Doris Salcedo,Bienal de Sharjah,,2023,Premio de la Bienal de Sharjah (2023)
386,Doris Salcedo,Cocido y crudo,,1994,"Cocido y crudo, Museo Reina Sofía, Madrid (1994-1995, Dan Cameron)"
386,Doris Salcedo,Colección Daros Latinamerica,,,"Colección Daros Latinamerica, Zúrich"
386,Doris Salcedo,Nasher Prize,,2016,"Nasher Prize de escultura, laureado/a (2016, Dallas)"
386,Doris Salcedo,Praemium Imperiale,,2024,"Praemium Imperiale, escultura (2024)"
386,Doris Salcedo,Premio Velázquez,,2010,Premio Velázquez de las Artes Plásticas (2010)
386,Doris Salcedo,documenta,,2002,"documenta 11, Kassel (2002)"
387,Wilhelm Sasnal,Bienal de São Paulo,31,,"31ª Bienal de São Paulo «Como falar de coisas que não existem» (2014, Esche)"
387,Wilhelm Sasnal,Bienal de São Paulo,26,,"26ª Bienal de São Paulo «Território Livre» (2004, Hug)"
389,Șerban Savu,Bienal de Venecia,,,Bienal de Venecia 2024
390,Thomas Scheibitz,Bienal de São Paulo,26,,"26ª Bienal de São Paulo «Território Livre» (2004, Hug)"
393,Gregor Schneider,Bienal de Venecia,,,Bienal de Venecia 2001
395,Dana Schutz,Whitney Biennial,,,"Whitney Biennial 2017, Nueva York"
396,Sean Scully,Bienal de São Paulo,25,,"25ª Bienal de São Paulo «Iconografias metropolitanas» (2002, Hug)"
396,Sean Scully,Turner Prize,,1989,Turner Prize (nominación 1989)
396,Sean Scully,Turner Prize,,1993,Turner Prize (nominación 1993)
397,Tino Sehgal,Bienal de La Habana,12,2015,12ª Bienal de La Habana «Entre la idea y la experiencia» (2015)
397,Tino Sehgal,Bienal de Venecia,,,"Bienal de Venecia 2013 «Il Palazzo Enciclopedico», muestra internacional (Gioni)"
397,Tino Sehgal,Hugo Boss Prize,,2006,"Hugo Boss Prize, finalista (2006)"
397,Tino Sehgal,Turner Prize,,2013,Turner Prize (nominación 2013)
397,Tino Sehgal,documenta,,2012,"documenta 13, Kassel (2012)"
397,Tino Sehgal,otro,,2013,"León de Oro al mejor participante, Venecia (2013)"
399,George Shaw,Turner Prize,,2011,Turner Prize (nominación 2011)
402,Yinka Shonibare,Bienal de Gwangju,7,2008,"7ª Bienal de Gwangju «Annual Report: A Year in Exhibitions» (2008, Okwui Enwezor)"
402,Yinka Shonibare,Bienal de Sharjah,15,2023,"15ª Bienal de Sharjah «Thinking Historically in the Present» (2023, Hoor Al Qasimi, comisión 30 aniversario)"
402,Yinka Shonibare,Bienal de Venecia,,,"Bienal de Venecia 2024 «Stranieri Ovunque», muestra internacional (Pedrosa)"
402,Yinka Shonibare,The Short Century,,2001,"The Short Century: Independence and Liberation Movements in Africa 1945-1994, Villa Stuck, Múnich (2001, Okwui Enwezor); itinerancia Berlín/Chicago/PS1-MoMA (2001-2002)"
402,Yinka Shonibare,Turner Prize,,2004,Turner Prize (nominación 2004)
402,Yinka Shonibare,documenta,,2002,"documenta 11, Kassel (2002)"
405,Shahzia Sikander,Bienal de Estambul,8,2003,"8ª Bienal de Estambul «Poetic Justice» (2003, Dan Cameron)"
406,Amy Sillman,Bienal de Venecia,,,"Bienal de Venecia 2022 «The Milk of Dreams», muestra internacional (Alemani)"
406,Amy Sillman,Whitney Biennial,,,"Whitney Biennial 2014, Nueva York"
406,Amy Sillman,Whitney Biennial,,,"Whitney Biennial 2004, Nueva York"
407,Michael Simpson,otro,,2016,John Moores Painting Prize (premio 2016)
408,Avery Singer,Bienal de Venecia,,,"Bienal de Venecia 2019 «May You Live in Interesting Times», muestra internacional (Rugoff)"
409,Arpita Singh,Bienal de Gwangju,13,2021,"13ª Bienal de Gwangju «Minds Rising, Spirits Tuning» (2021, Defne Ayas y Natasha Ginwala)"
413,Josh Smith,otro,,,"New Museum Triennial 2009 «Younger Than Jesus», Nueva York"
414,Kiki Smith,Cocido y crudo,,1994,"Cocido y crudo, Museo Reina Sofía, Madrid (1994-1995, Dan Cameron)"
414,Kiki Smith,Whitney Biennial,,,"Whitney Biennial 2002, Nueva York"
417,Hito Steyerl,Bienal de São Paulo,32,,"32ª Bienal de São Paulo «Incerteza Viva» (2016, Volz)"
417,Hito Steyerl,Bienal de Venecia,,,"Bienal de Venecia 2024 «Stranieri Ovunque», muestra internacional (Pedrosa) (Disobedience Archive)"
417,Hito Steyerl,Bienal de Venecia,,,"Bienal de Venecia 2019 «May You Live in Interesting Times», muestra internacional (Rugoff)"
417,Hito Steyerl,Bienal de Venecia,,,"Bienal de Venecia 2013 «Il Palazzo Enciclopedico», muestra internacional (Gioni)"
417,Hito Steyerl,documenta,,2007,"documenta 12, Kassel (2007)"
418,Christine Streuli,Bienal de Venecia,,,Bienal de Venecia 2007
419,Hiroshi Sugimoto,Praemium Imperiale,,2009,"Praemium Imperiale, pintura (2009)"
420,Hiroshi Sugito,Bienal de Estambul,8,2003,"8ª Bienal de Estambul «Poetic Justice» (2003, Dan Cameron)"
422,Sarah Sze,Bienal de Venecia,,,"Bienal de Venecia 2015 «All the World’s Futures», muestra internacional (Enwezor)"
422,Sarah Sze,Cities on the Move,,1997,"Cities on the Move, Secession, Viena (1997, Hou Hanru y Hans Ulrich Obrist); itinerancia Burdeos, PS1, Louisiana, Hayward, Kiasma y Bangkok (1997-1999)"
422,Sarah Sze,Whitney Biennial,,,"Whitney Biennial 2000, Nueva York"
424,Mika Tajima,Whitney Biennial,,,"Whitney Biennial 2008, Nueva York"
426,Maria Taniguchi,Bienal de Venecia,,,"Bienal de Venecia 2024 «Stranieri Ovunque», muestra internacional (Pedrosa)"
428,Henry Taylor,Bienal de Venecia,,,"Bienal de Venecia 2019 «May You Live in Interesting Times», muestra internacional (Rugoff)"
428,Henry Taylor,Whitney Biennial,,,"Whitney Biennial 2017, Nueva York"
430,Torey Thornton,Whitney Biennial,,,"Whitney Biennial 2017, Nueva York"
432,Zhou Tiehai,Cities on the Move,,1997,"Cities on the Move, Secession, Viena (1997, Hou Hanru y Hans Ulrich Obrist); itinerancia Burdeos, PS1, Louisiana, Hayward, Kiasma y Bangkok (1997-1999)"
433,Wolfgang Tillmans,Bienal de São Paulo,36,,"36ª Bienal de São Paulo «Nem todo viandante anda estradas» (2025, Ndikung)"
433,Wolfgang Tillmans,Bienal de Venecia,,,"Bienal de Venecia 2009 «Fare Mondi / Making Worlds», muestra internacional (Birnbaum)"
433,Wolfgang Tillmans,Turner Prize,,2000,Turner Prize (premio 2000)
436,Fred Tomaselli,Whitney Biennial,,,"Whitney Biennial 2004, Nueva York"
437,Ryan Trecartin,Bienal de Venecia,,,"Bienal de Venecia 2013 «Il Palazzo Enciclopedico», muestra internacional (Gioni)"
437,Ryan Trecartin,Whitney Biennial,,,"Whitney Biennial 2006 «Day for Night», Nueva York"
437,Ryan Trecartin,otro,,,"New Museum Triennial 2009 «Younger Than Jesus», Nueva York"
438,Rosemarie Trockel,Bienal de Venecia,,,"Bienal de Venecia 2022 «The Milk of Dreams», muestra internacional (Alemani)"
438,Rosemarie Trockel,Bienal de Venecia,,,"Bienal de Venecia 2019 «May You Live in Interesting Times», muestra internacional (Rugoff)"
438,Rosemarie Trockel,Bienal de Venecia,,,"Bienal de Venecia 2013 «Il Palazzo Enciclopedico», muestra internacional (Gioni)"
438,Rosemarie Trockel,documenta,,2012,"documenta 13, Kassel (2012)"
439,Wu Tsang,Bienal de Venecia,,,"Bienal de Venecia 2022 «The Milk of Dreams», muestra internacional (Alemani)"
439,Wu Tsang,Hugo Boss Prize,,2018,"Hugo Boss Prize, finalista (2018)"
439,Wu Tsang,Whitney Biennial,,,"Whitney Biennial 2012, Nueva York"
440,Luc Tuymans,documenta,,2002,"documenta 11, Kassel (2002)"
442,Lesley Vance,Whitney Biennial,,,"Whitney Biennial 2010, Nueva York"
443,Adriana Varejão,Bienal do Mercosul,1,,"1ª Bienal do Mercosul (1997, Porto Alegre)"
443,Adriana Varejão,Bienal do Mercosul,10,,"10ª Bienal do Mercosul «Mensagens de uma Nova América» (2015, Fidelis)"
446,Cecilia Vicuña,Bienal de Gwangju,13,2021,"13ª Bienal de Gwangju «Minds Rising, Spirits Tuning» (2021, Defne Ayas y Natasha Ginwala)"
446,Cecilia Vicuña,Bienal de Venecia,,,"Bienal de Venecia 2022 «The Milk of Dreams», muestra internacional (Alemani)"
446,Cecilia Vicuña,CIFO Grants & Commissions,,2019,"CIFO Grants & Commissions, premiado/a (2019)"
446,Cecilia Vicuña,Hugo Boss Prize,,2020,"Hugo Boss Prize, finalista (2020)"
446,Cecilia Vicuña,Premio Velázquez,,2019,Premio Velázquez de las Artes Plásticas (2019)
446,Cecilia Vicuña,Radical Women,,2017,"Radical Women: Latin American Art 1960-1985, Hammer Museum (2017, Fajardo-Hill/Giunta); itinerancia Brooklyn Museum y Pinacoteca de São Paulo (2018)"
446,Cecilia Vicuña,documenta,,2017,"documenta 14, Kassel/Atenas (2017)"
446,Cecilia Vicuña,otro,,2022,"León de Oro a la trayectoria, Venecia (2022)"
447,Vladimir Dubossarsky & Alexander Vinogradov,Bienal de Venecia,,,Bienal de Venecia 2009 (Pabellón de Rusia)
448,Danh Vo,Bienal de Venecia,,,"Bienal de Venecia 2019 «May You Live in Interesting Times», muestra internacional (Rugoff)"
448,Danh Vo,Bienal de Venecia,,,"Bienal de Venecia 2013 «Il Palazzo Enciclopedico», muestra internacional (Gioni)"
448,Danh Vo,Hugo Boss Prize,,2012,"Hugo Boss Prize, ganador/a (2012)"
449,Kelley Walker,Whitney Biennial,,,"Whitney Biennial 2006 «Day for Night», Nueva York"
451,Kara Walker,Artes Mundi,,2004,"Artes Mundi 1, finalista (2004, Cardiff)"
451,Kara Walker,Bienal de Venecia,,,"Bienal de Venecia 2007 «Think with the Senses, Feel with the Mind», muestra internacional (Storr)"
454,Carrie Mae Weems,Artes Mundi,,2021,"Artes Mundi 9, premio compartido por decisión unánime del jurado (2021, Cardiff)"
454,Carrie Mae Weems,Bienal de Gwangju,7,2008,"7ª Bienal de Gwangju «Annual Report: A Year in Exhibitions» (2008, Okwui Enwezor)"
454,Carrie Mae Weems,Bienal de Sharjah,15,2023,"15ª Bienal de Sharjah «Thinking Historically in the Present» (2023, Hoor Al Qasimi, comisión 30 aniversario)"
455,Liu Wei,Bienal de Venecia,,,"Bienal de Venecia 2019 «May You Live in Interesting Times», muestra internacional (Rugoff)"
457,Ai Weiwei,Bienal de São Paulo,29,,"29ª Bienal de São Paulo «Há sempre um copo de mar para um homem navegar» (2010, dos Anjos/Farias)"
457,Ai Weiwei,Praemium Imperiale,,2022,"Praemium Imperiale, escultura (2022)"
457,Ai Weiwei,documenta,,2007,"documenta 12, Kassel (2007)"
457,Ai Weiwei,documenta,,2007,documenta 12 (2007)
460,Rachel Whiteread,Turner Prize,,1991,Turner Prize (nominación 1991)
460,Rachel Whiteread,Turner Prize,,1993,Turner Prize (premio 1993)
461,Stanley Whitney,documenta,,2017,"documenta 14, Kassel/Atenas (2017)"
462,Jack Whitten,Bienal de Venecia,,,"Bienal de Venecia 2013 «Il Palazzo Enciclopedico», muestra internacional (Gioni)"
464,Christopher Williams,Bienal de Venecia,,,"Bienal de Venecia 2013 «Il Palazzo Enciclopedico», muestra internacional (Gioni)"
464,Christopher Williams,Whitney Biennial,,,"Whitney Biennial 2006 «Day for Night», Nueva York"
467,Richard Wright,Turner Prize,,2009,Turner Prize (premio 2009)
472,Santiago Yahuarcani,Bienal de Venecia,,,"Bienal de Venecia 2024 «Stranieri Ovunque», muestra internacional (Pedrosa)"
472,Santiago Yahuarcani,Bienal do Mercosul,14,,"14ª Bienal do Mercosul «Estalo» (2025, Fonseca)"
475,Anicka Yi,Bienal de Venecia,,,"Bienal de Venecia 2019 «May You Live in Interesting Times», muestra internacional (Rugoff)"
475,Anicka Yi,Hugo Boss Prize,,2016,"Hugo Boss Prize, ganador/a (2016)"
475,Anicka Yi,Whitney Biennial,,,"Whitney Biennial 2017, Nueva York"
476,Lynette Yiadom-Boakye,Bienal de Venecia,,,"Bienal de Venecia 2013 «Il Palazzo Enciclopedico», muestra internacional (Gioni)"
476,Lynette Yiadom-Boakye,Turner Prize,,2013,Turner Prize (nominación 2013)
477,Liang Yuanwei,Bienal de Venecia,,,Bienal de Venecia 2011
478,Lisa Yuskavage,Whitney Biennial,,,"Whitney Biennial 2000, Nueva York"
479,Luiz Zerbini,Bienal de La Habana,7,2000,7ª Bienal de La Habana «Uno más cerca del otro» (2000-2001)
479,Luiz Zerbini,Bienal de São Paulo,,2010,Bienal de São Paulo (2010)
479,Luiz Zerbini,Bienal de São Paulo,29,,"29ª Bienal de São Paulo «Há sempre um copo de mar para um homem navegar» (2010, dos Anjos/Farias)"
480,Jakub Julian Ziółkowski,Bienal de Venecia,,,"Bienal de Venecia 2013 «Il Palazzo Enciclopedico», muestra internacional (Gioni)"
480,Jakub Julian Ziółkowski,otro,,,"New Museum Triennial 2009 «Younger Than Jesus», Nueva York"
481,Ciudad Abierta,Bienal de São Paulo,30,,"30ª Bienal de São Paulo «A iminência das poéticas» (2012, Pérez-Oramas)"
481,Ciudad Abierta,documenta,,2017,"documenta 14, Kassel/Atenas (2017)"
481,Ciudad Abierta,documenta,,2017,documenta 14 (2017)
482,Abounaddara,Bienal de Venecia,,,"Bienal de Venecia 2015 «All the World’s Futures», muestra internacional (Enwezor)"
482,Abounaddara,documenta,,2017,"documenta 14, Kassel/Atenas (2017)"
482,Abounaddara,documenta,,2017,documenta 14 (2017)
483,Akinbode Akinbiyi,Bienal de São Paulo,36,,"36ª Bienal de São Paulo «Nem todo viandante anda estradas» (2025, Ndikung)"
483,Akinbode Akinbiyi,documenta,,2017,"documenta 14, Kassel/Atenas (2017)"
483,Akinbode Akinbiyi,documenta,,2017,documenta 14 (2017)
484,Nevin Aladağ,documenta,,2017,"documenta 14, Kassel/Atenas (2017)"
485,Daniel García Andújar,documenta,,2017,"documenta 14, Kassel/Atenas (2017)"
485,Daniel García Andújar,documenta,,2017,documenta 14 (2017)
486,Danai Anesiadou,documenta,,2017,"documenta 14, Kassel/Atenas (2017)"
486,Danai Anesiadou,documenta,,2017,documenta 14 (2017)
487,Andreas Angelidakis,documenta,,2017,"documenta 14, Kassel/Atenas (2017)"
487,Andreas Angelidakis,documenta,,2017,documenta 14 (2017)
488,Aristide Antonas,documenta,,2017,"documenta 14, Kassel/Atenas (2017)"
488,Aristide Antonas,documenta,,2017,documenta 14 (2017)
489,Rasheed Araeen,Magiciens de la Terre,,1989,"Magiciens de la Terre, Centre Pompidou / Grande Halle de la Villette, París (1989, Jean-Hubert Martin)"
489,Rasheed Araeen,documenta,,2017,"documenta 14, Kassel/Atenas (2017)"
490,Arika,Turner Prize,,2020,Turner Bursary (2020)
491,Assemble,Turner Prize,,2015,Turner Prize (premio 2015)
492,Michel Auder,Whitney Biennial,,,"Whitney Biennial 2014, Nueva York"
492,Michel Auder,documenta,,2017,"documenta 14, Kassel/Atenas (2017)"
493,Alexandra Bachzetsis,documenta,,2017,"documenta 14, Kassel/Atenas (2017)"
493,Alexandra Bachzetsis,documenta,,2012,"documenta 13, Kassel (2012)"
493,Alexandra Bachzetsis,documenta,,2017,documenta 14 (2017)
494,Nairy Baghramian,Bienal de Venecia,,,"Bienal de Venecia 2019 «May You Live in Interesting Times», muestra internacional (Rugoff)"
494,Nairy Baghramian,Hugo Boss Prize,,2020,"Hugo Boss Prize, finalista (2020)"
494,Nairy Baghramian,Nasher Prize,,2022,"Nasher Prize de escultura, laureado/a (2022, Dallas)"
494,Nairy Baghramian,documenta,,2017,"documenta 14, Kassel/Atenas (2017)"
495,Marie Cool Fabio Balducci,documenta,,2017,"documenta 14, Kassel/Atenas (2017)"
496,Sammy Baloji,Bienal de Sharjah,15,2023,"15ª Bienal de Sharjah «Thinking Historically in the Present» (2023, Hoor Al Qasimi, comisión 30 aniversario)"
496,Sammy Baloji,Bienal de São Paulo,35,,"35ª Bienal de São Paulo «coreografias do impossível» (2023, Lima/Kilomba/Menezes/Borja-Villel)"
496,Sammy Baloji,Bienal de Venecia,,,"Bienal de Venecia 2015 «All the World’s Futures», muestra internacional (Enwezor)"
496,Sammy Baloji,Dak'Art,,,"Dak'Art, 15ª Bienal de Dakar «The Wake» (2024, Salimata Diop)"
496,Sammy Baloji,documenta,,2017,"documenta 14, Kassel/Atenas (2017)"
497,Arben Basha,documenta,,2017,"documenta 14, Kassel/Atenas (2017)"
497,Arben Basha,documenta,,2017,documenta 14 (2017)
498,Rebecca Belmore,Whitney Biennial,,,"Whitney Biennial 2022 «Quiet as It’s Kept», Nueva York"
498,Rebecca Belmore,documenta,,2017,"documenta 14, Kassel/Atenas (2017)"
499,Sokol Beqiri,documenta,,2017,"documenta 14, Kassel/Atenas (2017)"
499,Sokol Beqiri,documenta,,2017,documenta 14 (2017)
500,Roger Bernat,Bienal de São Paulo,34,,"34ª Bienal de São Paulo «Faz escuro mas eu canto» (2021, Crivelli Visconti)"
500,Roger Bernat,documenta,,2017,"documenta 14, Kassel/Atenas (2017)"
500,Roger Bernat,documenta,,2017,documenta 14 (2017)
501,Bili Bidjocka,documenta,,2017,"documenta 14, Kassel/Atenas (2017)"
502,Wang Bing,documenta,,2017,"documenta 14, Kassel/Atenas (2017)"
502,Wang Bing,documenta,,2017,documenta 14 (2017)
503,Ross Birrell,documenta,,2017,"documenta 14, Kassel/Atenas (2017)"
503,Ross Birrell,documenta,,2017,documenta 14 (2017)
504,Llambi Blido,documenta,,2017,"documenta 14, Kassel/Atenas (2017)"
504,Llambi Blido,documenta,,2017,documenta 14 (2017)
505,Nomin Bold,documenta,,2017,"documenta 14, Kassel/Atenas (2017)"
505,Nomin Bold,documenta,,2017,documenta 14 (2017)
506,Martin Boyce,Turner Prize,,2011,Turner Prize (premio 2011)
507,Pavel Brăila,documenta,,2017,"documenta 14, Kassel/Atenas (2017)"
507,Pavel Brăila,documenta,,2002,"documenta 11, Kassel (2002)"
507,Pavel Brăila,documenta,,2002,documenta 11 (2002)
508,Geta Brătescu,Bienal de Venecia,,,"Bienal de Venecia 2013 «Il Palazzo Enciclopedico», muestra internacional (Gioni)"
508,Geta Brătescu,documenta,,2017,"documenta 14, Kassel/Atenas (2017)"
509,Miriam Cahn,Bienal de Venecia,,,"Bienal de Venecia 2022 «The Milk of Dreams», muestra internacional (Alemani)"
509,Miriam Cahn,documenta,,2017,"documenta 14, Kassel/Atenas (2017)"
510,Lucien Castaing-Taylor,Whitney Biennial,,,"Whitney Biennial 2014, Nueva York"
510,Lucien Castaing-Taylor,documenta,,2017,"documenta 14, Kassel/Atenas (2017)"
511,Vija Celmins,Praemium Imperiale,,2023,"Praemium Imperiale, pintura (2023)"
511,Vija Celmins,Whitney Biennial,,,"Whitney Biennial 2002, Nueva York"
511,Vija Celmins,documenta,,2017,"documenta 14, Kassel/Atenas (2017)"
512,Banu Cennetoğlu,Bienal de Estambul,10,2007,"10ª Bienal de Estambul «Not Only Possible, But Also Necessary» (2007, Hou Hanru)"
512,Banu Cennetoğlu,documenta,,2017,"documenta 14, Kassel/Atenas (2017)"
512,Banu Cennetoğlu,documenta,,2017,documenta 14 (2017)
513,Panos Charalambous,documenta,,2017,"documenta 14, Kassel/Atenas (2017)"
513,Panos Charalambous,documenta,,2017,documenta 14 (2017)
514,Nikhil Chopra,Bienal de Venecia,,,"Bienal de Venecia 2009 «Fare Mondi / Making Worlds», muestra internacional (Birnbaum)"
514,Nikhil Chopra,documenta,,2017,"documenta 14, Kassel/Atenas (2017)"
515,Nathan Coley,Turner Prize,,2007,Turner Prize (nominación 2007)
516,iQhiya Collective,documenta,,2017,"documenta 14, Kassel/Atenas (2017)"
516,iQhiya Collective,documenta,,2017,documenta 14 (2017)
517,Mata Aho Collective,documenta,,2017,"documenta 14, Kassel/Atenas (2017)"
517,Mata Aho Collective,documenta,,2017,documenta 14 (2017)
518,Array Collective,Turner Prize,,2021,Turner Prize (premio 2021)
519,Jesse Darling,Bienal de Venecia,,,"Bienal de Venecia 2019 «May You Live in Interesting Times», muestra internacional (Rugoff)"
519,Jesse Darling,Turner Prize,,2023,Turner Prize (premio 2023)
520,Anna Daučíková,documenta,,2017,"documenta 14, Kassel/Atenas (2017)"
520,Anna Daučíková,documenta,,2017,documenta 14 (2017)
521,Moyra Davey,Bienal de São Paulo,30,,"30ª Bienal de São Paulo «A iminência das poéticas» (2012, Pérez-Oramas)"
521,Moyra Davey,Whitney Biennial,,,"Whitney Biennial 2012, Nueva York"
521,Moyra Davey,documenta,,2017,"documenta 14, Kassel/Atenas (2017)"
522,Enrico David,Bienal de Venecia,,,"Bienal de Venecia 2013 «Il Palazzo Enciclopedico», muestra internacional (Gioni)"
522,Enrico David,Turner Prize,,2009,Turner Prize (nominación 2009)
523,Yael Davids,documenta,,2017,"documenta 14, Kassel/Atenas (2017)"
523,Yael Davids,documenta,,2017,documenta 14 (2017)
524,Agnes Denes,Bienal de Venecia,,,"Bienal de Venecia 2022 «The Milk of Dreams», muestra internacional (Alemani)"
524,Agnes Denes,documenta,,2017,"documenta 14, Kassel/Atenas (2017)"
525,Manthia Diawara,Bienal de Sharjah,15,2023,"15ª Bienal de Sharjah «Thinking Historically in the Present» (2023, Hoor Al Qasimi, comisión 30 aniversario)"
525,Manthia Diawara,Bienal de São Paulo,34,,"34ª Bienal de São Paulo «Faz escuro mas eu canto» (2021, Crivelli Visconti)"
525,Manthia Diawara,documenta,,2017,"documenta 14, Kassel/Atenas (2017)"
525,Manthia Diawara,documenta,,2017,documenta 14 (2017)
526,Hans Eijkelboom,Bienal de São Paulo,30,,"30ª Bienal de São Paulo «A iminência das poéticas» (2012, Pérez-Oramas)"
526,Hans Eijkelboom,documenta,,2017,"documenta 14, Kassel/Atenas (2017)"
526,Hans Eijkelboom,documenta,,2017,documenta 14 (2017)
527,Niño de Elche,Bienal de São Paulo,35,,"35ª Bienal de São Paulo «coreografias do impossível» (2023, Lima/Kilomba/Menezes/Borja-Villel)"
527,Niño de Elche,documenta,,2017,"documenta 14, Kassel/Atenas (2017)"
527,Niño de Elche,documenta,,2017,documenta 14 (2017)
528,Bonita Ely,documenta,,2017,"documenta 14, Kassel/Atenas (2017)"
528,Bonita Ely,documenta,,2017,documenta 14 (2017)
529,Theo Eshetu,Bienal de Gwangju,13,2021,"13ª Bienal de Gwangju «Minds Rising, Spirits Tuning» (2021, Defne Ayas y Natasha Ginwala)"
529,Theo Eshetu,Bienal de São Paulo,36,,"36ª Bienal de São Paulo «Nem todo viandante anda estradas» (2025, Ndikung)"
529,Theo Eshetu,documenta,,2017,"documenta 14, Kassel/Atenas (2017)"
529,Theo Eshetu,documenta,,2017,documenta 14 (2017)
530,Aboubakar Fofana,documenta,,2017,"documenta 14, Kassel/Atenas (2017)"
530,Aboubakar Fofana,documenta,,2017,documenta 14 (2017)
531,Peter Friedl,Bienal de São Paulo,28,,"28ª Bienal de São Paulo «Em vivo contato» (2008, Mesquita/Cohen)"
531,Peter Friedl,Bienal de Venecia,,,"Bienal de Venecia 2015 «All the World’s Futures», muestra internacional (Enwezor)"
531,Peter Friedl,documenta,,2017,"documenta 14, Kassel/Atenas (2017)"
531,Peter Friedl,documenta,,2007,"documenta 12, Kassel (2007)"
532,Guillermo Galindo,documenta,,2017,"documenta 14, Kassel/Atenas (2017)"
532,Guillermo Galindo,documenta,,2017,documenta 14 (2017)
533,Regina José Galindo,Bienal de Venecia,,,Bienal de Venecia 2005 (León de Oro)
533,Regina José Galindo,CIFO Grants & Commissions,,2006,"CIFO Grants & Commissions, premiado/a (2006)"
533,Regina José Galindo,Colección Cisneros (CPPC),,2018,"Donación CPPC al MoMA, Contemporary Gift (2018)"
533,Regina José Galindo,Colección Daros Latinamerica,,,"Colección Daros Latinamerica, Zúrich"
533,Regina José Galindo,Under the Same Sun,,2014,"Under the Same Sun: Art from Latin America Today, Guggenheim, Nueva York (2014, Pablo León de la Barra)"
533,Regina José Galindo,documenta,,2017,"documenta 14, Kassel/Atenas (2017)"
534,Israel Galván,Bienal de São Paulo,28,,"28ª Bienal de São Paulo «Em vivo contato» (2008, Mesquita/Cohen)"
534,Israel Galván,documenta,,2017,"documenta 14, Kassel/Atenas (2017)"
534,Israel Galván,documenta,,2017,documenta 14 (2017)
535,Pélagie Gbaguidi,Bienal de São Paulo,36,,"36ª Bienal de São Paulo «Nem todo viandante anda estradas» (2025, Ndikung)"
535,Pélagie Gbaguidi,Dak'Art,,2004,"Dak'Art, 6ª Bienal de Dakar (2004)"
535,Pélagie Gbaguidi,documenta,,2017,"documenta 14, Kassel/Atenas (2017)"
535,Pélagie Gbaguidi,documenta,,2017,documenta 14 (2017)
536,Gentle/Radical,Turner Prize,,2021,Turner Prize (nominación 2021)
537,Prinz Gholam,documenta,,2017,"documenta 14, Kassel/Atenas (2017)"
537,Prinz Gholam,documenta,,2017,documenta 14 (2017)
538,Yervant Gianikian,documenta,,2017,"documenta 14, Kassel/Atenas (2017)"
539,Gauri Gill,Bienal de Venecia,,,"Bienal de Venecia 2019 «May You Live in Interesting Times», muestra internacional (Rugoff)"
539,Gauri Gill,documenta,,2017,"documenta 14, Kassel/Atenas (2017)"
540,Marina Gioti,documenta,,2017,"documenta 14, Kassel/Atenas (2017)"
540,Marina Gioti,documenta,,2017,documenta 14 (2017)
541,Beatriz González,Ante América,,1992,"Ante América, Biblioteca Luis Ángel Arango, Bogotá (1992, Mosquera/Ponce de León/Weiss)"
541,Beatriz González,Bienal do Mercosul,6,,"6ª Bienal do Mercosul «A Terceira Margem do Rio» (2007, Pérez-Barreiro)"
541,Beatriz González,Radical Women,,2017,"Radical Women: Latin American Art 1960-1985, Hammer Museum (2017, Fajardo-Hill/Giunta); itinerancia Brooklyn Museum y Pinacoteca de São Paulo (2018)"
541,Beatriz González,documenta,,2017,"documenta 14, Kassel/Atenas (2017)"
542,Douglas Gordon,Bienal de São Paulo,29,,"29ª Bienal de São Paulo «Há sempre um copo de mar para um homem navegar» (2010, dos Anjos/Farias)"
542,Douglas Gordon,Hugo Boss Prize,,1998,"Hugo Boss Prize, ganador/a (1998)"
542,Douglas Gordon,Turner Prize,,1996,Turner Prize (premio 1996)
542,Douglas Gordon,documenta,,2017,"documenta 14, Kassel/Atenas (2017)"
543,Sámi Artist Group,documenta,,2017,"documenta 14, Kassel/Atenas (2017)"
543,Sámi Artist Group,documenta,,2017,documenta 14 (2017)
544,The Otolith Group,documenta,,2012,"documenta 13, Kassel (2012)"
545,Hans Haacke,Bienal de Venecia,,,"Bienal de Venecia 2015 «All the World’s Futures», muestra internacional (Enwezor)"
545,Hans Haacke,Global Conceptualism,,1999,"Global Conceptualism: Points of Origin 1950s-1980s, Queens Museum, Nueva York (1999, Farver/Camnitzer/Weiss y equipo de once curadores); itinerancia Walker/Miami/MIT List"
545,Hans Haacke,Magiciens de la Terre,,1989,"Magiciens de la Terre, Centre Pompidou / Grande Halle de la Villette, París (1989, Jean-Hubert Martin)"
545,Hans Haacke,When Attitudes Become Form,,1969,"When Attitudes Become Form «Live in Your Head», Kunsthalle Bern (1969, Harald Szeemann)"
545,Hans Haacke,Whitney Biennial,,,"Whitney Biennial 2000, Nueva York"
545,Hans Haacke,documenta,,2017,"documenta 14, Kassel/Atenas (2017)"
546,Constantinos Hadzinikolaou,documenta,,2017,"documenta 14, Kassel/Atenas (2017)"
546,Constantinos Hadzinikolaou,documenta,,2017,documenta 14 (2017)
547,Irena Haiduk,Whitney Biennial,,,"Whitney Biennial 2017, Nueva York"
547,Irena Haiduk,documenta,,2017,"documenta 14, Kassel/Atenas (2017)"
547,Irena Haiduk,documenta,,2017,documenta 14 (2017)
548,Ganesh Haloi,documenta,,2017,"documenta 14, Kassel/Atenas (2017)"
548,Ganesh Haloi,documenta,,2017,documenta 14 (2017)
549,Anna Halprin,documenta,,2017,"documenta 14, Kassel/Atenas (2017)"
549,Anna Halprin,documenta,,2017,documenta 14 (2017)
549,Anna Halprin,otro,,,fallecida 2021
550,Dale Harding,documenta,,2017,"documenta 14, Kassel/Atenas (2017)"
550,Dale Harding,documenta,,2017,documenta 14 (2017)
551,David Harding,documenta,,2017,"documenta 14, Kassel/Atenas (2017)"
551,David Harding,documenta,,2017,"documenta 14 (2017), fallecido 2026"
552,Maria Hassabi,documenta,,2017,"documenta 14, Kassel/Atenas (2017)"
552,Maria Hassabi,documenta,,2017,documenta 14 (2017)
553,Edi Hila,documenta,,2017,"documenta 14, Kassel/Atenas (2017)"
554,Susan Hiller,Bienal de La Habana,7,2000,7ª Bienal de La Habana «Uno más cerca del otro» (2000-2001)
554,Susan Hiller,documenta,,2017,"documenta 14, Kassel/Atenas (2017)"
554,Susan Hiller,documenta,,2012,"documenta 13, Kassel (2012)"
555,Damien Hirst,Cocido y crudo,,1994,"Cocido y crudo, Museo Reina Sofía, Madrid (1994-1995, Dan Cameron)"
555,Damien Hirst,Turner Prize,,1992,Turner Prize (nominación 1992)
555,Damien Hirst,Turner Prize,,1995,Turner Prize (premio 1995)
556,Howard Hodgkin,Turner Prize,,1985,Turner Prize (premio 1985)
557,Olaf Holzapfel,documenta,,2017,"documenta 14, Kassel/Atenas (2017)"
557,Olaf Holzapfel,documenta,,2017,documenta 14 (2017)
558,Gordon Hookey,documenta,,2017,"documenta 14, Kassel/Atenas (2017)"
558,Gordon Hookey,documenta,,2017,documenta 14 (2017)
559,Runa Islam,Bienal de Estambul,8,2003,"8ª Bienal de Estambul «Poetic Justice» (2003, Dan Cameron)"
559,Runa Islam,Bienal de São Paulo,29,,"29ª Bienal de São Paulo «Há sempre um copo de mar para um homem navegar» (2010, dos Anjos/Farias)"
559,Runa Islam,Turner Prize,,2008,Turner Prize (nominación 2008)
560,Sanja Iveković,Bienal de Estambul,10,2007,"10ª Bienal de Estambul «Not Only Possible, But Also Necessary» (2007, Hou Hanru)"
560,Sanja Iveković,documenta,,2017,"documenta 14, Kassel/Atenas (2017)"
560,Sanja Iveković,documenta,,2012,"documenta 13, Kassel (2012)"
560,Sanja Iveković,documenta,,2002,"documenta 11, Kassel (2002)"
560,Sanja Iveković,documenta,,2007,"documenta 12, Kassel (2007)"
561,Hiwa K,Bienal de Venecia,,,"Bienal de Venecia 2015 «All the World’s Futures», muestra internacional (Enwezor)"
561,Hiwa K,documenta,,2017,"documenta 14, Kassel/Atenas (2017)"
562,Nnena Kalu,Turner Prize,,2025,Turner Prize (premio 2025)
563,Romuald Karmakar,documenta,,2017,"documenta 14, Kassel/Atenas (2017)"
563,Romuald Karmakar,documenta,,2017,documenta 14 (2017)
564,Andreas Ragnar Kassapis,documenta,,2017,"documenta 14, Kassel/Atenas (2017)"
564,Andreas Ragnar Kassapis,documenta,,2017,documenta 14 (2017)
565,Anton Kats,documenta,,2017,"documenta 14, Kassel/Atenas (2017)"
565,Anton Kats,documenta,,2017,documenta 14 (2017)
566,Daniel Knorr,documenta,,2017,"documenta 14, Kassel/Atenas (2017)"
566,Daniel Knorr,documenta,,2017,documenta 14 (2017)
567,Katalin Ladik,documenta,,2017,"documenta 14, Kassel/Atenas (2017)"
567,Katalin Ladik,documenta,,2017,documenta 14 (2017)
568,David Lamelas,Bienal de São Paulo,29,,"29ª Bienal de São Paulo «Há sempre um copo de mar para um homem navegar» (2010, dos Anjos/Farias)"
568,David Lamelas,CIFO Grants & Commissions,,2011,"CIFO Grants & Commissions, premiado/a (2011)"
568,David Lamelas,Colección Cisneros (CPPC),,2018,"Donación CPPC al MoMA, Contemporary Gift (2018)"
568,David Lamelas,Global Conceptualism,,1999,"Global Conceptualism: Points of Origin 1950s-1980s, Queens Museum, Nueva York (1999, Farver/Camnitzer/Weiss y equipo de once curadores); itinerancia Walker/Miami/MIT List"
568,David Lamelas,Under the Same Sun,,2014,"Under the Same Sun: Art from Latin America Today, Guggenheim, Nueva York (2014, Pablo León de la Barra)"
568,David Lamelas,documenta,,2017,"documenta 14, Kassel/Atenas (2017)"
569,Gerhard Lang,documenta,,2017,"documenta 14, Kassel/Atenas (2017)"
569,Gerhard Lang,documenta,,2017,documenta 14 (2017)
570,Mark Leckey,Bienal de Venecia,,,"Bienal de Venecia 2013 «Il Palazzo Enciclopedico», muestra internacional (Gioni)"
570,Mark Leckey,Hugo Boss Prize,,2016,"Hugo Boss Prize, finalista (2016)"
570,Mark Leckey,Turner Prize,,2008,Turner Prize (premio 2008)
571,Rick Lowe,Whitney Biennial,,,"Whitney Biennial 2022 «Quiet as It’s Kept», Nueva York"
571,Rick Lowe,documenta,,2017,"documenta 14, Kassel/Atenas (2017)"
572,Angela Ricci Lucchi,documenta,,2017,"documenta 14, Kassel/Atenas (2017)"
572,Angela Ricci Lucchi,documenta,,2017,"documenta 14 (2017), fallecida 2018"
573,Alvin Lucier,documenta,,2017,"documenta 14, Kassel/Atenas (2017)"
574,Gym Lumbera,documenta,,2017,"documenta 14, Kassel/Atenas (2017)"
575,Antonio Vega Macotela,CIFO Grants & Commissions,,2011,"CIFO Grants & Commissions, premiado/a (2011)"
575,Antonio Vega Macotela,documenta,,2017,"documenta 14, Kassel/Atenas (2017)"
575,Antonio Vega Macotela,documenta,,2017,documenta 14 (2017)
576,Goshka Macuga,Bienal de São Paulo,27,,"27ª Bienal de São Paulo «Como Viver Junto» (2006, Lagnado)"
576,Goshka Macuga,Bienal de Venecia,,,"Bienal de Venecia 2009 «Fare Mondi / Making Worlds», muestra internacional (Birnbaum)"
576,Goshka Macuga,Turner Prize,,2008,Turner Prize (nominación 2008)
576,Goshka Macuga,documenta,,2012,"documenta 13, Kassel (2012)"
577,Narimane Mari,documenta,,2017,"documenta 14, Kassel/Atenas (2017)"
577,Narimane Mari,documenta,,2017,documenta 14 (2017)
578,Helen Marten,Bienal de Venecia,,,"Bienal de Venecia 2015 «All the World’s Futures», muestra internacional (Enwezor)"
578,Helen Marten,Bienal de Venecia,,,"Bienal de Venecia 2013 «Il Palazzo Enciclopedico», muestra internacional (Gioni)"
578,Helen Marten,Turner Prize,,2016,Turner Prize (premio 2016)
579,Hans Ragnar Mathisen,documenta,,2017,"documenta 14, Kassel/Atenas (2017)"
579,Hans Ragnar Mathisen,documenta,,2017,documenta 14 (2017)
580,Danny Matthys,documenta,,2017,"documenta 14, Kassel/Atenas (2017)"
580,Danny Matthys,documenta,,2017,documenta 14 (2017)
581,Mattin,documenta,,2017,"documenta 14, Kassel/Atenas (2017)"
581,Mattin,documenta,,2017,documenta 14 (2017)
582,Joaquín Orellana Mejía,documenta,,2017,"documenta 14, Kassel/Atenas (2017)"
582,Joaquín Orellana Mejía,documenta,,2017,documenta 14 (2017)
583,Jonas Mekas,Bienal de São Paulo,29,,"29ª Bienal de São Paulo «Há sempre um copo de mar para um homem navegar» (2010, dos Anjos/Farias)"
583,Jonas Mekas,Whitney Biennial,,,"Whitney Biennial 2004, Nueva York"
583,Jonas Mekas,documenta,,2017,"documenta 14, Kassel/Atenas (2017)"
583,Jonas Mekas,documenta,,2002,"documenta 11, Kassel (2002)"
584,Angela Melitopoulos,Bienal de Gwangju,13,2021,"13ª Bienal de Gwangju «Minds Rising, Spirits Tuning» (2021, Defne Ayas y Natasha Ginwala)"
584,Angela Melitopoulos,Bienal de Venecia,,,"Bienal de Venecia 2024 «Stranieri Ovunque», muestra internacional (Pedrosa) (Disobedience Archive)"
584,Angela Melitopoulos,documenta,,2017,"documenta 14, Kassel/Atenas (2017)"
584,Angela Melitopoulos,documenta,,2017,documenta 14 (2017)
585,Phia Ménard,documenta,,2017,"documenta 14, Kassel/Atenas (2017)"
585,Phia Ménard,documenta,,2017,documenta 14 (2017)
586,Lala Meredith-Vula,documenta,,2017,"documenta 14, Kassel/Atenas (2017)"
586,Lala Meredith-Vula,documenta,,2017,documenta 14 (2017)
587,Gernot Minke,documenta,,2017,"documenta 14, Kassel/Atenas (2017)"
587,Gernot Minke,documenta,,2017,documenta 14 (2017)
588,Marta Minujín,Bienal de São Paulo,29,,"29ª Bienal de São Paulo «Há sempre um copo de mar para um homem navegar» (2010, dos Anjos/Farias)"
588,Marta Minujín,Bienal do Mercosul,9,,"9ª Bienal do Mercosul «Se o clima for favorável» (2013, Hernández Chong Cuy)"
588,Marta Minujín,Colección Daros Latinamerica,,,"Colección Daros Latinamerica, Zúrich"
588,Marta Minujín,Information (MoMA 1970),,1970,"Information, The Museum of Modern Art, Nueva York (1970, Kynaston McShine)"
588,Marta Minujín,Premio Velázquez,,2016,Premio Velázquez de las Artes Plásticas (2016)
588,Marta Minujín,Radical Women,,2017,"Radical Women: Latin American Art 1960-1985, Hammer Museum (2017, Fajardo-Hill/Giunta); itinerancia Brooklyn Museum y Pinacoteca de São Paulo (2018)"
588,Marta Minujín,Under the Same Sun,,2014,"Under the Same Sun: Art from Latin America Today, Guggenheim, Nueva York (2014, Pablo León de la Barra)"
588,Marta Minujín,documenta,,2017,"documenta 14, Kassel/Atenas (2017)"
588,Marta Minujín,documenta,,2017,documenta 14 (2017)
589,Naeem Mohaiemen,Bienal de Venecia,,,"Bienal de Venecia 2015 «All the World’s Futures», muestra internacional (Enwezor)"
589,Naeem Mohaiemen,Turner Prize,,2018,Turner Prize (nominación 2018)
589,Naeem Mohaiemen,documenta,,2017,"documenta 14, Kassel/Atenas (2017)"
590,Negros Tou Moria,documenta,,2017,"documenta 14, Kassel/Atenas (2017)"
590,Negros Tou Moria,documenta,,2017,documenta 14 (2017)
591,Malcolm Morley,Turner Prize,,1984,Turner Prize (premio 1984)
592,Hasan Nallbani,documenta,,2017,"documenta 14, Kassel/Atenas (2017)"
592,Hasan Nallbani,documenta,,2017,documenta 14 (2017)
593,Joar Nango,Bienal de São Paulo,36,,"36ª Bienal de São Paulo «Nem todo viandante anda estradas» (2025, Ndikung)"
593,Joar Nango,documenta,,2017,"documenta 14, Kassel/Atenas (2017)"
593,Joar Nango,documenta,,2017,documenta 14 (2017)
594,Rosalind Nashashibi,Turner Prize,,2017,Turner Prize (nominación 2017)
594,Rosalind Nashashibi,documenta,,2017,"documenta 14, Kassel/Atenas (2017)"
595,Mike Nelson,Bienal de Estambul,8,2003,"8ª Bienal de Estambul «Poetic Justice» (2003, Dan Cameron)"
595,Mike Nelson,Turner Prize,,2001,Turner Prize (nominación 2001)
595,Mike Nelson,Turner Prize,,2007,Turner Prize (nominación 2007)
596,Kettly Noël,documenta,,2017,"documenta 14, Kassel/Atenas (2017)"
596,Kettly Noël,documenta,,2017,documenta 14 (2017)
597,Emeka Ogboh,Bienal de Gwangju,15,2024,"15ª Bienal de Gwangju «Pansori, a soundscape of the 21st century» (2024, Nicolas Bourriaud)"
597,Emeka Ogboh,Bienal de São Paulo,36,,"36ª Bienal de São Paulo «Nem todo viandante anda estradas» (2025, Ndikung)"
597,Emeka Ogboh,Bienal de Venecia,,,"Bienal de Venecia 2015 «All the World’s Futures», muestra internacional (Enwezor)"
597,Emeka Ogboh,Hugo Boss Prize,,2018,"Hugo Boss Prize, finalista (2018)"
597,Emeka Ogboh,documenta,,2017,"documenta 14, Kassel/Atenas (2017)"
598,Olu Oguibe,Bienal de La Habana,7,2000,7ª Bienal de La Habana «Uno más cerca del otro» (2000-2001)
598,Olu Oguibe,Bienal de São Paulo,36,,"36ª Bienal de São Paulo «Nem todo viandante anda estradas» (2025, Ndikung)"
598,Olu Oguibe,documenta,,2017,"documenta 14, Kassel/Atenas (2017)"
598,Olu Oguibe,documenta,,2017,documenta 14 (2017)
599,Rainer Oldendorf,documenta,,2017,"documenta 14, Kassel/Atenas (2017)"
599,Rainer Oldendorf,documenta,,2017,documenta 14 (2017)
600,Pauline Oliveros,documenta,,2017,"documenta 14, Kassel/Atenas (2017)"
600,Pauline Oliveros,otro,,,fallecida 2016
601,Christos Papoulias,documenta,,2017,"documenta 14, Kassel/Atenas (2017)"
601,Christos Papoulias,documenta,,2017,documenta 14 (2017)
602,Véréna Paravel,Whitney Biennial,,,"Whitney Biennial 2014, Nueva York"
602,Véréna Paravel,documenta,,2017,"documenta 14, Kassel/Atenas (2017)"
603,Synnøve Persen,documenta,,2017,"documenta 14, Kassel/Atenas (2017)"
603,Synnøve Persen,documenta,,2017,documenta 14 (2017)
604,Dan Peterman,documenta,,2017,"documenta 14, Kassel/Atenas (2017)"
604,Dan Peterman,documenta,,2017,documenta 14 (2017)
605,Susan Philipsz,Bienal de São Paulo,29,,"29ª Bienal de São Paulo «Há sempre um copo de mar para um homem navegar» (2010, dos Anjos/Farias)"
605,Susan Philipsz,Turner Prize,,2010,Turner Prize (premio 2010)
605,Susan Philipsz,documenta,,2012,"documenta 13, Kassel (2012)"
606,Angelo Plessas,Bienal de Gwangju,13,2021,"13ª Bienal de Gwangju «Minds Rising, Spirits Tuning» (2021, Defne Ayas y Natasha Ginwala)"
606,Angelo Plessas,documenta,,2017,"documenta 14, Kassel/Atenas (2017)"
606,Angelo Plessas,documenta,,2017,documenta 14 (2017)
607,Nathan Pohio,documenta,,2017,"documenta 14, Kassel/Atenas (2017)"
607,Nathan Pohio,documenta,,2017,documenta 14 (2017)
608,María Magdalena Campos Pons,documenta,,2017,"documenta 14, Kassel/Atenas (2017)"
608,María Magdalena Campos Pons,documenta,,2017,documenta 14 (2017)
609,William Pope.L,documenta,,2017,"documenta 14, Kassel/Atenas (2017)"
610,Postcommodity,Whitney Biennial,,,"Whitney Biennial 2017, Nueva York"
610,Postcommodity,documenta,,2017,"documenta 14, Kassel/Atenas (2017)"
610,Postcommodity,documenta,,2017,documenta 14 (2017)
611,Elizabeth Price,Turner Prize,,2012,Turner Prize (premio 2012)
612,Oliver Ressler,documenta,,2017,"documenta 14, Kassel/Atenas (2017)"
612,Oliver Ressler,documenta,,2017,documenta 14 (2017)
613,Abel Rodríguez,Bienal de São Paulo,34,,"34ª Bienal de São Paulo «Faz escuro mas eu canto» (2021, Crivelli Visconti)"
613,Abel Rodríguez,Bienal de Venecia,,,"Bienal de Venecia 2024 «Stranieri Ovunque», muestra internacional (Pedrosa)"
613,Abel Rodríguez,documenta,,2017,"documenta 14, Kassel/Atenas (2017)"
614,Pedro G. Romero,Bienal de São Paulo,31,,"31ª Bienal de São Paulo «Como falar de coisas que não existem» (2014, Esche)"
614,Pedro G. Romero,documenta,,2017,"documenta 14, Kassel/Atenas (2017)"
614,Pedro G. Romero,documenta,,2017,documenta 14 (2017)
615,Tracey Rose,Bienal de São Paulo,32,,"32ª Bienal de São Paulo «Incerteza Viva» (2016, Volz)"
615,Tracey Rose,documenta,,2017,"documenta 14, Kassel/Atenas (2017)"
615,Tracey Rose,documenta,,2017,documenta 14 (2017)
616,Roee Rosen,documenta,,2017,"documenta 14, Kassel/Atenas (2017)"
616,Roee Rosen,documenta,,2017,documenta 14 (2017)
617,Lala Rukh,documenta,,2017,"documenta 14, Kassel/Atenas (2017)"
617,Lala Rukh,documenta,,2017,documenta 14 (2017)
617,Lala Rukh,otro,,,fallecida 2017
618,Arin Rungjang,documenta,,2017,"documenta 14, Kassel/Atenas (2017)"
618,Arin Rungjang,documenta,,2017,documenta 14 (2017)
619,Ben Russell,documenta,,2017,"documenta 14, Kassel/Atenas (2017)"
619,Ben Russell,documenta,,2017,documenta 14 (2017)
620,Veronica Ryan,Bienal de Sharjah,15,2023,"15ª Bienal de Sharjah «Thinking Historically in the Present» (2023, Hoor Al Qasimi)"
620,Veronica Ryan,Turner Prize,,2022,Turner Prize (premio 2022)
620,Veronica Ryan,Whitney Biennial,,,"Whitney Biennial 2022 «Quiet as It’s Kept», Nueva York"
621,Georgia Sagri,Whitney Biennial,,,"Whitney Biennial 2012, Nueva York"
621,Georgia Sagri,documenta,,2017,"documenta 14, Kassel/Atenas (2017)"
621,Georgia Sagri,documenta,,2017,documenta 14 (2017)
622,Khvay Samnang,documenta,,2017,"documenta 14, Kassel/Atenas (2017)"
622,Khvay Samnang,documenta,,2017,documenta 14 (2017)
623,Máret Ánne Sara,documenta,,2017,"documenta 14, Kassel/Atenas (2017)"
623,Máret Ánne Sara,documenta,,2017,documenta 14 (2017)
624,Ashley Hans Scheirl,documenta,,2017,"documenta 14, Kassel/Atenas (2017)"
624,Ashley Hans Scheirl,documenta,,2017,documenta 14 (2017)
625,Marilou Schultz,documenta,,2017,"documenta 14, Kassel/Atenas (2017)"
625,Marilou Schultz,documenta,,2017,documenta 14 (2017)
626,David Schutter,documenta,,2017,"documenta 14, Kassel/Atenas (2017)"
626,David Schutter,documenta,,2017,documenta 14 (2017)
627,Cooking Sections,Turner Prize,,2021,Turner Prize (nominación 2021)
628,Algirdas Šeškus,documenta,,2017,"documenta 14, Kassel/Atenas (2017)"
628,Algirdas Šeškus,documenta,,2017,documenta 14 (2017)
629,Nilima Sheikh,Bienal de Sharjah,15,2023,"15ª Bienal de Sharjah «Thinking Historically in the Present» (2023, Hoor Al Qasimi)"
629,Nilima Sheikh,documenta,,2017,"documenta 14, Kassel/Atenas (2017)"
629,Nilima Sheikh,documenta,,2017,documenta 14 (2017)
630,Ahlam Shibli,Bienal de Estambul,9,2005,"9ª Bienal de Estambul «İstanbul» (2005, Esche/Kortun)"
630,Ahlam Shibli,Bienal de São Paulo,35,,"35ª Bienal de São Paulo «coreografias do impossível» (2023, Lima/Kilomba/Menezes/Borja-Villel)"
630,Ahlam Shibli,Bienal de São Paulo,27,,"27ª Bienal de São Paulo «Como Viver Junto» (2006, Lagnado)"
630,Ahlam Shibli,documenta,,2017,"documenta 14, Kassel/Atenas (2017)"
630,Ahlam Shibli,documenta,,2007,"documenta 12, Kassel (2007)"
630,Ahlam Shibli,documenta,,2017,documenta 14 (2017)
631,Zef Shoshi,documenta,,2017,"documenta 14, Kassel/Atenas (2017)"
631,Zef Shoshi,documenta,,2017,documenta 14 (2017)
632,Lucy Skaer,Bienal do Mercosul,9,,"9ª Bienal do Mercosul «Se o clima for favorável» (2013, Hernández Chong Cuy)"
632,Lucy Skaer,Turner Prize,,2009,Turner Prize (nominación 2009)
633,Mounira Al Solh,Bienal de Sharjah,15,2023,"15ª Bienal de Sharjah «Thinking Historically in the Present» (2023, Hoor Al Qasimi)"
633,Mounira Al Solh,Bienal de São Paulo,35,,"35ª Bienal de São Paulo «coreografias do impossível» (2023, Lima/Kilomba/Menezes/Borja-Villel)"
633,Mounira Al Solh,Bienal de Venecia,,,"Bienal de Venecia 2015 «All the World’s Futures», muestra internacional (Enwezor)"
633,Mounira Al Solh,documenta,,2017,"documenta 14, Kassel/Atenas (2017)"
634,Annie Sprinkle,documenta,,2017,"documenta 14, Kassel/Atenas (2017)"
634,Annie Sprinkle,documenta,,2017,documenta 14 (2017)
635,Simon Starling,Bienal de São Paulo,26,,"26ª Bienal de São Paulo «Território Livre» (2004, Hug)"
635,Simon Starling,Bienal de Venecia,,,"Bienal de Venecia 2009 «Fare Mondi / Making Worlds», muestra internacional (Birnbaum)"
635,Simon Starling,Hugo Boss Prize,,2004,"Hugo Boss Prize, finalista (2004)"
635,Simon Starling,Turner Prize,,2005,Turner Prize (premio 2005)
636,Eva Stefani,documenta,,2017,"documenta 14, Kassel/Atenas (2017)"
636,Eva Stefani,documenta,,2017,documenta 14 (2017)
637,Beth Stephens,documenta,,2017,"documenta 14, Kassel/Atenas (2017)"
637,Beth Stephens,documenta,,2017,documenta 14 (2017)
638,K. G. Subramanyan,documenta,,2017,"documenta 14, Kassel/Atenas (2017)"
639,Vivian Suter,Bienal de São Paulo,31,,"31ª Bienal de São Paulo «Como falar de coisas que não existem» (2014, Esche)"
639,Vivian Suter,documenta,,2017,"documenta 14, Kassel/Atenas (2017)"
639,Vivian Suter,documenta,,2017,documenta 14 (2017)
640,El Hadji Sy,Bienal de São Paulo,31,,"31ª Bienal de São Paulo «Como falar de coisas que não existem» (2014, Esche)"
640,El Hadji Sy,documenta,,2017,"documenta 14, Kassel/Atenas (2017)"
640,El Hadji Sy,documenta,,2017,documenta 14 (2017)
641,Kidlat Tahimik,Bienal de São Paulo,35,,"35ª Bienal de São Paulo «coreografias do impossível» (2023, Lima/Kilomba/Menezes/Borja-Villel)"
641,Kidlat Tahimik,documenta,,2017,"documenta 14, Kassel/Atenas (2017)"
641,Kidlat Tahimik,documenta,,2017,documenta 14 (2017)
642,Terre Thaemlitz,documenta,,2017,"documenta 14, Kassel/Atenas (2017)"
642,Terre Thaemlitz,documenta,,2017,documenta 14 (2017)
643,Ariuntugs Tserenpil,documenta,,2017,"documenta 14, Kassel/Atenas (2017)"
643,Ariuntugs Tserenpil,documenta,,2017,documenta 14 (2017)
644,Keith Tyson,Turner Prize,,2002,Turner Prize (premio 2002)
645,Piotr Uklański,Whitney Biennial,,,"Whitney Biennial 2010, Nueva York"
645,Piotr Uklański,documenta,,2017,"documenta 14, Kassel/Atenas (2017)"
646,Mark Wallinger,Turner Prize,,1995,Turner Prize (nominación 1995)
646,Mark Wallinger,Turner Prize,,2007,Turner Prize (premio 2007)
647,Lois Weinberger,documenta,,2017,"documenta 14, Kassel/Atenas (2017)"
648,Elisabeth Wild,documenta,,2017,"documenta 14, Kassel/Atenas (2017)"
648,Elisabeth Wild,documenta,,2017,documenta 14 (2017)
648,Elisabeth Wild,otro,,,fallecida 2020
649,Cathy Wilkes,Bienal de Venecia,,,"Bienal de Venecia 2013 «Il Palazzo Enciclopedico», muestra internacional (Gioni)"
649,Cathy Wilkes,Turner Prize,,2008,Turner Prize (nominación 2008)
650,Ruth Wolf-Rehfeldt,documenta,,2017,"documenta 14, Kassel/Atenas (2017)"
650,Ruth Wolf-Rehfeldt,otro,,,fallecida 2024
651,Project Art Works,Turner Prize,,2021,Turner Prize (nominación 2021)
652,Ulrich Wüst,documenta,,2017,"documenta 14, Kassel/Atenas (2017)"
652,Ulrich Wüst,documenta,,2017,documenta 14 (2017)
653,Zafos Xagoraris,Bienal de São Paulo,27,,"27ª Bienal de São Paulo «Como Viver Junto» (2006, Lagnado)"
653,Zafos Xagoraris,Bienal de Venecia,,,Bienal de Venecia 2019
653,Zafos Xagoraris,documenta,,2017,"documenta 14, Kassel/Atenas (2017)"
654,Sergio Zevallos,Bienal de São Paulo,31,,"31ª Bienal de São Paulo «Como falar de coisas que não existem» (2014, Esche)"
654,Sergio Zevallos,documenta,,2017,"documenta 14, Kassel/Atenas (2017)"
654,Sergio Zevallos,documenta,,2017,documenta 14 (2017)
655,Artur Żmijewski,Bienal de São Paulo,29,,"29ª Bienal de São Paulo «Há sempre um copo de mar para um homem navegar» (2010, dos Anjos/Farias)"
655,Artur Żmijewski,Bienal de Venecia,,,"Bienal de Venecia 2013 «Il Palazzo Enciclopedico», muestra internacional (Gioni)"
655,Artur Żmijewski,documenta,,2017,"documenta 14, Kassel/Atenas (2017)"
655,Artur Żmijewski,documenta,,2007,"documenta 12, Kassel (2007)"
656,Mary Zygouri,documenta,,2017,"documenta 14, Kassel/Atenas (2017)"
656,Mary Zygouri,documenta,,2017,documenta 14 (2017)
657,Lida Abdul,Bienal de São Paulo,27,,"27ª Bienal de São Paulo «Como Viver Junto» (2006, Lagnado)"
657,Lida Abdul,Bienal de Venecia,,,Bienal de Venecia 2005
657,Lida Abdul,documenta,,2012,"documenta 13, Kassel (2012)"
658,Bani Abidi,documenta,,2012,"documenta 13, Kassel (2012)"
658,Bani Abidi,documenta,,2012,documenta 13 (2012)
659,Vyacheslav Akhunov,documenta,,2012,"documenta 13, Kassel (2012)"
659,Vyacheslav Akhunov,documenta,,2017,documenta 14 (2017)
660,Barmak Akram,documenta,,2012,"documenta 13, Kassel (2012)"
660,Barmak Akram,documenta,,2012,documenta 13 (2012)
661,Khadim Ali,documenta,,2012,"documenta 13, Kassel (2012)"
661,Khadim Ali,documenta,,2012,documenta 13 (2012)
662,Jennifer Allora,documenta,,2012,"documenta 13, Kassel (2012)"
663,Guillermo Calzadilla,documenta,,2012,"documenta 13, Kassel (2012)"
664,Maria Thereza Alves,Ante América,,1992,"Ante América, Biblioteca Luis Ángel Arango, Bogotá (1992, Mosquera/Ponce de León/Weiss)"
664,Maria Thereza Alves,Bienal de Cuenca,15,,"15ª Bienal de Cuenca «Bienal del Bioceno» (2021, De la Torre)"
664,Maria Thereza Alves,Bienal de São Paulo,32,,"32ª Bienal de São Paulo «Incerteza Viva» (2016, Volz)"
664,Maria Thereza Alves,Bienal de São Paulo,29,,"29ª Bienal de São Paulo «Há sempre um copo de mar para um homem navegar» (2010, dos Anjos/Farias)"
664,Maria Thereza Alves,documenta,,2012,"documenta 13, Kassel (2012)"
664,Maria Thereza Alves,documenta,,2017,documenta 14 (2017)
665,Ayreen Anastas,documenta,,2012,"documenta 13, Kassel (2012)"
665,Ayreen Anastas,documenta,,2012,documenta 13 (2012)
666,AND AND AND,documenta,,2012,"documenta 13, Kassel (2012)"
667,Ida Applebroog,documenta,,2012,"documenta 13, Kassel (2012)"
667,Ida Applebroog,otro,,,fallecida 2023
668,Doug Ashford,documenta,,2012,"documenta 13, Kassel (2012)"
668,Doug Ashford,documenta,,2012,documenta 13 (2012)
669,Tarek Atoui,Bienal de Venecia,,,"Bienal de Venecia 2019 «May You Live in Interesting Times», muestra internacional (Rugoff)"
669,Tarek Atoui,documenta,,2012,"documenta 13, Kassel (2012)"
670,Nanni Balestrini,documenta,,2012,"documenta 13, Kassel (2012)"
671,Amy Balkin,documenta,,2012,"documenta 13, Kassel (2012)"
671,Amy Balkin,documenta,,2012,documenta 13 (2012)
672,Judith Barry,documenta,,2012,"documenta 13, Kassel (2012)"
673,Gianfranco Baruchello,Bienal de Venecia,,,"Bienal de Venecia 2013 «Il Palazzo Enciclopedico», muestra internacional (Gioni)"
673,Gianfranco Baruchello,documenta,,2012,"documenta 13, Kassel (2012)"
674,Thomas Bayrle,Bienal de Venecia,,,"Bienal de Venecia 2009 «Fare Mondi / Making Worlds», muestra internacional (Birnbaum)"
674,Thomas Bayrle,documenta,,2012,"documenta 13, Kassel (2012)"
675,Jérôme Bel,documenta,,2012,"documenta 13, Kassel (2012)"
675,Jérôme Bel,documenta,,2017,documenta 14 (2017)
676,Gordon Bennett,Global Conceptualism,,1999,"Global Conceptualism: Points of Origin 1950s-1980s, Queens Museum, Nueva York (1999, Farver/Camnitzer/Weiss y equipo de once curadores); itinerancia Walker/Miami/MIT List"
676,Gordon Bennett,documenta,,2012,"documenta 13, Kassel (2012)"
677,Rossella Biscotti,Bienal de Cuenca,15,,"15ª Bienal de Cuenca «Bienal del Bioceno» (2021, De la Torre)"
677,Rossella Biscotti,Bienal de Gwangju,16,2026,"16ª Bienal de Gwangju «You Must Change Your Life» (2026, Ho Tzu Nyen)"
677,Rossella Biscotti,Bienal de Venecia,,,"Bienal de Venecia 2013 «Il Palazzo Enciclopedico», muestra internacional (Gioni)"
677,Rossella Biscotti,documenta,,2012,"documenta 13, Kassel (2012)"
678,Manon de Boer,Bienal de São Paulo,29,,"29ª Bienal de São Paulo «Há sempre um copo de mar para um homem navegar» (2010, dos Anjos/Farias)"
678,Manon de Boer,Bienal de Venecia,,,"Bienal de Venecia 2007 «Think with the Senses, Feel with the Mind», muestra internacional (Storr)"
678,Manon de Boer,documenta,,2012,"documenta 13, Kassel (2012)"
678,Manon de Boer,documenta,,2012,documenta 13 (2012)
679,Anna Boghiguian,Artes Mundi,,2018,"Artes Mundi 8, finalista (2018-2019, Cardiff)"
679,Anna Boghiguian,Bienal de São Paulo,35,,"35ª Bienal de São Paulo «coreografias do impossível» (2023, Lima/Kilomba/Menezes/Borja-Villel)"
679,Anna Boghiguian,Bienal de São Paulo,31,,"31ª Bienal de São Paulo «Como falar de coisas que não existem» (2014, Esche)"
679,Anna Boghiguian,documenta,,2012,"documenta 13, Kassel (2012)"
679,Anna Boghiguian,documenta,,2017,documenta 14 (2017)
680,Carol Bove,Bienal de Venecia,,,"Bienal de Venecia 2019 «May You Live in Interesting Times», muestra internacional (Rugoff)"
680,Carol Bove,Whitney Biennial,,,"Whitney Biennial 2008, Nueva York"
680,Carol Bove,documenta,,2012,"documenta 13, Kassel (2012)"
681,Kristina Buch,documenta,,2012,"documenta 13, Kassel (2012)"
681,Kristina Buch,documenta,,2012,documenta 13 (2012)
682,Andrea Büttner,Bienal de São Paulo,33,,"33ª Bienal de São Paulo «Afinidades afetivas» (2018, Pérez-Barreiro)"
682,Andrea Büttner,Bienal de São Paulo,29,,"29ª Bienal de São Paulo «Há sempre um copo de mar para um homem navegar» (2010, dos Anjos/Farias)"
682,Andrea Büttner,Turner Prize,,2017,Turner Prize (nominación 2017)
682,Andrea Büttner,documenta,,2012,"documenta 13, Kassel (2012)"
683,Gerard Byrne,Bienal de Estambul,8,2003,"8ª Bienal de Estambul «Poetic Justice» (2003, Dan Cameron)"
683,Gerard Byrne,documenta,,2012,"documenta 13, Kassel (2012)"
684,CAMP,Bienal de Gwangju,16,2026,"16ª Bienal de Gwangju «You Must Change Your Life» (2026, Ho Tzu Nyen)"
684,CAMP,documenta,,2012,"documenta 13, Kassel (2012)"
684,CAMP,documenta,,2012,documenta 13 (2012)
685,Janet Cardiff,documenta,,2012,"documenta 13, Kassel (2012)"
686,George Bures Miller,Bienal de Venecia,,,Bienal de Venecia 2001
686,George Bures Miller,documenta,,2012,"documenta 13, Kassel (2012)"
687,Mariana Castillo Deball,Bienal de São Paulo,32,,"32ª Bienal de São Paulo «Incerteza Viva» (2016, Volz)"
687,Mariana Castillo Deball,CIFO Grants & Commissions,,2006,"CIFO Grants & Commissions, premiado/a (2006)"
687,Mariana Castillo Deball,Under the Same Sun,,2014,"Under the Same Sun: Art from Latin America Today, Guggenheim, Nueva York (2014, Pablo León de la Barra)"
687,Mariana Castillo Deball,documenta,,2012,"documenta 13, Kassel (2012)"
687,Mariana Castillo Deball,documenta,,2012,documenta 13 (2012)
688,Kudzanai Chiurai,Bienal de Venecia,,,"Bienal de Venecia 2024 «Stranieri Ovunque», muestra internacional (Pedrosa)"
688,Kudzanai Chiurai,documenta,,2012,"documenta 13, Kassel (2012)"
689,Daniel Gustav Cramer,documenta,,2012,"documenta 13, Kassel (2012)"
689,Daniel Gustav Cramer,documenta,,2012,documenta 13 (2012)
690,Critical Art Ensemble,Bienal de Venecia,,,"Bienal de Venecia 2024 «Stranieri Ovunque», muestra internacional (Pedrosa) (Disobedience Archive)"
690,Critical Art Ensemble,Whitney Biennial,,,"Whitney Biennial 2006 «Day for Night», Nueva York"
690,Critical Art Ensemble,documenta,,2012,"documenta 13, Kassel (2012)"
691,Abraham Cruzvillegas,Bienal de La Habana,12,2015,12ª Bienal de La Habana «Entre la idea y la experiencia» (2015)
691,Abraham Cruzvillegas,documenta,,2012,"documenta 13, Kassel (2012)"
692,István Csákány,documenta,,2012,"documenta 13, Kassel (2012)"
692,István Csákány,documenta,,2012,documenta 13 (2012)
693,Attila Csörgő,Bienal de Estambul,8,2003,"8ª Bienal de Estambul «Poetic Justice» (2003, Dan Cameron)"
693,Attila Csörgő,documenta,,2012,"documenta 13, Kassel (2012)"
693,Attila Csörgő,otro,,2008,Premio Nam June Paik (premio 2008)
694,Mark Dion,Bienal de São Paulo,33,,"33ª Bienal de São Paulo «Afinidades afetivas» (2018, Pérez-Barreiro)"
694,Mark Dion,Bienal de São Paulo,26,,"26ª Bienal de São Paulo «Território Livre» (2004, Hug)"
694,Mark Dion,Cocido y crudo,,1994,"Cocido y crudo, Museo Reina Sofía, Madrid (1994-1995, Dan Cameron)"
694,Mark Dion,documenta,,2012,"documenta 13, Kassel (2012)"
695,Thea Djordjadze,Bienal de Venecia,,,"Bienal de Venecia 2015 «All the World’s Futures», muestra internacional (Enwezor)"
695,Thea Djordjadze,documenta,,2012,"documenta 13, Kassel (2012)"
696,Willie Doherty,Bienal de Estambul,8,2003,"8ª Bienal de Estambul «Poetic Justice» (2003, Dan Cameron)"
696,Willie Doherty,Cocido y crudo,,1994,"Cocido y crudo, Museo Reina Sofía, Madrid (1994-1995, Dan Cameron)"
696,Willie Doherty,Turner Prize,,1994,Turner Prize (nominación 1994)
696,Willie Doherty,Turner Prize,,2003,Turner Prize (nominación 2003)
696,Willie Doherty,documenta,,2012,"documenta 13, Kassel (2012)"
697,Trisha Donnelly,Bienal de Venecia,,,"Bienal de Venecia 2013 «Il Palazzo Enciclopedico», muestra internacional (Gioni)"
697,Trisha Donnelly,Dak'Art,,2004,"Dak'Art, 6ª Bienal de Dakar (2004)"
697,Trisha Donnelly,Hugo Boss Prize,,2012,"Hugo Boss Prize, finalista (2012)"
697,Trisha Donnelly,Whitney Biennial,,,"Whitney Biennial 2006 «Day for Night», Nueva York"
697,Trisha Donnelly,documenta,,2012,"documenta 13, Kassel (2012)"
698,Jimmie Durham,Ante América,,1992,"Ante América, Biblioteca Luis Ángel Arango, Bogotá (1992, Mosquera/Ponce de León/Weiss)"
698,Jimmie Durham,Bienal de São Paulo,29,,"29ª Bienal de São Paulo «Há sempre um copo de mar para um homem navegar» (2010, dos Anjos/Farias)"
698,Jimmie Durham,Bienal de Venecia,,,"Bienal de Venecia 2019 «May You Live in Interesting Times», muestra internacional (Rugoff)"
698,Jimmie Durham,Bienal de Venecia,,,"Bienal de Venecia 2013 «Il Palazzo Enciclopedico», muestra internacional (Gioni)"
698,Jimmie Durham,Cocido y crudo,,1994,"Cocido y crudo, Museo Reina Sofía, Madrid (1994-1995, Dan Cameron)"
698,Jimmie Durham,Whitney Biennial,,,"Whitney Biennial 2014, Nueva York"
698,Jimmie Durham,Whitney Biennial,,,"Whitney Biennial 2006 «Day for Night», Nueva York"
698,Jimmie Durham,documenta,,2012,"documenta 13, Kassel (2012)"
698,Jimmie Durham,otro,,2019,"León de Oro a la trayectoria, Venecia (2019)"
699,Haris Epaminonda,Bienal de São Paulo,34,,"34ª Bienal de São Paulo «Faz escuro mas eu canto» (2021, Crivelli Visconti)"
699,Haris Epaminonda,Bienal de Venecia,,,"Bienal de Venecia 2019 «May You Live in Interesting Times», muestra internacional (Rugoff)"
699,Haris Epaminonda,documenta,,2012,"documenta 13, Kassel (2012)"
699,Haris Epaminonda,otro,,,"New Museum Triennial 2009 «Younger Than Jesus», Nueva York"
699,Haris Epaminonda,otro,,2019,"León de Plata al participante joven prometedor, Venecia (2019)"
700,Cevdet Erek,Bienal de São Paulo,36,,"36ª Bienal de São Paulo «Nem todo viandante anda estradas» (2025, Ndikung)"
700,Cevdet Erek,documenta,,2012,"documenta 13, Kassel (2012)"
700,Cevdet Erek,documenta,,2017,documenta 14 (2017)
701,Guillermo Faivovich,documenta,,2012,"documenta 13, Kassel (2012)"
701,Guillermo Faivovich,documenta,,2012,documenta 13 (2012)
702,Nicolás Goldberg,documenta,,2012,"documenta 13, Kassel (2012)"
702,Nicolás Goldberg,documenta,,2012,documenta 13 (2012)
703,Matias Faldbakken,Bienal de Venecia,,,Bienal de Venecia 2005
703,Matias Faldbakken,documenta,,2012,"documenta 13, Kassel (2012)"
704,Geoffrey Farmer,documenta,,2012,"documenta 13, Kassel (2012)"
705,Omer Fast,Whitney Biennial,,,"Whitney Biennial 2008, Nueva York"
705,Omer Fast,Whitney Biennial,,,"Whitney Biennial 2002, Nueva York"
705,Omer Fast,documenta,,2012,"documenta 13, Kassel (2012)"
706,Lara Favaretto,Bienal de Venecia,,,"Bienal de Venecia 2019 «May You Live in Interesting Times», muestra internacional (Rugoff)"
706,Lara Favaretto,Bienal de Venecia,,,"Bienal de Venecia 2009 «Fare Mondi / Making Worlds», muestra internacional (Birnbaum)"
706,Lara Favaretto,documenta,,2012,"documenta 13, Kassel (2012)"
707,Llyn Foulkes,documenta,,2012,"documenta 13, Kassel (2012)"
708,Chiara Fumai,documenta,,2012,"documenta 13, Kassel (2012)"
708,Chiara Fumai,documenta,,2017,"documenta 14 (2017), fallecida 2017"
709,Rene Gabri,documenta,,2012,"documenta 13, Kassel (2012)"
709,Rene Gabri,documenta,,2012,documenta 13 (2012)
710,Ryan Gander,Bienal de La Habana,12,2015,12ª Bienal de La Habana «Entre la idea y la experiencia» (2015)
710,Ryan Gander,documenta,,2012,"documenta 13, Kassel (2012)"
710,Ryan Gander,otro,,,"New Museum Triennial 2009 «Younger Than Jesus», Nueva York"
711,Dora García,Bienal de Estambul,8,2003,"8ª Bienal de Estambul «Poetic Justice» (2003, Dan Cameron)"
711,Dora García,Bienal de São Paulo,29,,"29ª Bienal de São Paulo «Há sempre um copo de mar para um homem navegar» (2010, dos Anjos/Farias)"
711,Dora García,Bienal de Venecia,,,"Bienal de Venecia 2015 «All the World’s Futures», muestra internacional (Enwezor)"
711,Dora García,documenta,,2012,"documenta 13, Kassel (2012)"
712,Mario García Torres,Bienal de São Paulo,29,,"29ª Bienal de São Paulo «Há sempre um copo de mar para um homem navegar» (2010, dos Anjos/Farias)"
712,Mario García Torres,Bienal de Venecia,,,"Bienal de Venecia 2007 «Think with the Senses, Feel with the Mind», muestra internacional (Storr)"
712,Mario García Torres,Bienal do Mercosul,9,,"9ª Bienal do Mercosul «Se o clima for favorável» (2013, Hernández Chong Cuy)"
712,Mario García Torres,Colección Cisneros (CPPC),,2018,"Donación CPPC al MoMA, Contemporary Gift (2018)"
712,Mario García Torres,Under the Same Sun,,2014,"Under the Same Sun: Art from Latin America Today, Guggenheim, Nueva York (2014, Pablo León de la Barra)"
712,Mario García Torres,documenta,,2012,"documenta 13, Kassel (2012)"
713,Theaster Gates,Artes Mundi,,2015,"Artes Mundi Prize, ganador/a (2015, Cardiff)"
713,Theaster Gates,Bienal de Sharjah,15,2023,"15ª Bienal de Sharjah «Thinking Historically in the Present» (2023, Hoor Al Qasimi)"
713,Theaster Gates,Bienal de Venecia,,,"Bienal de Venecia 2015 «All the World’s Futures», muestra internacional (Enwezor)"
713,Theaster Gates,Nasher Prize,,2018,"Nasher Prize de escultura, laureado/a (2018, Dallas)"
713,Theaster Gates,Whitney Biennial,,,"Whitney Biennial 2010, Nueva York"
713,Theaster Gates,documenta,,2012,"documenta 13, Kassel (2012)"
714,Jeanno Gaussi,documenta,,2012,"documenta 13, Kassel (2012)"
714,Jeanno Gaussi,documenta,,2012,documenta 13 (2012)
715,Mariam Ghani,documenta,,2012,"documenta 13, Kassel (2012)"
715,Mariam Ghani,documenta,,2012,documenta 13 (2012)
716,Simryn Gill,Bienal de São Paulo,26,,"26ª Bienal de São Paulo «Território Livre» (2004, Hug)"
716,Simryn Gill,Cities on the Move,,1997,"Cities on the Move, Secession, Viena (1997, Hou Hanru y Hans Ulrich Obrist); itinerancia Burdeos, PS1, Louisiana, Hayward, Kiasma y Bangkok (1997-1999)"
716,Simryn Gill,documenta,,2012,"documenta 13, Kassel (2012)"
716,Simryn Gill,documenta,,2007,"documenta 12, Kassel (2007)"
717,Tue Greenfort,documenta,,2012,"documenta 13, Kassel (2012)"
717,Tue Greenfort,documenta,,2012,dOCUMENTA (13) (2012)
718,Fiona Margaret Hall,Bienal de Venecia,,,Bienal de Venecia 2015
718,Fiona Margaret Hall,documenta,,2012,"documenta 13, Kassel (2012)"
719,Tamara Henderson,Bienal de São Paulo,34,,"34ª Bienal de São Paulo «Faz escuro mas eu canto» (2021, Crivelli Visconti)"
719,Tamara Henderson,documenta,,2012,"documenta 13, Kassel (2012)"
719,Tamara Henderson,documenta,,2017,documenta 14 (2017)
720,Horst Hoheisel,documenta,,2012,"documenta 13, Kassel (2012)"
720,Horst Hoheisel,documenta,,2012,documenta 13 (2012)
721,Judith Hopf,Bienal de La Habana,8,2003,8ª Bienal de La Habana (2003)
721,Judith Hopf,documenta,,2012,"documenta 13, Kassel (2012)"
721,Judith Hopf,documenta,,2012,documenta 13 (2012)
722,Khaled Hourani,documenta,,2012,"documenta 13, Kassel (2012)"
723,Toril Johannessen,documenta,,2012,"documenta 13, Kassel (2012)"
724,Joan Jonas,Bienal de São Paulo,34,,"34ª Bienal de São Paulo «Faz escuro mas eu canto» (2021, Crivelli Visconti)"
724,Joan Jonas,Bienal de São Paulo,28,,"28ª Bienal de São Paulo «Em vivo contato» (2008, Mesquita/Cohen)"
724,Joan Jonas,Bienal de Venecia,,,"Bienal de Venecia 2009 «Fare Mondi / Making Worlds», muestra internacional (Birnbaum)"
724,Joan Jonas,documenta,,2012,"documenta 13, Kassel (2012)"
724,Joan Jonas,documenta,,2002,"documenta 11, Kassel (2002)"
725,Brian Jungen,documenta,,2012,"documenta 13, Kassel (2012)"
726,Duane Linklater,Bienal de São Paulo,35,,"35ª Bienal de São Paulo «coreografias do impossível» (2023, Lima/Kilomba/Menezes/Borja-Villel)"
726,Duane Linklater,Whitney Biennial,,,"Whitney Biennial 2022 «Quiet as It’s Kept», Nueva York"
726,Duane Linklater,documenta,,2012,"documenta 13, Kassel (2012)"
727,Robin Kahn,documenta,,2012,"documenta 13, Kassel (2012)"
728,Masood Kamandy,documenta,,2012,"documenta 13, Kassel (2012)"
729,William Kentridge,Bienal de La Habana,7,2000,7ª Bienal de La Habana «Uno más cerca del otro» (2000-2001)
729,William Kentridge,Bienal de La Habana,6,1997,6ª Bienal de La Habana «El individuo y su memoria» (1997)
729,William Kentridge,Bienal de São Paulo,24,,"24ª Bienal de São Paulo «Antropofagia», Roteiros (1998, Herkenhoff)"
729,William Kentridge,Bienal do Mercosul,6,,"6ª Bienal do Mercosul «A Terceira Margem do Rio» (2007, Pérez-Barreiro)"
729,William Kentridge,Hugo Boss Prize,,1998,"Hugo Boss Prize, finalista (1998)"
729,William Kentridge,Praemium Imperiale,,2019,"Praemium Imperiale, pintura (2019)"
729,William Kentridge,The Short Century,,2001,"The Short Century: Independence and Liberation Movements in Africa 1945-1994, Villa Stuck, Múnich (2001, Okwui Enwezor); itinerancia Berlín/Chicago/PS1-MoMA (2001-2002)"
729,William Kentridge,documenta,,2012,"documenta 13, Kassel (2012)"
729,William Kentridge,documenta,,2002,"documenta 11, Kassel (2002)"
730,Hassan Khan,Bienal de Estambul,8,2003,"8ª Bienal de Estambul «Poetic Justice» (2003, Dan Cameron)"
730,Hassan Khan,Hugo Boss Prize,,2014,"Hugo Boss Prize, finalista (2014)"
730,Hassan Khan,documenta,,2012,"documenta 13, Kassel (2012)"
731,Erkki Kurenniemi,documenta,,2012,"documenta 13, Kassel (2012)"
732,Dinh Q. Lê,documenta,,2012,"documenta 13, Kassel (2012)"
733,Gabriel Lester,documenta,,2012,"documenta 13, Kassel (2012)"
734,David Link,documenta,,2012,"documenta 13, Kassel (2012)"
735,Maria Loboda,Bienal de Venecia,,,"Bienal de Venecia 2019 «May You Live in Interesting Times», muestra internacional (Rugoff)"
735,Maria Loboda,documenta,,2012,"documenta 13, Kassel (2012)"
736,Aníbal López,Bienal de La Habana,7,2000,7ª Bienal de La Habana «Uno más cerca del otro» (2000-2001)
736,Aníbal López,Bienal do Mercosul,6,,"6ª Bienal do Mercosul «A Terceira Margem do Rio» (2007, Pérez-Barreiro)"
736,Aníbal López,documenta,,2012,"documenta 13, Kassel (2012)"
737,Renata Lucas,Bienal de São Paulo,27,,"27ª Bienal de São Paulo «Como Viver Junto» (2006, Lagnado)"
737,Renata Lucas,Bienal de Venecia,,,"Bienal de Venecia 2009 «Fare Mondi / Making Worlds», muestra internacional (Birnbaum)"
737,Renata Lucas,CIFO Grants & Commissions,,2007,"CIFO Grants & Commissions, premiado/a (2007)"
737,Renata Lucas,Premio Julius Baer,,2022,"Premio Julius Baer a las artistas latinoamericanas, finalista de la II edición (2022)"
737,Renata Lucas,documenta,,2012,"documenta 13, Kassel (2012)"
738,Marcos Lutyens,documenta,,2012,"documenta 13, Kassel (2012)"
739,Sissel Tolaas,Bienal de Gwangju,13,2021,"13ª Bienal de Gwangju «Minds Rising, Spirits Tuning» (2021, Defne Ayas y Natasha Ginwala)"
739,Sissel Tolaas,documenta,,2012,"documenta 13, Kassel (2012)"
740,Anna Maria Maiolino,Bienal de São Paulo,29,,"29ª Bienal de São Paulo «Há sempre um copo de mar para um homem navegar» (2010, dos Anjos/Farias)"
740,Anna Maria Maiolino,Bienal de Venecia,,,"Bienal de Venecia 2024 «Stranieri Ovunque», muestra internacional (Pedrosa)"
740,Anna Maria Maiolino,Radical Women,,2017,"Radical Women: Latin American Art 1960-1985, Hammer Museum (2017, Fajardo-Hill/Giunta); itinerancia Brooklyn Museum y Pinacoteca de São Paulo (2018)"
740,Anna Maria Maiolino,documenta,,2012,"documenta 13, Kassel (2012)"
740,Anna Maria Maiolino,otro,,2024,"León de Oro a la trayectoria, Venecia (2024)"
741,John Menick,documenta,,2012,"documenta 13, Kassel (2012)"
742,Gustav Metzger,Bienal de São Paulo,29,,"29ª Bienal de São Paulo «Há sempre um copo de mar para um homem navegar» (2010, dos Anjos/Farias)"
742,Gustav Metzger,documenta,,2012,"documenta 13, Kassel (2012)"
743,Aman Mojadidi,documenta,,2012,"documenta 13, Kassel (2012)"
744,Moon Kyungwon,Bienal de Gwangju,13,2021,"13ª Bienal de Gwangju «Minds Rising, Spirits Tuning» (2021, Defne Ayas y Natasha Ginwala)"
744,Moon Kyungwon,documenta,,2012,"documenta 13, Kassel (2012)"
745,Jeon Joonho,documenta,,2012,"documenta 13, Kassel (2012)"
746,Gareth Moore,documenta,,2012,"documenta 13, Kassel (2012)"
747,Rabih Mroué,Bienal do Mercosul,13,,"13ª Bienal do Mercosul «Trauma, sonho e fuga» (2022, Dantas)"
747,Rabih Mroué,documenta,,2012,"documenta 13, Kassel (2012)"
748,Christian Philipp Müller,documenta,,2012,"documenta 13, Kassel (2012)"
749,M. A. Numminen,documenta,,2012,"documenta 13, Kassel (2012)"
750,Shinro Ohtake,Bienal de Venecia,,,"Bienal de Venecia 2013 «Il Palazzo Enciclopedico», muestra internacional (Gioni)"
750,Shinro Ohtake,documenta,,2012,"documenta 13, Kassel (2012)"
751,Rahraw Omarzad,documenta,,2012,"documenta 13, Kassel (2012)"
752,Roman Ondák,Bienal de La Habana,12,2015,12ª Bienal de La Habana «Entre la idea y la experiencia» (2015)
752,Roman Ondák,Bienal de São Paulo,27,,"27ª Bienal de São Paulo «Como Viver Junto» (2006, Lagnado)"
752,Roman Ondák,Hugo Boss Prize,,2010,"Hugo Boss Prize, finalista (2010)"
752,Roman Ondák,documenta,,2012,"documenta 13, Kassel (2012)"
753,Füsun Onur,documenta,,2012,"documenta 13, Kassel (2012)"
754,Christodoulos Panayiotou,documenta,,2012,"documenta 13, Kassel (2012)"
755,Giuseppe Penone,Information (MoMA 1970),,1970,"Information, The Museum of Modern Art, Nueva York (1970, Kynaston McShine)"
755,Giuseppe Penone,Praemium Imperiale,,2014,"Praemium Imperiale, escultura (2014)"
755,Giuseppe Penone,Turner Prize,,1989,Turner Prize (nominación 1989)
755,Giuseppe Penone,documenta,,2012,"documenta 13, Kassel (2012)"
756,Claire Pentecost,documenta,,2012,"documenta 13, Kassel (2012)"
757,Pratchaya Phinthong,Bienal do Mercosul,9,,"9ª Bienal do Mercosul «Se o clima for favorável» (2013, Hernández Chong Cuy)"
757,Pratchaya Phinthong,documenta,,2012,"documenta 13, Kassel (2012)"
758,Sopheap Pich,documenta,,2012,"documenta 13, Kassel (2012)"
759,Lea Porsager,documenta,,2012,"documenta 13, Kassel (2012)"
760,Michael Portnoy,documenta,,2012,"documenta 13, Kassel (2012)"
761,Seth Price,Whitney Biennial,,,"Whitney Biennial 2002, Nueva York"
761,Seth Price,documenta,,2012,"documenta 13, Kassel (2012)"
762,Ana Prvacki,Bienal de Gwangju,13,2021,"13ª Bienal de Gwangju «Minds Rising, Spirits Tuning» (2021, Defne Ayas y Natasha Ginwala)"
762,Ana Prvacki,documenta,,2012,"documenta 13, Kassel (2012)"
763,Araya Rasdjarmrearnsook,Bienal de Estambul,8,2003,"8ª Bienal de Estambul «Poetic Justice» (2003, Dan Cameron)"
763,Araya Rasdjarmrearnsook,documenta,,2012,"documenta 13, Kassel (2012)"
764,Pedro Reyes,Bienal do Mercosul,13,,"13ª Bienal do Mercosul «Trauma, sonho e fuga» (2022, Dantas)"
764,Pedro Reyes,documenta,,2012,"documenta 13, Kassel (2012)"
765,Stuart Ringholt,documenta,,2012,"documenta 13, Kassel (2012)"
766,Juana Marta Rodas,documenta,,2012,"documenta 13, Kassel (2012)"
767,Julia Isídrez,Bienal de Venecia,,,"Bienal de Venecia 2024 «Stranieri Ovunque», muestra internacional (Pedrosa)"
767,Julia Isídrez,Bienal do Mercosul,14,,"14ª Bienal do Mercosul «Estalo» (2025, Fonseca)"
767,Julia Isídrez,documenta,,2012,"documenta 13, Kassel (2012)"
768,Paul Ryan,documenta,,2012,"documenta 13, Kassel (2012)"
769,Natascha Sadr Haghighian,Hugo Boss Prize,,2010,"Hugo Boss Prize, finalista (2010)"
769,Natascha Sadr Haghighian,documenta,,2012,"documenta 13, Kassel (2012)"
770,Anri Sala,Bienal de Estambul,8,2003,"8ª Bienal de Estambul «Poetic Justice» (2003, Dan Cameron)"
770,Anri Sala,Bienal de La Habana,12,2015,12ª Bienal de La Habana «Entre la idea y la experiencia» (2015)
770,Anri Sala,Bienal de São Paulo,29,,"29ª Bienal de São Paulo «Há sempre um copo de mar para um homem navegar» (2010, dos Anjos/Farias)"
770,Anri Sala,Dak'Art,,2004,"Dak'Art, 6ª Bienal de Dakar (2004)"
770,Anri Sala,Hugo Boss Prize,,2002,"Hugo Boss Prize, finalista (2002)"
770,Anri Sala,documenta,,2012,"documenta 13, Kassel (2012)"
771,Issa Samb,documenta,,2012,"documenta 13, Kassel (2012)"
772,Ines Schaber,documenta,,2012,"documenta 13, Kassel (2012)"
773,Albert Serra,documenta,,2012,"documenta 13, Kassel (2012)"
774,Tejal Shah,Bienal de São Paulo,35,,"35ª Bienal de São Paulo «coreografias do impossível» (2023, Lima/Kilomba/Menezes/Borja-Villel)"
774,Tejal Shah,Bienal de Venecia,,,"Bienal de Venecia 2024 «Stranieri Ovunque», muestra internacional (Pedrosa) (Disobedience Archive)"
774,Tejal Shah,documenta,,2012,"documenta 13, Kassel (2012)"
775,Wael Shawky,Bienal de Estambul,9,2005,"9ª Bienal de Estambul «İstanbul» (2005, Esche/Kortun)"
775,Wael Shawky,Hugo Boss Prize,,2016,"Hugo Boss Prize, finalista (2016)"
775,Wael Shawky,documenta,,2012,"documenta 13, Kassel (2012)"
776,Zolaykha Sherzad,documenta,,2012,"documenta 13, Kassel (2012)"
777,Nedko Solakov,Bienal de Estambul,9,2005,"9ª Bienal de Estambul «İstanbul» (2005, Esche/Kortun)"
777,Nedko Solakov,Bienal de Venecia,,,"Bienal de Venecia 2007 «Think with the Senses, Feel with the Mind», muestra internacional (Storr)"
777,Nedko Solakov,documenta,,2012,"documenta 13, Kassel (2012)"
777,Nedko Solakov,documenta,,2007,"documenta 12, Kassel (2007)"
778,Song Dong,Bienal de Estambul,8,2003,"8ª Bienal de Estambul «Poetic Justice» (2003, Dan Cameron)"
778,Song Dong,Bienal de São Paulo,26,,"26ª Bienal de São Paulo «Território Livre» (2004, Hug)"
778,Song Dong,Bienal de São Paulo,36,,"36ª Bienal de São Paulo «Nem todo viandante anda estradas» (2025, Ndikung)"
778,Song Dong,documenta,,2012,"documenta 13, Kassel (2012)"
779,Alexandra Sukhareva,Bienal de Gwangju,13,2021,"13ª Bienal de Gwangju «Minds Rising, Spirits Tuning» (2021, Defne Ayas y Natasha Ginwala)"
779,Alexandra Sukhareva,documenta,,2012,"documenta 13, Kassel (2012)"
780,Mika Taanila,documenta,,2012,"documenta 13, Kassel (2012)"
781,Mohsen Taasha,documenta,,2012,"documenta 13, Kassel (2012)"
782,Javier Téllez,Colección Cisneros (CPPC),,2019,"Donación CPPC al Museo Reina Sofía, Madrid (2019)"
782,Javier Téllez,Colección Daros Latinamerica,,,"Colección Daros Latinamerica, Zúrich"
782,Javier Téllez,Under the Same Sun,,2014,"Under the Same Sun: Art from Latin America Today, Guggenheim, Nueva York (2014, Pablo León de la Barra)"
782,Javier Téllez,documenta,,2012,"documenta 13, Kassel (2012)"
783,Aase Texmon Rygh,documenta,,2012,"documenta 13, Kassel (2012)"
784,Warwick Thornton,documenta,,2012,"documenta 13, Kassel (2012)"
785,Julieta Aranda,CIFO Grants & Commissions,,2012,"CIFO Grants & Commissions, premiado/a (2012)"
785,Julieta Aranda,documenta,,2012,"documenta 13, Kassel (2012)"
786,Anton Vidokle,Dak'Art,,2004,"Dak'Art, 6ª Bienal de Dakar (2004)"
786,Anton Vidokle,documenta,,2012,"documenta 13, Kassel (2012)"
787,Warlimpirrnga Tjapaltjarri,documenta,,2012,"documenta 13, Kassel (2012)"
788,Rattana Vandy,documenta,,2012,"documenta 13, Kassel (2012)"
789,Adrián Villar Rojas,Bienal de La Habana,12,2015,12ª Bienal de La Habana «Entre la idea y la experiencia» (2015)
789,Adrián Villar Rojas,Hugo Boss Prize,,2020,"Hugo Boss Prize, finalista (2020)"
789,Adrián Villar Rojas,documenta,,2012,"documenta 13, Kassel (2012)"
790,Jessica Warboys,Bienal do Mercosul,9,,"9ª Bienal do Mercosul «Se o clima for favorável» (2013, Hernández Chong Cuy)"
790,Jessica Warboys,documenta,,2012,"documenta 13, Kassel (2012)"
791,Clemens von Wedemeyer,documenta,,2012,"documenta 13, Kassel (2012)"
792,Apichatpong Weerasethakul,Artes Mundi,,2019,"Artes Mundi Prize, ganador/a (2019, Cardiff)"
792,Apichatpong Weerasethakul,Bienal de São Paulo,29,,"29ª Bienal de São Paulo «Há sempre um copo de mar para um homem navegar» (2010, dos Anjos/Farias)"
792,Apichatpong Weerasethakul,Bienal de Venecia,,,"Bienal de Venecia 2019 «May You Live in Interesting Times», muestra internacional (Rugoff)"
792,Apichatpong Weerasethakul,Hugo Boss Prize,,2010,"Hugo Boss Prize, finalista (2010)"
792,Apichatpong Weerasethakul,documenta,,2012,"documenta 13, Kassel (2012)"
793,Lawrence Weiner,Bienal de São Paulo,27,,"27ª Bienal de São Paulo «Como Viver Junto» (2006, Lagnado)"
793,Lawrence Weiner,Bienal de Venecia,,,"Bienal de Venecia 2007 «Think with the Senses, Feel with the Mind», muestra internacional (Storr)"
793,Lawrence Weiner,Global Conceptualism,,1999,"Global Conceptualism: Points of Origin 1950s-1980s, Queens Museum, Nueva York (1999, Farver/Camnitzer/Weiss y equipo de once curadores); itinerancia Walker/Miami/MIT List"
793,Lawrence Weiner,Magiciens de la Terre,,1989,"Magiciens de la Terre, Centre Pompidou / Grande Halle de la Villette, París (1989, Jean-Hubert Martin)"
793,Lawrence Weiner,When Attitudes Become Form,,1969,"When Attitudes Become Form «Live in Your Head», Kunsthalle Bern (1969, Harald Szeemann)"
793,Lawrence Weiner,documenta,,2012,"documenta 13, Kassel (2012)"
794,Yan Lei,Bienal de Estambul,10,2007,"10ª Bienal de Estambul «Not Only Possible, But Also Necessary» (2007, Hou Hanru)"
794,Yan Lei,documenta,,2012,"documenta 13, Kassel (2012)"
794,Yan Lei,documenta,,2007,"documenta 12, Kassel (2007)"
795,Haegue Yang,Bienal de São Paulo,27,,"27ª Bienal de São Paulo «Como Viver Junto» (2006, Lagnado)"
795,Haegue Yang,Bienal de Venecia,,,"Bienal de Venecia 2009 «Fare Mondi / Making Worlds», muestra internacional (Birnbaum)"
795,Haegue Yang,documenta,,2012,"documenta 13, Kassel (2012)"
796,Akram Zaatari,Bienal de São Paulo,27,,"27ª Bienal de São Paulo «Como Viver Junto» (2006, Lagnado)"
796,Akram Zaatari,documenta,,2012,"documenta 13, Kassel (2012)"
797,Georges Adéagbo,Bienal de Venecia,,,"Bienal de Venecia 2009 «Fare Mondi / Making Worlds», muestra internacional (Birnbaum)"
797,Georges Adéagbo,The Short Century,,2001,"The Short Century: Independence and Liberation Movements in Africa 1945-1994, Villa Stuck, Múnich (2001, Okwui Enwezor); itinerancia Berlín/Chicago/PS1-MoMA (2001-2002)"
797,Georges Adéagbo,documenta,,2002,"documenta 11, Kassel (2002)"
798,Ravi Agarwal,documenta,,2002,"documenta 11, Kassel (2002)"
799,Eija-Liisa Ahtila,Artes Mundi,,2006,"Artes Mundi Prize, ganador/a (2006, Cardiff)"
799,Eija-Liisa Ahtila,Bienal de São Paulo,28,,"28ª Bienal de São Paulo «Em vivo contato» (2008, Mesquita/Cohen)"
799,Eija-Liisa Ahtila,documenta,,2002,"documenta 11, Kassel (2002)"
800,Chantal Akerman,Bienal de São Paulo,29,,"29ª Bienal de São Paulo «Há sempre um copo de mar para um homem navegar» (2010, dos Anjos/Farias)"
800,Chantal Akerman,Bienal de Venecia,,,"Bienal de Venecia 2015 «All the World’s Futures», muestra internacional (Enwezor)"
800,Chantal Akerman,documenta,,2002,"documenta 11, Kassel (2002)"
801,Gaston André Ancelovici,documenta,,2002,"documenta 11, Kassel (2002)"
802,Fareed Armaly,documenta,,2002,"documenta 11, Kassel (2002)"
803,Rashid Masharawi,documenta,,2002,"documenta 11, Kassel (2002)"
804,Michael Ashkin,documenta,,2002,"documenta 11, Kassel (2002)"
805,Asymptote Architecture,documenta,,2002,"documenta 11, Kassel (2002)"
806,Kutlug Ataman,Bienal de Estambul,10,2007,"10ª Bienal de Estambul «Not Only Possible, But Also Necessary» (2007, Hou Hanru)"
806,Kutlug Ataman,Bienal de Estambul,8,2003,"8ª Bienal de Estambul «Poetic Justice» (2003, Dan Cameron)"
806,Kutlug Ataman,Bienal de São Paulo,29,,"29ª Bienal de São Paulo «Há sempre um copo de mar para um homem navegar» (2010, dos Anjos/Farias)"
806,Kutlug Ataman,Bienal de Venecia,,,"Bienal de Venecia 2015 «All the World’s Futures», muestra internacional (Enwezor)"
806,Kutlug Ataman,documenta,,2002,"documenta 11, Kassel (2002)"
807,The Atlas Group,documenta,,2002,"documenta 11, Kassel (2002)"
808,Julie Bargmann,documenta,,2002,"documenta 11, Kassel (2002)"
809,Stacy Levy,documenta,,2002,"documenta 11, Kassel (2002)"
810,Artur Barrio,Bienal de São Paulo,29,,"29ª Bienal de São Paulo «Há sempre um copo de mar para um homem navegar» (2010, dos Anjos/Farias)"
810,Artur Barrio,Bienal do Mercosul,1,,"1ª Bienal do Mercosul (1997, Porto Alegre)"
810,Artur Barrio,Global Conceptualism,,1999,"Global Conceptualism: Points of Origin 1950s-1980s, Queens Museum, Nueva York (1999, Farver/Camnitzer/Weiss y equipo de once curadores); itinerancia Walker/Miami/MIT List"
810,Artur Barrio,Premio Velázquez,,2011,Premio Velázquez de las Artes Plásticas (2011)
810,Artur Barrio,documenta,,2002,"documenta 11, Kassel (2002)"
811,Bernd and Hilla Becher,Information (MoMA 1970),,1970,"Information, The Museum of Modern Art, Nueva York (1970, Kynaston McShine)"
811,Bernd and Hilla Becher,documenta,,2002,"documenta 11, Kassel (2002)"
812,Black Audio Film Collective,documenta,,2002,"documenta 11, Kassel (2002)"
813,Ecke Bonk,documenta,,2002,"documenta 11, Kassel (2002)"
814,Frédéric Bruly Bouabré,Bienal de São Paulo,30,,"30ª Bienal de São Paulo «A iminência das poéticas» (2012, Pérez-Oramas)"
814,Frédéric Bruly Bouabré,Bienal de Venecia,,,"Bienal de Venecia 2013 «Il Palazzo Enciclopedico», muestra internacional (Gioni)"
814,Frédéric Bruly Bouabré,Global Conceptualism,,1999,"Global Conceptualism: Points of Origin 1950s-1980s, Queens Museum, Nueva York (1999, Farver/Camnitzer/Weiss y equipo de once curadores); itinerancia Walker/Miami/MIT List"
814,Frédéric Bruly Bouabré,Magiciens de la Terre,,1989,"Magiciens de la Terre, Centre Pompidou / Grande Halle de la Villette, París (1989, Jean-Hubert Martin)"
814,Frédéric Bruly Bouabré,The Short Century,,2001,"The Short Century: Independence and Liberation Movements in Africa 1945-1994, Villa Stuck, Múnich (2001, Okwui Enwezor); itinerancia Berlín/Chicago/PS1-MoMA (2001-2002)"
814,Frédéric Bruly Bouabré,documenta,,2002,"documenta 11, Kassel (2002)"
815,Louise Bourgeois,Bienal de Venecia,,,"Bienal de Venecia 2007 «Think with the Senses, Feel with the Mind», muestra internacional (Storr)"
815,Louise Bourgeois,Magiciens de la Terre,,1989,"Magiciens de la Terre, Centre Pompidou / Grande Halle de la Villette, París (1989, Jean-Hubert Martin)"
815,Louise Bourgeois,Praemium Imperiale,,1999,"Praemium Imperiale, escultura (1999)"
815,Louise Bourgeois,documenta,,2002,"documenta 11, Kassel (2002)"
816,Stanley Brouwn,Global Conceptualism,,1999,"Global Conceptualism: Points of Origin 1950s-1980s, Queens Museum, Nueva York (1999, Farver/Camnitzer/Weiss y equipo de once curadores); itinerancia Walker/Miami/MIT List"
816,Stanley Brouwn,Information (MoMA 1970),,1970,"Information, The Museum of Modern Art, Nueva York (1970, Kynaston McShine)"
816,Stanley Brouwn,Magiciens de la Terre,,1989,"Magiciens de la Terre, Centre Pompidou / Grande Halle de la Villette, París (1989, Jean-Hubert Martin)"
816,Stanley Brouwn,documenta,,2002,"documenta 11, Kassel (2002)"
817,Luis Camnitzer,Ante América,,1992,"Ante América, Biblioteca Luis Ángel Arango, Bogotá (1992, Mosquera/Ponce de León/Weiss)"
817,Luis Camnitzer,Bienal de La Habana,12,2015,12ª Bienal de La Habana «Entre la idea y la experiencia» (2015)
817,Luis Camnitzer,Colección Cisneros (CPPC),,2018,"Donación CPPC al MoMA, Contemporary Gift (2018)"
817,Luis Camnitzer,Colección Daros Latinamerica,,,"Colección Daros Latinamerica, Zúrich"
817,Luis Camnitzer,Under the Same Sun,,2014,"Under the Same Sun: Art from Latin America Today, Guggenheim, Nueva York (2014, Pablo León de la Barra)"
817,Luis Camnitzer,Whitney Biennial,,,"Whitney Biennial 2000, Nueva York"
817,Luis Camnitzer,documenta,,2002,"documenta 11, Kassel (2002)"
818,James Coleman,Bienal de São Paulo,29,,"29ª Bienal de São Paulo «Há sempre um copo de mar para um homem navegar» (2010, dos Anjos/Farias)"
818,James Coleman,documenta,,2002,"documenta 11, Kassel (2002)"
818,James Coleman,documenta,,2007,"documenta 12, Kassel (2007)"
819,Constant,documenta,,2002,"documenta 11, Kassel (2002)"
820,Margit Czenki,documenta,,2002,"documenta 11, Kassel (2002)"
821,Destiny Deacon,Bienal de Sharjah,15,2023,"15ª Bienal de Sharjah «Thinking Historically in the Present» (2023, Hoor Al Qasimi, comisión 30 aniversario)"
821,Destiny Deacon,documenta,,2002,"documenta 11, Kassel (2002)"
822,Stan Douglas,Bienal de Gwangju,7,2008,"7ª Bienal de Gwangju «Annual Report: A Year in Exhibitions» (2008, Okwui Enwezor)"
822,Stan Douglas,Bienal de Venecia,,,"Bienal de Venecia 2019 «May You Live in Interesting Times», muestra internacional (Rugoff)"
822,Stan Douglas,Hugo Boss Prize,,1996,"Hugo Boss Prize, finalista (1996)"
822,Stan Douglas,documenta,,2002,"documenta 11, Kassel (2002)"
823,Cecilia Edefalk,documenta,,2002,"documenta 11, Kassel (2002)"
824,William Eggleston,documenta,,2002,"documenta 11, Kassel (2002)"
825,Touhami Ennadre,Bienal de La Habana,6,1997,6ª Bienal de La Habana «El individuo y su memoria» (1997)
825,Touhami Ennadre,The Short Century,,2001,"The Short Century: Independence and Liberation Movements in Africa 1945-1994, Villa Stuck, Múnich (2001, Okwui Enwezor); itinerancia Berlín/Chicago/PS1-MoMA (2001-2002)"
825,Touhami Ennadre,documenta,,2002,"documenta 11, Kassel (2002)"
826,Cerith Wyn Evans,Bienal de Estambul,9,2005,"9ª Bienal de Estambul «İstanbul» (2005, Esche/Kortun)"
826,Cerith Wyn Evans,Bienal de Venecia,,,"Bienal de Venecia 2009 «Fare Mondi / Making Worlds», muestra internacional (Birnbaum)"
826,Cerith Wyn Evans,documenta,,2002,"documenta 11, Kassel (2002)"
827,Feng Mengbo,documenta,,2002,"documenta 11, Kassel (2002)"
828,Yona Friedman,Bienal de Venecia,,,"Bienal de Venecia 2009 «Fare Mondi / Making Worlds», muestra internacional (Birnbaum)"
828,Yona Friedman,documenta,,2002,"documenta 11, Kassel (2002)"
829,Meschac Gaba,Bienal de São Paulo,27,,"27ª Bienal de São Paulo «Como Viver Junto» (2006, Lagnado)"
829,Meschac Gaba,documenta,,2002,"documenta 11, Kassel (2002)"
830,Giuseppe Gabellone,documenta,,2002,"documenta 11, Kassel (2002)"
831,Carlos Garaicoa,Bienal de Cuenca,16,,"16ª Bienal de Cuenca (2023, Barenblit)"
831,Carlos Garaicoa,Bienal de La Habana,6,1997,6ª Bienal de La Habana «El individuo y su memoria» (1997)
831,Carlos Garaicoa,Bienal de São Paulo,29,,"29ª Bienal de São Paulo «Há sempre um copo de mar para um homem navegar» (2010, dos Anjos/Farias)"
831,Carlos Garaicoa,Bienal de São Paulo,26,,"26ª Bienal de São Paulo «Território Livre» (2004, Hug)"
831,Carlos Garaicoa,documenta,,2002,"documenta 11, Kassel (2002)"
832,Kendell Geers,Bienal de Estambul,8,2003,"8ª Bienal de Estambul «Poetic Justice» (2003, Dan Cameron)"
832,Kendell Geers,Bienal de São Paulo,29,,"29ª Bienal de São Paulo «Há sempre um copo de mar para um homem navegar» (2010, dos Anjos/Farias)"
832,Kendell Geers,Global Conceptualism,,1999,"Global Conceptualism: Points of Origin 1950s-1980s, Queens Museum, Nueva York (1999, Farver/Camnitzer/Weiss y equipo de once curadores); itinerancia Walker/Miami/MIT List"
832,Kendell Geers,The Short Century,,2001,"The Short Century: Independence and Liberation Movements in Africa 1945-1994, Villa Stuck, Múnich (2001, Okwui Enwezor); itinerancia Berlín/Chicago/PS1-MoMA (2001-2002)"
832,Kendell Geers,documenta,,2002,"documenta 11, Kassel (2002)"
833,Jef Geys,documenta,,2002,"documenta 11, Kassel (2002)"
834,David Goldblatt,Bienal de São Paulo,29,,"29ª Bienal de São Paulo «Há sempre um copo de mar para um homem navegar» (2010, dos Anjos/Farias)"
834,David Goldblatt,documenta,,2002,"documenta 11, Kassel (2002)"
834,David Goldblatt,documenta,,2007,"documenta 12, Kassel (2007)"
835,Leon Golub,documenta,,2002,"documenta 11, Kassel (2002)"
836,Dominique Gonzalez-Foerster,Bienal de São Paulo,27,,"27ª Bienal de São Paulo «Como Viver Junto» (2006, Lagnado)"
836,Dominique Gonzalez-Foerster,Bienal de Venecia,,,"Bienal de Venecia 2019 «May You Live in Interesting Times», muestra internacional (Rugoff)"
836,Dominique Gonzalez-Foerster,Bienal de Venecia,,,"Bienal de Venecia 2009 «Fare Mondi / Making Worlds», muestra internacional (Birnbaum)"
836,Dominique Gonzalez-Foerster,Cities on the Move,,1997,"Cities on the Move, Secession, Viena (1997, Hou Hanru y Hans Ulrich Obrist); itinerancia Burdeos, PS1, Louisiana, Hayward, Kiasma y Bangkok (1997-1999)"
836,Dominique Gonzalez-Foerster,Dak'Art,,2004,"Dak'Art, 6ª Bienal de Dakar (2004)"
836,Dominique Gonzalez-Foerster,Under the Same Sun,,2014,"Under the Same Sun: Art from Latin America Today, Guggenheim, Nueva York (2014, Pablo León de la Barra)"
836,Dominique Gonzalez-Foerster,documenta,,2002,"documenta 11, Kassel (2002)"
837,Renée Green,Bienal de Estambul,10,2007,"10ª Bienal de Estambul «Not Only Possible, But Also Necessary» (2007, Hou Hanru)"
837,Renée Green,Cocido y crudo,,1994,"Cocido y crudo, Museo Reina Sofía, Madrid (1994-1995, Dan Cameron)"
837,Renée Green,Whitney Biennial,,,"Whitney Biennial 2022 «Quiet as It’s Kept», Nueva York"
837,Renée Green,documenta,,2002,"documenta 11, Kassel (2002)"
838,Víctor Grippo,Colección Daros Latinamerica,,,"Colección Daros Latinamerica, Zúrich"
838,Víctor Grippo,Global Conceptualism,,1999,"Global Conceptualism: Points of Origin 1950s-1980s, Queens Museum, Nueva York (1999, Farver/Camnitzer/Weiss y equipo de once curadores); itinerancia Walker/Miami/MIT List"
838,Víctor Grippo,documenta,,2002,"documenta 11, Kassel (2002)"
839,Le Groupe Amos,documenta,,2002,"documenta 11, Kassel (2002)"
840,Jens Haaning,Bienal de Estambul,9,2005,"9ª Bienal de Estambul «İstanbul» (2005, Esche/Kortun)"
840,Jens Haaning,documenta,,2002,"documenta 11, Kassel (2002)"
841,Candida Höfer,documenta,,2002,"documenta 11, Kassel (2002)"
842,Craigie Horsfield,Turner Prize,,1996,Turner Prize (nominación 1996)
842,Craigie Horsfield,Whitney Biennial,,,"Whitney Biennial 2004, Nueva York"
842,Craigie Horsfield,documenta,,2002,"documenta 11, Kassel (2002)"
843,Huit Facettes,documenta,,2002,"documenta 11, Kassel (2002)"
844,Igloolik Isuma Productions,documenta,,2002,"documenta 11, Kassel (2002)"
845,Alfredo Jaar,Ante América,,1992,"Ante América, Biblioteca Luis Ángel Arango, Bogotá (1992, Mosquera/Ponce de León/Weiss)"
845,Alfredo Jaar,Bienal de São Paulo,34,,"34ª Bienal de São Paulo «Faz escuro mas eu canto» (2021, Crivelli Visconti)"
845,Alfredo Jaar,Bienal de São Paulo,29,,"29ª Bienal de São Paulo «Há sempre um copo de mar para um homem navegar» (2010, dos Anjos/Farias)"
845,Alfredo Jaar,Bienal do Mercosul,10,,"10ª Bienal do Mercosul «Mensagens de uma Nova América» (2015, Fidelis)"
845,Alfredo Jaar,Colección Daros Latinamerica,,,"Colección Daros Latinamerica, Zúrich"
845,Alfredo Jaar,Magiciens de la Terre,,1989,"Magiciens de la Terre, Centre Pompidou / Grande Halle de la Villette, París (1989, Jean-Hubert Martin)"
845,Alfredo Jaar,Under the Same Sun,,2014,"Under the Same Sun: Art from Latin America Today, Guggenheim, Nueva York (2014, Pablo León de la Barra)"
845,Alfredo Jaar,Whitney Biennial,,,"Whitney Biennial 2022 «Quiet as It’s Kept», Nueva York"
845,Alfredo Jaar,documenta,,2002,"documenta 11, Kassel (2002)"
846,Isaac Julien,Bienal de Sharjah,15,2023,"15ª Bienal de Sharjah «Thinking Historically in the Present» (2023, Hoor Al Qasimi, comisión 30 aniversario)"
846,Isaac Julien,Bienal de Venecia,,,"Bienal de Venecia 2015 «All the World’s Futures», muestra internacional (Enwezor)"
846,Isaac Julien,Dak'Art,,2004,"Dak'Art, 6ª Bienal de Dakar (2004)"
846,Isaac Julien,The Short Century,,2001,"The Short Century: Independence and Liberation Movements in Africa 1945-1994, Villa Stuck, Múnich (2001, Okwui Enwezor); itinerancia Berlín/Chicago/PS1-MoMA (2001-2002)"
846,Isaac Julien,Turner Prize,,2001,Turner Prize (nominación 2001)
846,Isaac Julien,Whitney Biennial,,,"Whitney Biennial 2024 «Even Better Than the Real Thing», Nueva York"
846,Isaac Julien,Whitney Biennial,,,"Whitney Biennial 2004, Nueva York"
846,Isaac Julien,documenta,,2002,"documenta 11, Kassel (2002)"
847,Bodys Isek Kingelez,Cocido y crudo,,1994,"Cocido y crudo, Museo Reina Sofía, Madrid (1994-1995, Dan Cameron)"
847,Bodys Isek Kingelez,Magiciens de la Terre,,1989,"Magiciens de la Terre, Centre Pompidou / Grande Halle de la Villette, París (1989, Jean-Hubert Martin)"
847,Bodys Isek Kingelez,The Short Century,,2001,"The Short Century: Independence and Liberation Movements in Africa 1945-1994, Villa Stuck, Múnich (2001, Okwui Enwezor); itinerancia Berlín/Chicago/PS1-MoMA (2001-2002)"
847,Bodys Isek Kingelez,documenta,,2002,"documenta 11, Kassel (2002)"
848,Ben Kinmont,Whitney Biennial,,,"Whitney Biennial 2014, Nueva York"
848,Ben Kinmont,documenta,,2002,"documenta 11, Kassel (2002)"
849,Igor Kopystiansky,Cocido y crudo,,1994,"Cocido y crudo, Museo Reina Sofía, Madrid (1994-1995, Dan Cameron)"
849,Igor Kopystiansky,documenta,,2002,"documenta 11, Kassel (2002)"
850,Svetlana Kopystiansky,Cocido y crudo,,1994,"Cocido y crudo, Museo Reina Sofía, Madrid (1994-1995, Dan Cameron)"
850,Svetlana Kopystiansky,documenta,,2002,"documenta 11, Kassel (2002)"
851,Ivan Kožarić,documenta,,2002,"documenta 11, Kassel (2002)"
852,Andreja Kulunčić,Bienal de Estambul,8,2003,"8ª Bienal de Estambul «Poetic Justice» (2003, Dan Cameron)"
852,Andreja Kulunčić,documenta,,2002,"documenta 11, Kassel (2002)"
853,Glenn Ligon,Bienal de Venecia,,,"Bienal de Venecia 2015 «All the World’s Futures», muestra internacional (Enwezor)"
853,Glenn Ligon,documenta,,2002,"documenta 11, Kassel (2002)"
854,Ken Lum,Bienal de Estambul,10,2007,"10ª Bienal de Estambul «Not Only Possible, But Also Necessary» (2007, Hou Hanru)"
854,Ken Lum,Cities on the Move,,1997,"Cities on the Move, Secession, Viena (1997, Hou Hanru y Hans Ulrich Obrist); itinerancia Burdeos, PS1, Louisiana, Hayward, Kiasma y Bangkok (1997-1999)"
854,Ken Lum,Whitney Biennial,,,"Whitney Biennial 2014, Nueva York"
854,Ken Lum,documenta,,2002,"documenta 11, Kassel (2002)"
855,Mark Manders,documenta,,2002,"documenta 11, Kassel (2002)"
856,Cildo Meireles,Bienal de Estambul,8,2003,"8ª Bienal de Estambul «Poetic Justice» (2003, Dan Cameron)"
856,Cildo Meireles,Bienal de Gwangju,7,2008,"7ª Bienal de Gwangju «Annual Report: A Year in Exhibitions» (2008, Okwui Enwezor)"
856,Cildo Meireles,Bienal de São Paulo,29,,"29ª Bienal de São Paulo «Há sempre um copo de mar para um homem navegar» (2010, dos Anjos/Farias)"
856,Cildo Meireles,Bienal de Venecia,,,"Bienal de Venecia 2009 «Fare Mondi / Making Worlds», muestra internacional (Birnbaum)"
856,Cildo Meireles,Bienal do Mercosul,1,,"1ª Bienal do Mercosul (1997, Porto Alegre)"
856,Cildo Meireles,Bienal do Mercosul,6,,"6ª Bienal do Mercosul «A Terceira Margem do Rio» (2007, Pérez-Barreiro)"
856,Cildo Meireles,Bienal do Mercosul,10,,"10ª Bienal do Mercosul «Mensagens de uma Nova América» (2015, Fidelis)"
856,Cildo Meireles,Colección Cisneros (CPPC),,2018,"Donación CPPC al MoMA, Contemporary Gift (2018)"
856,Cildo Meireles,Colección Daros Latinamerica,,,"Colección Daros Latinamerica, Zúrich"
856,Cildo Meireles,Global Conceptualism,,1999,"Global Conceptualism: Points of Origin 1950s-1980s, Queens Museum, Nueva York (1999, Farver/Camnitzer/Weiss y equipo de once curadores); itinerancia Walker/Miami/MIT List"
856,Cildo Meireles,Magiciens de la Terre,,1989,"Magiciens de la Terre, Centre Pompidou / Grande Halle de la Villette, París (1989, Jean-Hubert Martin)"
856,Cildo Meireles,Premio Velázquez,,2008,Premio Velázquez de las Artes Plásticas (2008)
856,Cildo Meireles,documenta,,2002,"documenta 11, Kassel (2002)"
857,Annette Messager,Bienal de La Habana,7,2000,7ª Bienal de La Habana «Uno más cerca del otro» (2000-2001)
857,Annette Messager,Praemium Imperiale,,2016,"Praemium Imperiale, escultura (2016)"
857,Annette Messager,documenta,,2002,"documenta 11, Kassel (2002)"
858,Ryuji Miyamoto,documenta,,2002,"documenta 11, Kassel (2002)"
859,Santu Mofokeng,Bienal de Gwangju,7,2008,"7ª Bienal de Gwangju «Annual Report: A Year in Exhibitions» (2008, Okwui Enwezor)"
859,Santu Mofokeng,The Short Century,,2001,"The Short Century: Independence and Liberation Movements in Africa 1945-1994, Villa Stuck, Múnich (2001, Okwui Enwezor); itinerancia Berlín/Chicago/PS1-MoMA (2001-2002)"
859,Santu Mofokeng,documenta,,2002,"documenta 11, Kassel (2002)"
860,Multiplicity,Bienal de Estambul,10,2007,"10ª Bienal de Estambul «Not Only Possible, But Also Necessary» (2007, Hou Hanru)"
860,Multiplicity,Dak'Art,,2004,"Dak'Art, 6ª Bienal de Dakar (2004)"
860,Multiplicity,documenta,,2002,"documenta 11, Kassel (2002)"
861,Olumuyiwa Olamide Osifuye,documenta,,2002,"documenta 11, Kassel (2002)"
862,Ulrike Ottinger,documenta,,2002,"documenta 11, Kassel (2002)"
863,Park Fiction,documenta,,2002,"documenta 11, Kassel (2002)"
864,Manfred Pernice,Bienal de São Paulo,29,,"29ª Bienal de São Paulo «Há sempre um copo de mar para um homem navegar» (2010, dos Anjos/Farias)"
864,Manfred Pernice,documenta,,2002,"documenta 11, Kassel (2002)"
865,Raymond Pettibon,Bienal de Venecia,,,"Bienal de Venecia 2007 «Think with the Senses, Feel with the Mind», muestra internacional (Storr)"
865,Raymond Pettibon,Whitney Biennial,,,"Whitney Biennial 2004, Nueva York"
865,Raymond Pettibon,documenta,,2002,"documenta 11, Kassel (2002)"
866,Lisl Ponger,documenta,,2002,"documenta 11, Kassel (2002)"
867,Pere Portabella,documenta,,2002,"documenta 11, Kassel (2002)"
868,RAQS Media Collective,Bienal de Estambul,10,2007,"10ª Bienal de Estambul «Not Only Possible, But Also Necessary» (2007, Hou Hanru)"
868,RAQS Media Collective,Bienal de São Paulo,29,,"29ª Bienal de São Paulo «Há sempre um copo de mar para um homem navegar» (2010, dos Anjos/Farias)"
868,RAQS Media Collective,Bienal de Venecia,,,"Bienal de Venecia 2015 «All the World’s Futures», muestra internacional (Enwezor)"
868,RAQS Media Collective,Whitney Biennial,,,"Whitney Biennial 2024 «Even Better Than the Real Thing», Nueva York"
868,RAQS Media Collective,documenta,,2002,"documenta 11, Kassel (2002)"
869,Alejandra Riera,Bienal de São Paulo,31,,"31ª Bienal de São Paulo «Como falar de coisas que não existem» (2014, Esche)"
869,Alejandra Riera,documenta,,2002,"documenta 11, Kassel (2002)"
869,Alejandra Riera,documenta,,2007,"documenta 12, Kassel (2007)"
870,Seifollah Samadian,Bienal de Estambul,8,2003,"8ª Bienal de Estambul «Poetic Justice» (2003, Dan Cameron)"
870,Seifollah Samadian,documenta,,2002,"documenta 11, Kassel (2002)"
871,Gilles Saussier,documenta,,2002,"documenta 11, Kassel (2002)"
872,Christoph Schäfer,documenta,,2002,"documenta 11, Kassel (2002)"
873,Allan Sekula,Bienal de Estambul,10,2007,"10ª Bienal de Estambul «Not Only Possible, But Also Necessary» (2007, Hou Hanru)"
873,Allan Sekula,Bienal de São Paulo,29,,"29ª Bienal de São Paulo «Há sempre um copo de mar para um homem navegar» (2010, dos Anjos/Farias)"
873,Allan Sekula,documenta,,2002,"documenta 11, Kassel (2002)"
873,Allan Sekula,documenta,,2007,"documenta 12, Kassel (2007)"
874,Andreas Siekmann,documenta,,2002,"documenta 11, Kassel (2002)"
874,Andreas Siekmann,documenta,,2007,"documenta 12, Kassel (2007)"
875,Simparch,Whitney Biennial,,,"Whitney Biennial 2004, Nueva York"
875,Simparch,documenta,,2002,"documenta 11, Kassel (2002)"
876,Lorna Simpson,Bienal de Venecia,,,"Bienal de Venecia 2015 «All the World’s Futures», muestra internacional (Enwezor)"
876,Lorna Simpson,Hugo Boss Prize,,1998,"Hugo Boss Prize, finalista (1998)"
876,Lorna Simpson,Whitney Biennial,,,"Whitney Biennial 2002, Nueva York"
876,Lorna Simpson,documenta,,2002,"documenta 11, Kassel (2002)"
877,Eyal Sivan,documenta,,2002,"documenta 11, Kassel (2002)"
878,David Small,documenta,,2002,"documenta 11, Kassel (2002)"
879,Fiona Tan,Artes Mundi,,2004,"Artes Mundi 1, finalista (2004, Cardiff)"
879,Fiona Tan,Bienal de Estambul,8,2003,"8ª Bienal de Estambul «Poetic Justice» (2003, Dan Cameron)"
879,Fiona Tan,Bienal de São Paulo,29,,"29ª Bienal de São Paulo «Há sempre um copo de mar para um homem navegar» (2010, dos Anjos/Farias)"
879,Fiona Tan,Cities on the Move,,1997,"Cities on the Move, Secession, Viena (1997, Hou Hanru y Hans Ulrich Obrist); itinerancia Burdeos, PS1, Louisiana, Hayward, Kiasma y Bangkok (1997-1999)"
879,Fiona Tan,documenta,,2002,"documenta 11, Kassel (2002)"
880,Pascale Marthine Tayou,Bienal de Estambul,8,2003,"8ª Bienal de Estambul «Poetic Justice» (2003, Dan Cameron)"
880,Pascale Marthine Tayou,Bienal de La Habana,6,1997,6ª Bienal de La Habana «El individuo y su memoria» (1997)
880,Pascale Marthine Tayou,Bienal de Venecia,,,"Bienal de Venecia 2009 «Fare Mondi / Making Worlds», muestra internacional (Birnbaum)"
880,Pascale Marthine Tayou,Dak'Art,,,"Dak'Art, 15ª Bienal de Dakar «The Wake» (2024, Salimata Diop)"
880,Pascale Marthine Tayou,The Short Century,,2001,"The Short Century: Independence and Liberation Movements in Africa 1945-1994, Villa Stuck, Múnich (2001, Okwui Enwezor); itinerancia Berlín/Chicago/PS1-MoMA (2001-2002)"
880,Pascale Marthine Tayou,documenta,,2002,"documenta 11, Kassel (2002)"
881,Jean-Marie Teno,documenta,,2002,"documenta 11, Kassel (2002)"
882,Trinh T. Minh-ha,Bienal de São Paulo,35,,"35ª Bienal de São Paulo «coreografias do impossível» (2023, Lima/Kilomba/Menezes/Borja-Villel)"
882,Trinh T. Minh-ha,Whitney Biennial,,,"Whitney Biennial 2022 «Quiet as It’s Kept», Nueva York"
882,Trinh T. Minh-ha,documenta,,2002,"documenta 11, Kassel (2002)"
883,tsunamii.net,documenta,,2002,"documenta 11, Kassel (2002)"
884,Joëlle Tuerlinckx,documenta,,2002,"documenta 11, Kassel (2002)"
885,Nomeda & Gediminas Urbonas,Bienal de São Paulo,32,,"32ª Bienal de São Paulo «Incerteza Viva» (2016, Volz)"
885,Nomeda & Gediminas Urbonas,documenta,,2002,"documenta 11, Kassel (2002)"
886,Jeff Wall,Magiciens de la Terre,,1989,"Magiciens de la Terre, Centre Pompidou / Grande Halle de la Villette, París (1989, Jean-Hubert Martin)"
886,Jeff Wall,documenta,,2002,"documenta 11, Kassel (2002)"
887,Nari Ward,Bienal de La Habana,8,2003,8ª Bienal de La Habana (2003)
887,Nari Ward,Bienal de Sharjah,15,2023,"15ª Bienal de Sharjah «Thinking Historically in the Present» (2023, Hoor Al Qasimi, comisión 30 aniversario)"
887,Nari Ward,Bienal de São Paulo,36,,"36ª Bienal de São Paulo «Nem todo viandante anda estradas» (2025, Ndikung)"
887,Nari Ward,Whitney Biennial,,,"Whitney Biennial 2006 «Day for Night», Nueva York"
887,Nari Ward,documenta,,2002,"documenta 11, Kassel (2002)"
888,Ouattara Watts,Bienal de Gwangju,13,2021,"13ª Bienal de Gwangju «Minds Rising, Spirits Tuning» (2021, Defne Ayas y Natasha Ginwala)"
888,Ouattara Watts,The Short Century,,2001,"The Short Century: Independence and Liberation Movements in Africa 1945-1994, Villa Stuck, Múnich (2001, Okwui Enwezor); itinerancia Berlín/Chicago/PS1-MoMA (2001-2002)"
888,Ouattara Watts,Whitney Biennial,,,"Whitney Biennial 2002, Nueva York"
888,Ouattara Watts,documenta,,2002,"documenta 11, Kassel (2002)"
889,Sonia Abian Rose,documenta,,2007,"documenta 12, Kassel (2007)"
890,Ferran Adrià,documenta,,2007,"documenta 12, Kassel (2007)"
891,Saâdane Afif,Bienal de Gwangju,15,2024,"15ª Bienal de Gwangju «Pansori, a soundscape of the 21st century» (2024, Nicolas Bourriaud)"
891,Saâdane Afif,Bienal de Venecia,,,"Bienal de Venecia 2015 «All the World’s Futures», muestra internacional (Enwezor)"
891,Saâdane Afif,documenta,,2007,"documenta 12, Kassel (2007)"
892,Halil Altindere,documenta,,2007,"documenta 12, Kassel (2007)"
893,Eleanor Antin,Global Conceptualism,,1999,"Global Conceptualism: Points of Origin 1950s-1980s, Queens Museum, Nueva York (1999, Farver/Camnitzer/Weiss y equipo de once curadores); itinerancia Walker/Miami/MIT List"
893,Eleanor Antin,documenta,,2007,"documenta 12, Kassel (2007)"
894,Aoki Ryoko,documenta,,2007,"documenta 12, Kassel (2007)"
895,David Aradeon,documenta,,2007,"documenta 12, Kassel (2007)"
896,Ibon Aranberri,documenta,,2007,"documenta 12, Kassel (2007)"
897,Monika Baer,documenta,,2007,"documenta 12, Kassel (2007)"
898,Maja Bajević,Bienal de Venecia,,,"Bienal de Venecia 2015 «All the World’s Futures», muestra internacional (Enwezor)"
898,Maja Bajević,documenta,,2007,"documenta 12, Kassel (2007)"
899,Yael Bartana,Artes Mundi,,2010,"Artes Mundi Prize, ganador/a (2010, Cardiff)"
899,Yael Bartana,Bienal de Estambul,9,2005,"9ª Bienal de Estambul «İstanbul» (2005, Esche/Kortun)"
899,Yael Bartana,Bienal de São Paulo,31,,"31ª Bienal de São Paulo «Como falar de coisas que não existem» (2014, Esche)"
899,Yael Bartana,Bienal de São Paulo,29,,"29ª Bienal de São Paulo «Há sempre um copo de mar para um homem navegar» (2010, dos Anjos/Farias)"
899,Yael Bartana,Bienal de São Paulo,27,,"27ª Bienal de São Paulo «Como Viver Junto» (2006, Lagnado)"
899,Yael Bartana,documenta,,2007,"documenta 12, Kassel (2007)"
900,Ricardo Basbaum,Bienal de São Paulo,30,,"30ª Bienal de São Paulo «A iminência das poéticas» (2012, Pérez-Oramas)"
900,Ricardo Basbaum,documenta,,2007,"documenta 12, Kassel (2007)"
901,Johanna Billing,Bienal de Estambul,9,2005,"9ª Bienal de Estambul «İstanbul» (2005, Esche/Kortun)"
901,Johanna Billing,documenta,,2007,"documenta 12, Kassel (2007)"
902,Cosima von Bonin,Bienal de Venecia,,,"Bienal de Venecia 2022 «The Milk of Dreams», muestra internacional (Alemani)"
902,Cosima von Bonin,documenta,,2007,"documenta 12, Kassel (2007)"
903,Trisha Brown,documenta,,2007,"documenta 12, Kassel (2007)"
904,Graciela Carnevale,Radical Women,,2017,"Radical Women: Latin American Art 1960-1985, Hammer Museum (2017, Fajardo-Hill/Giunta); itinerancia Brooklyn Museum y Pinacoteca de São Paulo (2018)"
904,Graciela Carnevale,documenta,,2007,"documenta 12, Kassel (2007)"
905,Alice Creischer,documenta,,2007,"documenta 12, Kassel (2007)"
906,Danica Dakić,Bienal de Estambul,8,2003,"8ª Bienal de Estambul «Poetic Justice» (2003, Dan Cameron)"
906,Danica Dakić,Bienal de São Paulo,31,,"31ª Bienal de São Paulo «Como falar de coisas que não existem» (2014, Esche)"
906,Danica Dakić,documenta,,2007,"documenta 12, Kassel (2007)"
907,Juan Dávila,Cocido y crudo,,1994,"Cocido y crudo, Museo Reina Sofía, Madrid (1994-1995, Dan Cameron)"
907,Juan Dávila,documenta,,2007,"documenta 12, Kassel (2007)"
908,Dias & Riedweg,Bienal de La Habana,8,2003,8ª Bienal de La Habana (2003)
908,Dias & Riedweg,Bienal de São Paulo,24,,"24ª Bienal de São Paulo «Antropofagia», Roteiros (1998, Herkenhoff)"
908,Dias & Riedweg,documenta,,2007,"documenta 12, Kassel (2007)"
909,Gonzalo Díaz,Colección Daros Latinamerica,,,"Colección Daros Latinamerica, Zúrich"
909,Gonzalo Díaz,documenta,,2007,"documenta 12, Kassel (2007)"
910,Ines Doujak,documenta,,2007,"documenta 12, Kassel (2007)"
911,Lili Dujourie,Cocido y crudo,,1994,"Cocido y crudo, Museo Reina Sofía, Madrid (1994-1995, Dan Cameron)"
911,Lili Dujourie,documenta,,2007,"documenta 12, Kassel (2007)"
912,Lukas Duwenhögger,Bienal de Estambul,9,2005,"9ª Bienal de Estambul «İstanbul» (2005, Esche/Kortun)"
912,Lukas Duwenhögger,documenta,,2007,"documenta 12, Kassel (2007)"
913,León Ferrari,Bienal de La Habana,7,2000,7ª Bienal de La Habana «Uno más cerca del otro» (2000-2001)
913,León Ferrari,Bienal de São Paulo,27,,"27ª Bienal de São Paulo «Como Viver Junto» (2006, Lagnado)"
913,León Ferrari,Bienal de Venecia,,,"Bienal de Venecia 2007 «Think with the Senses, Feel with the Mind», muestra internacional (Storr)"
913,León Ferrari,Bienal do Mercosul,6,,"6ª Bienal do Mercosul «A Terceira Margem do Rio» (2007, Pérez-Barreiro)"
913,León Ferrari,Colección Daros Latinamerica,,,"Colección Daros Latinamerica, Zúrich"
913,León Ferrari,Global Conceptualism,,1999,"Global Conceptualism: Points of Origin 1950s-1980s, Queens Museum, Nueva York (1999, Farver/Camnitzer/Weiss y equipo de once curadores); itinerancia Walker/Miami/MIT List"
913,León Ferrari,documenta,,2007,"documenta 12, Kassel (2007)"
913,León Ferrari,otro,,2007,"León de Oro al mejor participante, Venecia (2007)"
914,Iole de Freitas,Bienal do Mercosul,13,,"13ª Bienal do Mercosul «Trauma, sonho e fuga» (2022, Dantas)"
914,Iole de Freitas,Colección Daros Latinamerica,,,"Colección Daros Latinamerica, Zúrich"
914,Iole de Freitas,Radical Women,,2017,"Radical Women: Latin American Art 1960-1985, Hammer Museum (2017, Fajardo-Hill/Giunta); itinerancia Brooklyn Museum y Pinacoteca de São Paulo (2018)"
914,Iole de Freitas,documenta,,2007,"documenta 12, Kassel (2007)"
915,Andrea Geyer,Bienal de São Paulo,29,,"29ª Bienal de São Paulo «Há sempre um copo de mar para um homem navegar» (2010, dos Anjos/Farias)"
915,Andrea Geyer,documenta,,2007,"documenta 12, Kassel (2007)"
916,Sheela Gowda,Artes Mundi,,2012,"Artes Mundi 5, finalista (2012, Cardiff)"
916,Sheela Gowda,Bienal de São Paulo,31,,"31ª Bienal de São Paulo «Como falar de coisas que não existem» (2014, Esche)"
916,Sheela Gowda,Bienal de Venecia,,,"Bienal de Venecia 2009 «Fare Mondi / Making Worlds», muestra internacional (Birnbaum)"
916,Sheela Gowda,Hugo Boss Prize,,2014,"Hugo Boss Prize, finalista (2014)"
916,Sheela Gowda,documenta,,2007,"documenta 12, Kassel (2007)"
917,Ion Grigorescu,documenta,,2007,"documenta 12, Kassel (2007)"
918,Grupo de Artistas de Vanguardia,documenta,,2007,"documenta 12, Kassel (2007)"
919,Dmitri Gutov,Bienal de Venecia,,,"Bienal de Venecia 2007 «Think with the Senses, Feel with the Mind», muestra internacional (Storr)"
919,Dmitri Gutov,documenta,,2007,"documenta 12, Kassel (2007)"
920,Romuald Hazoumé,Bienal de La Habana,6,1997,6ª Bienal de La Habana «El individuo y su memoria» (1997)
920,Romuald Hazoumé,Dak'Art,,,"Dak'Art, 15ª Bienal de Dakar «The Wake» (2024, Salimata Diop)"
920,Romuald Hazoumé,documenta,,2007,"documenta 12, Kassel (2007)"
921,Hu Xiaoyuan,documenta,,2007,"documenta 12, Kassel (2007)"
922,Luis Jacob,documenta,,2007,"documenta 12, Kassel (2007)"
923,Jorge Mario Jáuregui,documenta,,2007,"documenta 12, Kassel (2007)"
924,Mary Kelly,Global Conceptualism,,1999,"Global Conceptualism: Points of Origin 1950s-1980s, Queens Museum, Nueva York (1999, Farver/Camnitzer/Weiss y equipo de once curadores); itinerancia Walker/Miami/MIT List"
924,Mary Kelly,Whitney Biennial,,,"Whitney Biennial 2024 «Even Better Than the Real Thing», Nueva York"
924,Mary Kelly,Whitney Biennial,,,"Whitney Biennial 2004, Nueva York"
924,Mary Kelly,documenta,,2007,"documenta 12, Kassel (2007)"
925,Běla Kolářová,documenta,,2007,"documenta 12, Kassel (2007)"
926,Abdoulaye Konaté,Bienal de São Paulo,24,,"24ª Bienal de São Paulo «Antropofagia», Roteiros (1998, Herkenhoff)"
926,Abdoulaye Konaté,Dak'Art,,,"Dak'Art, 15ª Bienal de Dakar «The Wake» (2024, Salimata Diop)"
926,Abdoulaye Konaté,Dak'Art,,2022,"Tributo a Abdoulaye Konaté, Dak'Art 14ª (2022)"
926,Abdoulaye Konaté,documenta,,2007,"documenta 12, Kassel (2007)"
927,Bill Kouélany,Dak'Art,,2004,"Dak'Art, 6ª Bienal de Dakar (2004)"
927,Bill Kouélany,documenta,,2007,"documenta 12, Kassel (2007)"
928,Jiří Kovanda,Bienal de São Paulo,30,,"30ª Bienal de São Paulo «A iminência das poéticas» (2012, Pérez-Oramas)"
928,Jiří Kovanda,documenta,,2007,"documenta 12, Kassel (2007)"
929,Sakarin Krue-On,documenta,,2007,"documenta 12, Kassel (2007)"
930,Zofia Kulik,documenta,,2007,"documenta 12, Kassel (2007)"
931,KwieKulik,documenta,,2007,"documenta 12, Kassel (2007)"
932,Zoe Leonard,Whitney Biennial,,,"Whitney Biennial 2014, Nueva York"
932,Zoe Leonard,documenta,,2007,"documenta 12, Kassel (2007)"
933,Lin Yilin,Cities on the Move,,1997,"Cities on the Move, Secession, Viena (1997, Hou Hanru y Hans Ulrich Obrist); itinerancia Burdeos, PS1, Louisiana, Hayward, Kiasma y Bangkok (1997-1999)"
933,Lin Yilin,documenta,,2007,"documenta 12, Kassel (2007)"
934,Lu Hao,documenta,,2007,"documenta 12, Kassel (2007)"
935,Churchill Madikida,documenta,,2007,"documenta 12, Kassel (2007)"
936,Iñigo Manglano-Ovalle,Whitney Biennial,,,"Whitney Biennial 2000, Nueva York"
936,Iñigo Manglano-Ovalle,documenta,,2007,"documenta 12, Kassel (2007)"
937,John McCracken,documenta,,2007,"documenta 12, Kassel (2007)"
938,Andrei Monastyrski,Bienal de Venecia,,,"Bienal de Venecia 2007 «Think with the Senses, Feel with the Mind», muestra internacional (Storr)"
938,Andrei Monastyrski,documenta,,2007,"documenta 12, Kassel (2007)"
939,Olga Neuwirth,documenta,,2007,"documenta 12, Kassel (2007)"
940,J. D. Okhai Ojeikere,documenta,,2007,"documenta 12, Kassel (2007)"
941,Anatoly Osmolovsky,documenta,,2007,"documenta 12, Kassel (2007)"
942,George Osodi,Bienal do Mercosul,11,,"11ª Bienal do Mercosul «O Triângulo Atlântico» (2018, Hug/Borghi)"
942,George Osodi,documenta,,2007,"documenta 12, Kassel (2007)"
943,Kirill Preobrazhenskiy,documenta,,2007,"documenta 12, Kassel (2007)"
944,Florian Pumhösl,Bienal de São Paulo,27,,"27ª Bienal de São Paulo «Como Viver Junto» (2006, Lagnado)"
944,Florian Pumhösl,documenta,,2007,"documenta 12, Kassel (2007)"
945,Yvonne Rainer,documenta,,2007,"documenta 12, Kassel (2007)"
946,CK Rajan,documenta,,2007,"documenta 12, Kassel (2007)"
947,Gerwald Rockenschaub,documenta,,2007,"documenta 12, Kassel (2007)"
948,Lotty Rosenfeld,Radical Women,,2017,"Radical Women: Latin American Art 1960-1985, Hammer Museum (2017, Fajardo-Hill/Giunta); itinerancia Brooklyn Museum y Pinacoteca de São Paulo (2018)"
948,Lotty Rosenfeld,documenta,,2007,"documenta 12, Kassel (2007)"
949,Martha Rosler,Global Conceptualism,,1999,"Global Conceptualism: Points of Origin 1950s-1980s, Queens Museum, Nueva York (1999, Farver/Camnitzer/Weiss y equipo de once curadores); itinerancia Walker/Miami/MIT List"
949,Martha Rosler,documenta,,2007,"documenta 12, Kassel (2007)"
950,Dierk Schmidt,documenta,,2007,"documenta 12, Kassel (2007)"
951,Kateřina Šedá,documenta,,2007,"documenta 12, Kassel (2007)"
951,Kateřina Šedá,otro,,,"New Museum Triennial 2009 «Younger Than Jesus», Nueva York"
952,Imogen Stidworthy,Bienal de São Paulo,31,,"31ª Bienal de São Paulo «Como falar de coisas que não existem» (2014, Esche)"
952,Imogen Stidworthy,documenta,,2007,"documenta 12, Kassel (2007)"
953,Mladen Stilinović,documenta,,2007,"documenta 12, Kassel (2007)"
954,Jürgen Stollhans,documenta,,2007,"documenta 12, Kassel (2007)"
955,Shooshie Sulaiman,documenta,,2007,"documenta 12, Kassel (2007)"
956,Oumou Sy,documenta,,2007,"documenta 12, Kassel (2007)"
957,Sharon Hayes,Bienal de São Paulo,36,,"36ª Bienal de São Paulo «Nem todo viandante anda estradas» (2025, Ndikung)"
957,Sharon Hayes,Bienal de Venecia,,,"Bienal de Venecia 2013 «Il Palazzo Enciclopedico», muestra internacional (Gioni)"
957,Sharon Hayes,Whitney Biennial,,,"Whitney Biennial 2024 «Even Better Than the Real Thing», Nueva York"
957,Sharon Hayes,Whitney Biennial,,,"Whitney Biennial 2010, Nueva York"
957,Sharon Hayes,documenta,,2007,"documenta 12, Kassel (2007)"
958,Ashley Hunt,documenta,,2007,"documenta 12, Kassel (2007)"
959,Katya Sander,documenta,,2007,"documenta 12, Kassel (2007)"
960,David Thorne,documenta,,2007,"documenta 12, Kassel (2007)"
961,Guy Tillim,Bienal de São Paulo,27,,"27ª Bienal de São Paulo «Como Viver Junto» (2006, Lagnado)"
961,Guy Tillim,documenta,,2007,"documenta 12, Kassel (2007)"
962,Tseng Yu-Chin,documenta,,2007,"documenta 12, Kassel (2007)"
963,Lidwien van de Ven,documenta,,2007,"documenta 12, Kassel (2007)"
964,Simon Wachsmuth,documenta,,2007,"documenta 12, Kassel (2007)"
965,Xie Nanxing,documenta,,2007,"documenta 12, Kassel (2007)"
966,Zheng Guogu,documenta,,2007,"documenta 12, Kassel (2007)"
967,Lisa Alvarado,Whitney Biennial,,,"Whitney Biennial 2022 «Quiet as It’s Kept», Nueva York"
968,Harold Ancart,Whitney Biennial,,,"Whitney Biennial 2022 «Quiet as It’s Kept», Nueva York"
969,Mónica Arreola,Whitney Biennial,,,"Whitney Biennial 2022 «Quiet as It’s Kept», Nueva York"
970,Emily Barker,Whitney Biennial,,,"Whitney Biennial 2022 «Quiet as It’s Kept», Nueva York"
971,Yto Barrada,Bienal de São Paulo,35,,"35ª Bienal de São Paulo «coreografias do impossível» (2023, Lima/Kilomba/Menezes/Borja-Villel)"
971,Yto Barrada,Bienal de São Paulo,29,,"29ª Bienal de São Paulo «Há sempre um copo de mar para um homem navegar» (2010, dos Anjos/Farias)"
971,Yto Barrada,Bienal de Venecia,,,"Bienal de Venecia 2007 «Think with the Senses, Feel with the Mind», muestra internacional (Storr)"
971,Yto Barrada,Whitney Biennial,,,"Whitney Biennial 2022 «Quiet as It’s Kept», Nueva York"
972,Jonathan Berger,Whitney Biennial,,,"Whitney Biennial 2022 «Quiet as It’s Kept», Nueva York"
973,Nayland Blake,Whitney Biennial,,,"Whitney Biennial 2022 «Quiet as It’s Kept», Nueva York"
974,Cassandra Press,Whitney Biennial,,,"Whitney Biennial 2022 «Quiet as It’s Kept», Nueva York"
975,Raven Chacon,Bienal de São Paulo,36,,"36ª Bienal de São Paulo «Nem todo viandante anda estradas» (2025, Ndikung)"
975,Raven Chacon,Whitney Biennial,,,"Whitney Biennial 2022 «Quiet as It’s Kept», Nueva York"
976,Jacky Connolly,Whitney Biennial,,,"Whitney Biennial 2022 «Quiet as It’s Kept», Nueva York"
977,Alex Da Corte,Bienal de Venecia,,,"Bienal de Venecia 2019 «May You Live in Interesting Times», muestra internacional (Rugoff)"
977,Alex Da Corte,Whitney Biennial,,,"Whitney Biennial 2022 «Quiet as It’s Kept», Nueva York"
978,Aria Dean,Whitney Biennial,,,"Whitney Biennial 2022 «Quiet as It’s Kept», Nueva York"
979,Danielle Dean,Whitney Biennial,,,"Whitney Biennial 2022 «Quiet as It’s Kept», Nueva York"
980,Jane Dickson,Whitney Biennial,,,"Whitney Biennial 2022 «Quiet as It’s Kept», Nueva York"
981,Buck Ellison,Whitney Biennial,,,"Whitney Biennial 2022 «Quiet as It’s Kept», Nueva York"
982,Alia Farid,Bienal de São Paulo,32,,"32ª Bienal de São Paulo «Incerteza Viva» (2016, Volz)"
982,Alia Farid,Whitney Biennial,,,"Whitney Biennial 2022 «Quiet as It’s Kept», Nueva York"
983,Coco Fusco,Bienal de Sharjah,15,2023,"15ª Bienal de Sharjah «Thinking Historically in the Present» (2023, Hoor Al Qasimi, comisión 30 aniversario)"
983,Coco Fusco,Bienal de Venecia,,,"Bienal de Venecia 2015 «All the World’s Futures», muestra internacional (Enwezor)"
983,Coco Fusco,Whitney Biennial,,,"Whitney Biennial 2022 «Quiet as It’s Kept», Nueva York"
984,Cy Gavin,Whitney Biennial,,,"Whitney Biennial 2022 «Quiet as It’s Kept», Nueva York"
985,Adam Gordon,Whitney Biennial,,,"Whitney Biennial 2022 «Quiet as It’s Kept», Nueva York"
986,Pao Houa Her,Whitney Biennial,,,"Whitney Biennial 2022 «Quiet as It’s Kept», Nueva York"
987,EJ Hill,Whitney Biennial,,,"Whitney Biennial 2022 «Quiet as It’s Kept», Nueva York"
988,Rindon Johnson,Bienal de Venecia,,,"Bienal de Venecia 2024 «Stranieri Ovunque», muestra internacional (Pedrosa)"
988,Rindon Johnson,Whitney Biennial,,,"Whitney Biennial 2022 «Quiet as It’s Kept», Nueva York"
989,Julie Tolentino,Whitney Biennial,,,"Whitney Biennial 2022 «Quiet as It’s Kept», Nueva York"
990,Ralph Lemon,Hugo Boss Prize,,2016,"Hugo Boss Prize, finalista (2016)"
990,Ralph Lemon,Whitney Biennial,,,"Whitney Biennial 2022 «Quiet as It’s Kept», Nueva York"
991,James Little,Whitney Biennial,,,"Whitney Biennial 2022 «Quiet as It’s Kept», Nueva York"
992,Dave McKenzie,Whitney Biennial,,,"Whitney Biennial 2022 «Quiet as It’s Kept», Nueva York"
993,Rodney McMillian,Whitney Biennial,,,"Whitney Biennial 2022 «Quiet as It’s Kept», Nueva York"
994,Na Mira,Bienal de Gwangju,15,2024,"15ª Bienal de Gwangju «Pansori, a soundscape of the 21st century» (2024, Nicolas Bourriaud)"
994,Na Mira,Whitney Biennial,,,"Whitney Biennial 2022 «Quiet as It’s Kept», Nueva York"
995,Alejandro Luperca Morales,Whitney Biennial,,,"Whitney Biennial 2022 «Quiet as It’s Kept», Nueva York"
996,Moved by the Motion,Whitney Biennial,,,"Whitney Biennial 2022 «Quiet as It’s Kept», Nueva York"
997,Terence Nance,Whitney Biennial,,,"Whitney Biennial 2022 «Quiet as It’s Kept», Nueva York"
998,Woody De Othello,Whitney Biennial,,,"Whitney Biennial 2022 «Quiet as It’s Kept», Nueva York"
999,Adam Pendleton,Whitney Biennial,,,"Whitney Biennial 2022 «Quiet as It’s Kept», Nueva York"
999,Adam Pendleton,otro,,,"New Museum Triennial 2009 «Younger Than Jesus», Nueva York"
1000,Lucy Raven,Bienal de Gwangju,15,2024,"15ª Bienal de Gwangju «Pansori, a soundscape of the 21st century» (2024, Nicolas Bourriaud)"
1000,Lucy Raven,Whitney Biennial,,,"Whitney Biennial 2022 «Quiet as It’s Kept», Nueva York"
1000,Lucy Raven,Whitney Biennial,,,"Whitney Biennial 2012, Nueva York"
1001,Charles Ray,Bienal de Venecia,,,"Bienal de Venecia 2013 «Il Palazzo Enciclopedico», muestra internacional (Gioni)"
1001,Charles Ray,Whitney Biennial,,,"Whitney Biennial 2022 «Quiet as It’s Kept», Nueva York"
1001,Charles Ray,Whitney Biennial,,,"Whitney Biennial 2010, Nueva York"
1002,Andrew Roberts,Bienal de São Paulo,36,,"36ª Bienal de São Paulo «Nem todo viandante anda estradas» (2025, Ndikung)"
1002,Andrew Roberts,Whitney Biennial,,,"Whitney Biennial 2022 «Quiet as It’s Kept», Nueva York"
1003,Guadalupe Rosales,Whitney Biennial,,,"Whitney Biennial 2022 «Quiet as It’s Kept», Nueva York"
1004,Rose Salane,Whitney Biennial,,,"Whitney Biennial 2022 «Quiet as It’s Kept», Nueva York"
1005,Michael E. Smith,Bienal de Venecia,,,"Bienal de Venecia 2019 «May You Live in Interesting Times», muestra internacional (Rugoff)"
1005,Michael E. Smith,Whitney Biennial,,,"Whitney Biennial 2022 «Quiet as It’s Kept», Nueva York"
1005,Michael E. Smith,Whitney Biennial,,,"Whitney Biennial 2012, Nueva York"
1006,Sable Elyse Smith,Bienal de Venecia,,,"Bienal de Venecia 2022 «The Milk of Dreams», muestra internacional (Alemani)"
1006,Sable Elyse Smith,Whitney Biennial,,,"Whitney Biennial 2022 «Quiet as It’s Kept», Nueva York"
1007,Awilda Sterling-Duprey,Bienal do Mercosul,14,,"14ª Bienal do Mercosul «Estalo» (2025, Fonseca)"
1007,Awilda Sterling-Duprey,Whitney Biennial,,,"Whitney Biennial 2022 «Quiet as It’s Kept», Nueva York"
1008,Rayyane Tabet,Bienal de São Paulo,32,,"32ª Bienal de São Paulo «Incerteza Viva» (2016, Volz)"
1008,Rayyane Tabet,Whitney Biennial,,,"Whitney Biennial 2022 «Quiet as It’s Kept», Nueva York"
1009,WangShui,Bienal de Venecia,,,"Bienal de Venecia 2024 «Stranieri Ovunque», muestra internacional (Pedrosa)"
1009,WangShui,Whitney Biennial,,,"Whitney Biennial 2022 «Quiet as It’s Kept», Nueva York"
1010,Eric Wesley,Whitney Biennial,,,"Whitney Biennial 2022 «Quiet as It’s Kept», Nueva York"
1010,Eric Wesley,Whitney Biennial,,,"Whitney Biennial 2004, Nueva York"
1011,Dyani White Hawk,Whitney Biennial,,,"Whitney Biennial 2022 «Quiet as It’s Kept», Nueva York"
1012,Kandis Williams,Bienal de Gwangju,15,2024,"15ª Bienal de Gwangju «Pansori, a soundscape of the 21st century» (2024, Nicolas Bourriaud)"
1012,Kandis Williams,Whitney Biennial,,,"Whitney Biennial 2022 «Quiet as It’s Kept», Nueva York"
1013,Siku Allooloo,Whitney Biennial,,,"Whitney Biennial 2024 «Even Better Than the Real Thing», Nueva York"
1014,Holland Andrews,Whitney Biennial,,,"Whitney Biennial 2024 «Even Better Than the Real Thing», Nueva York"
1015,Eddie Rodolfo Aparicio,Whitney Biennial,,,"Whitney Biennial 2024 «Even Better Than the Real Thing», Nueva York"
1016,Dora Budor,Bienal de Gwangju,15,2024,"15ª Bienal de Gwangju «Pansori, a soundscape of the 21st century» (2024, Nicolas Bourriaud)"
1016,Dora Budor,Bienal de Venecia,,,"Bienal de Venecia 2022 «The Milk of Dreams», muestra internacional (Alemani)"
1016,Dora Budor,Whitney Biennial,,,"Whitney Biennial 2024 «Even Better Than the Real Thing», Nueva York"
1017,Seba Calfuqueo,Bienal de São Paulo,34,,"34ª Bienal de São Paulo «Faz escuro mas eu canto» (2021, Crivelli Visconti)"
1017,Seba Calfuqueo,Bienal de Venecia,,,"Bienal de Venecia 2024 «Stranieri Ovunque», muestra internacional (Pedrosa) (Disobedience Archive)"
1017,Seba Calfuqueo,Whitney Biennial,,,"Whitney Biennial 2024 «Even Better Than the Real Thing», Nueva York"
1018,Debit,Whitney Biennial,,,"Whitney Biennial 2024 «Even Better Than the Real Thing», Nueva York"
1019,Demian DinéYazhi',Whitney Biennial,,,"Whitney Biennial 2024 «Even Better Than the Real Thing», Nueva York"
1020,Torkwase Dyson,Bienal de São Paulo,35,,"35ª Bienal de São Paulo «coreografias do impossível» (2023, Lima/Kilomba/Menezes/Borja-Villel)"
1020,Torkwase Dyson,Whitney Biennial,,,"Whitney Biennial 2024 «Even Better Than the Real Thing», Nueva York"
1021,JJJJJerome Ellis,Whitney Biennial,,,"Whitney Biennial 2024 «Even Better Than the Real Thing», Nueva York"
1022,Jes Fan,Bienal de Venecia,,,"Bienal de Venecia 2022 «The Milk of Dreams», muestra internacional (Alemani)"
1022,Jes Fan,Whitney Biennial,,,"Whitney Biennial 2024 «Even Better Than the Real Thing», Nueva York"
1023,Nikita Gale,Bienal do Mercosul,14,,"14ª Bienal do Mercosul «Estalo» (2025, Fonseca)"
1023,Nikita Gale,Whitney Biennial,,,"Whitney Biennial 2024 «Even Better Than the Real Thing», Nueva York"
1024,ektor garcia,Whitney Biennial,,,"Whitney Biennial 2024 «Even Better Than the Real Thing», Nueva York"
1025,Pippa Garner,Whitney Biennial,,,"Whitney Biennial 2024 «Even Better Than the Real Thing», Nueva York"
1026,Harmony Hammond,Whitney Biennial,,,"Whitney Biennial 2024 «Even Better Than the Real Thing», Nueva York"
1027,Christopher Harris,Whitney Biennial,,,"Whitney Biennial 2024 «Even Better Than the Real Thing», Nueva York"
1028,Miranda Haymon,Whitney Biennial,,,"Whitney Biennial 2024 «Even Better Than the Real Thing», Nueva York"
1029,Sarah Hennies,Whitney Biennial,,,"Whitney Biennial 2024 «Even Better Than the Real Thing», Nueva York"
1030,Holly Herndon,Whitney Biennial,,,"Whitney Biennial 2024 «Even Better Than the Real Thing», Nueva York"
1031,Mat Dryhurst,Whitney Biennial,,,"Whitney Biennial 2024 «Even Better Than the Real Thing», Nueva York"
1032,Ho Tzu Nyen,Whitney Biennial,,,"Whitney Biennial 2024 «Even Better Than the Real Thing», Nueva York"
1033,Yasmine Anlan Huang,Whitney Biennial,,,"Whitney Biennial 2024 «Even Better Than the Real Thing», Nueva York"
1034,Madeleine Hunt-Ehrlich,Bienal de São Paulo,35,,"35ª Bienal de São Paulo «coreografias do impossível» (2023, Lima/Kilomba/Menezes/Borja-Villel)"
1034,Madeleine Hunt-Ehrlich,Whitney Biennial,,,"Whitney Biennial 2024 «Even Better Than the Real Thing», Nueva York"
1035,Suzanne Jackson,Whitney Biennial,,,"Whitney Biennial 2024 «Even Better Than the Real Thing», Nueva York"
1036,Lotus L. Kang,Whitney Biennial,,,"Whitney Biennial 2024 «Even Better Than the Real Thing», Nueva York"
1037,Aron Kantor,Whitney Biennial,,,"Whitney Biennial 2024 «Even Better Than the Real Thing», Nueva York"
1038,Kite,Whitney Biennial,,,"Whitney Biennial 2024 «Even Better Than the Real Thing», Nueva York"
1039,Jenni Laiti,Whitney Biennial,,,"Whitney Biennial 2024 «Even Better Than the Real Thing», Nueva York"
1040,Dionne Lee,Whitney Biennial,,,"Whitney Biennial 2024 «Even Better Than the Real Thing», Nueva York"
1041,Ligia Lewis,Whitney Biennial,,,"Whitney Biennial 2024 «Even Better Than the Real Thing», Nueva York"
1042,Shuang Li,Bienal de Venecia,,,"Bienal de Venecia 2022 «The Milk of Dreams», muestra internacional (Alemani)"
1042,Shuang Li,Whitney Biennial,,,"Whitney Biennial 2024 «Even Better Than the Real Thing», Nueva York"
1043,Simon Liu,Whitney Biennial,,,"Whitney Biennial 2024 «Even Better Than the Real Thing», Nueva York"
1044,Mary Lovelace O'Neal,Whitney Biennial,,,"Whitney Biennial 2024 «Even Better Than the Real Thing», Nueva York"
1045,Nyala Moon,Whitney Biennial,,,"Whitney Biennial 2024 «Even Better Than the Real Thing», Nueva York"
1046,K.R.M. Mooney,Whitney Biennial,,,"Whitney Biennial 2024 «Even Better Than the Real Thing», Nueva York"
1047,Dala Nasser,Bienal de Sharjah,15,2023,"15ª Bienal de Sharjah «Thinking Historically in the Present» (2023, Hoor Al Qasimi)"
1047,Dala Nasser,Whitney Biennial,,,"Whitney Biennial 2024 «Even Better Than the Real Thing», Nueva York"
1048,Diane Severin Nguyen,Whitney Biennial,,,"Whitney Biennial 2024 «Even Better Than the Real Thing», Nueva York"
1049,Sunna Nousuniemi,Whitney Biennial,,,"Whitney Biennial 2024 «Even Better Than the Real Thing», Nueva York"
1050,Karyn Olivier,Bienal de Gwangju,7,2008,"7ª Bienal de Gwangju «Annual Report: A Year in Exhibitions» (2008, Okwui Enwezor)"
1050,Karyn Olivier,Whitney Biennial,,,"Whitney Biennial 2024 «Even Better Than the Real Thing», Nueva York"
1051,B. Ingrid Olson,Whitney Biennial,,,"Whitney Biennial 2024 «Even Better Than the Real Thing», Nueva York"
1052,Eamon Ore-Giron,Whitney Biennial,,,"Whitney Biennial 2024 «Even Better Than the Real Thing», Nueva York"
1053,Sydney Frances Pascal,Whitney Biennial,,,"Whitney Biennial 2024 «Even Better Than the Real Thing», Nueva York"
1054,People Who Stutter Create,Whitney Biennial,,,"Whitney Biennial 2024 «Even Better Than the Real Thing», Nueva York"
1055,Julia Phillips,Bienal de Venecia,,,"Bienal de Venecia 2022 «The Milk of Dreams», muestra internacional (Alemani)"
1055,Julia Phillips,Whitney Biennial,,,"Whitney Biennial 2024 «Even Better Than the Real Thing», Nueva York"
1056,Riar Rizaldi,Whitney Biennial,,,"Whitney Biennial 2024 «Even Better Than the Real Thing», Nueva York"
1057,Maja Ruznic,Whitney Biennial,,,"Whitney Biennial 2024 «Even Better Than the Real Thing», Nueva York"
1058,Ser Serpas,Whitney Biennial,,,"Whitney Biennial 2024 «Even Better Than the Real Thing», Nueva York"
1059,Rose B. Simpson,Whitney Biennial,,,"Whitney Biennial 2024 «Even Better Than the Real Thing», Nueva York"
1060,Penelope Spheeris,Whitney Biennial,,,"Whitney Biennial 2024 «Even Better Than the Real Thing», Nueva York"
1061,P. Staff,Bienal de Venecia,,,"Bienal de Venecia 2022 «The Milk of Dreams», muestra internacional (Alemani)"
1061,P. Staff,Whitney Biennial,,,"Whitney Biennial 2024 «Even Better Than the Real Thing», Nueva York"
1062,Lada Suomenrinne,Whitney Biennial,,,"Whitney Biennial 2024 «Even Better Than the Real Thing», Nueva York"
1063,Alex Tatarsky,Whitney Biennial,,,"Whitney Biennial 2024 «Even Better Than the Real Thing», Nueva York"
1064,Alisi Telengut,Whitney Biennial,,,"Whitney Biennial 2024 «Even Better Than the Real Thing», Nueva York"
1065,Clarissa Tossin,Whitney Biennial,,,"Whitney Biennial 2024 «Even Better Than the Real Thing», Nueva York"
1066,Tourmaline,Bienal de Venecia,,,"Bienal de Venecia 2022 «The Milk of Dreams», muestra internacional (Alemani)"
1066,Tourmaline,Whitney Biennial,,,"Whitney Biennial 2024 «Even Better Than the Real Thing», Nueva York"
1067,Chanelle Tyson,Whitney Biennial,,,"Whitney Biennial 2024 «Even Better Than the Real Thing», Nueva York"
1068,Zulaa Urchuud,Whitney Biennial,,,"Whitney Biennial 2024 «Even Better Than the Real Thing», Nueva York"
1069,Charisse Pearlina Weston,Whitney Biennial,,,"Whitney Biennial 2024 «Even Better Than the Real Thing», Nueva York"
1070,Kiyan Williams,Whitney Biennial,,,"Whitney Biennial 2024 «Even Better Than the Real Thing», Nueva York"
1071,Carmen Winant,Whitney Biennial,,,"Whitney Biennial 2024 «Even Better Than the Real Thing», Nueva York"
1072,Takako Yamaguchi,Whitney Biennial,,,"Whitney Biennial 2024 «Even Better Than the Real Thing», Nueva York"
1073,Constantina Zavitsanos,Whitney Biennial,,,"Whitney Biennial 2024 «Even Better Than the Real Thing», Nueva York"
1074,Eddie Arroyo,Whitney Biennial,,,"Whitney Biennial 2019, Nueva York"
1075,Korakrit Arunanondchai,Bienal de Gwangju,13,2021,"13ª Bienal de Gwangju «Minds Rising, Spirits Tuning» (2021, Defne Ayas y Natasha Ginwala)"
1075,Korakrit Arunanondchai,Bienal de São Paulo,36,,"36ª Bienal de São Paulo «Nem todo viandante anda estradas» (2025, Ndikung)"
1075,Korakrit Arunanondchai,Bienal de Venecia,,,"Bienal de Venecia 2019 «May You Live in Interesting Times», muestra internacional (Rugoff)"
1075,Korakrit Arunanondchai,Whitney Biennial,,,"Whitney Biennial 2019, Nueva York"
1076,Olga Balema,Whitney Biennial,,,"Whitney Biennial 2019, Nueva York"
1077,Morgan Bassichis,Whitney Biennial,,,"Whitney Biennial 2019, Nueva York"
1078,Blitz Bazawule,Whitney Biennial,,,"Whitney Biennial 2019, Nueva York"
1079,Alexandra Bell,Whitney Biennial,,,"Whitney Biennial 2019, Nueva York"
1080,Brian Belott,Whitney Biennial,,,"Whitney Biennial 2019, Nueva York"
1081,Meriem Bennani,Bienal de São Paulo,36,,"36ª Bienal de São Paulo «Nem todo viandante anda estradas» (2025, Ndikung)"
1081,Meriem Bennani,Whitney Biennial,,,"Whitney Biennial 2019, Nueva York"
1082,Robert Bittenbender,Whitney Biennial,,,"Whitney Biennial 2019, Nueva York"
1083,Lucas Blalock,Whitney Biennial,,,"Whitney Biennial 2019, Nueva York"
1084,Garrett Bradley,Whitney Biennial,,,"Whitney Biennial 2019, Nueva York"
1085,Milano Chow,Whitney Biennial,,,"Whitney Biennial 2019, Nueva York"
1086,Colectivo Los Ingrávidos,Whitney Biennial,,,"Whitney Biennial 2019, Nueva York"
1087,Thirza Cuthand,Whitney Biennial,,,"Whitney Biennial 2019, Nueva York"
1088,John Edmonds,Whitney Biennial,,,"Whitney Biennial 2019, Nueva York"
1089,Janiva Ellis,Whitney Biennial,,,"Whitney Biennial 2019, Nueva York"
1090,Kota Ezawa,Whitney Biennial,,,"Whitney Biennial 2019, Nueva York"
1091,Brendan Fernandes,Whitney Biennial,,,"Whitney Biennial 2019, Nueva York"
1092,FIERCE,Whitney Biennial,,,"Whitney Biennial 2019, Nueva York"
1093,Paper Tiger Television,Whitney Biennial,,,"Whitney Biennial 2019, Nueva York"
1094,Marcus Fischer,Whitney Biennial,,,"Whitney Biennial 2019, Nueva York"
1095,Forensic Architecture,Bienal de Cuenca,16,,"16ª Bienal de Cuenca (2023, Barenblit)"
1095,Forensic Architecture,Bienal de São Paulo,36,,"36ª Bienal de São Paulo «Nem todo viandante anda estradas» (2025, Ndikung)"
1095,Forensic Architecture,Turner Prize,,2018,Turner Prize (nominación 2018)
1095,Forensic Architecture,Whitney Biennial,,,"Whitney Biennial 2019, Nueva York"
1096,Ellie Ga,Whitney Biennial,,,"Whitney Biennial 2019, Nueva York"
1097,Nicholas Galanin,Whitney Biennial,,,"Whitney Biennial 2019, Nueva York"
1098,Sofía Gallisá Muriente,Whitney Biennial,,,"Whitney Biennial 2019, Nueva York"
1099,Jeffrey Gibson,Whitney Biennial,,,"Whitney Biennial 2019, Nueva York"
1100,Todd Gray,Whitney Biennial,,,"Whitney Biennial 2019, Nueva York"
1101,Sam Green,Whitney Biennial,,,"Whitney Biennial 2019, Nueva York"
1101,Sam Green,Whitney Biennial,,,"Whitney Biennial 2004, Nueva York"
1102,Barbara Hammer,Whitney Biennial,,,"Whitney Biennial 2019, Nueva York"
1103,Ilana Harris-Babou,Whitney Biennial,,,"Whitney Biennial 2019, Nueva York"
1104,Matthew Angelo Harrison,Bienal de Gwangju,15,2024,"15ª Bienal de Gwangju «Pansori, a soundscape of the 21st century» (2024, Nicolas Bourriaud)"
1104,Matthew Angelo Harrison,Whitney Biennial,,,"Whitney Biennial 2019, Nueva York"
1105,Curran Hatleberg,Whitney Biennial,,,"Whitney Biennial 2019, Nueva York"
1106,Madeline Hollander,Whitney Biennial,,,"Whitney Biennial 2019, Nueva York"
1107,Iman Issa,Whitney Biennial,,,"Whitney Biennial 2019, Nueva York"
1108,Tomashi Jackson,Whitney Biennial,,,"Whitney Biennial 2019, Nueva York"
1109,Steffani Jemison,Whitney Biennial,,,"Whitney Biennial 2019, Nueva York"
1110,Adam Khalil,Whitney Biennial,,,"Whitney Biennial 2019, Nueva York"
1111,Zack Khalil,Whitney Biennial,,,"Whitney Biennial 2019, Nueva York"
1112,Jackson Polys,Whitney Biennial,,,"Whitney Biennial 2019, Nueva York"
1113,Christine Sun Kim,Bienal do Mercosul,14,,"14ª Bienal do Mercosul «Estalo» (2025, Fonseca)"
1113,Christine Sun Kim,Whitney Biennial,,,"Whitney Biennial 2019, Nueva York"
1114,Autumn Knight,Whitney Biennial,,,"Whitney Biennial 2019, Nueva York"
1115,Maia Ruth Lee,Whitney Biennial,,,"Whitney Biennial 2019, Nueva York"
1116,Daniel Lind-Ramos,Bienal de São Paulo,35,,"35ª Bienal de São Paulo «coreografias do impossível» (2023, Lima/Kilomba/Menezes/Borja-Villel)"
1116,Daniel Lind-Ramos,Whitney Biennial,,,"Whitney Biennial 2019, Nueva York"
1117,Eric N. Mack,Whitney Biennial,,,"Whitney Biennial 2019, Nueva York"
1118,Calvin Marcus,Whitney Biennial,,,"Whitney Biennial 2019, Nueva York"
1119,Troy Michie,Whitney Biennial,,,"Whitney Biennial 2019, Nueva York"
1120,Joe Minter,Whitney Biennial,,,"Whitney Biennial 2019, Nueva York"
1121,Keegan Monaghan,Whitney Biennial,,,"Whitney Biennial 2019, Nueva York"
1122,Caroline Monnet,Whitney Biennial,,,"Whitney Biennial 2019, Nueva York"
1123,Darius Clark Monroe,Whitney Biennial,,,"Whitney Biennial 2019, Nueva York"
1124,Ragen Moss,Whitney Biennial,,,"Whitney Biennial 2019, Nueva York"
1125,Sahra Motalebi,Whitney Biennial,,,"Whitney Biennial 2019, Nueva York"
1126,Marlon Mullen,Whitney Biennial,,,"Whitney Biennial 2019, Nueva York"
1127,Jeanette Mundt,Whitney Biennial,,,"Whitney Biennial 2019, Nueva York"
1128,Las Nietas de Nonó,Whitney Biennial,,,"Whitney Biennial 2019, Nueva York"
1129,Jenn Nkiru,Whitney Biennial,,,"Whitney Biennial 2019, Nueva York"
1130,Laura Ortman,Whitney Biennial,,,"Whitney Biennial 2019, Nueva York"
1131,Jennifer Packer,Bienal de São Paulo,33,,"33ª Bienal de São Paulo «Afinidades afetivas» (2018, Pérez-Barreiro)"
1131,Jennifer Packer,Whitney Biennial,,,"Whitney Biennial 2019, Nueva York"
1132,nibia pastrana santiago,Whitney Biennial,,,"Whitney Biennial 2019, Nueva York"
1133,Elle Pérez,Bienal de Venecia,,,"Bienal de Venecia 2022 «The Milk of Dreams», muestra internacional (Alemani)"
1133,Elle Pérez,Whitney Biennial,,,"Whitney Biennial 2019, Nueva York"
1134,Pat Phillips,Whitney Biennial,,,"Whitney Biennial 2019, Nueva York"
1135,Gala Porras-Kim,Bienal de Gwangju,13,2021,"13ª Bienal de Gwangju «Minds Rising, Spirits Tuning» (2021, Defne Ayas y Natasha Ginwala)"
1135,Gala Porras-Kim,Bienal de São Paulo,34,,"34ª Bienal de São Paulo «Faz escuro mas eu canto» (2021, Crivelli Visconti)"
1135,Gala Porras-Kim,Whitney Biennial,,,"Whitney Biennial 2019, Nueva York"
1136,Walter Price,Whitney Biennial,,,"Whitney Biennial 2019, Nueva York"
1137,Carissa Rodriguez,Whitney Biennial,,,"Whitney Biennial 2019, Nueva York"
1137,Carissa Rodriguez,Whitney Biennial,,,"Whitney Biennial 2014, Nueva York"
1138,Paul Mpagi Sepuya,Bienal do Mercosul,14,,"14ª Bienal do Mercosul «Estalo» (2025, Fonseca)"
1138,Paul Mpagi Sepuya,Whitney Biennial,,,"Whitney Biennial 2019, Nueva York"
1139,Heji Shin,Whitney Biennial,,,"Whitney Biennial 2019, Nueva York"
1140,Diane Simpson,Whitney Biennial,,,"Whitney Biennial 2019, Nueva York"
1141,Martine Syms,Whitney Biennial,,,"Whitney Biennial 2019, Nueva York"
1142,Kyle Thurman,Whitney Biennial,,,"Whitney Biennial 2019, Nueva York"
1143,Mariana Valencia,Whitney Biennial,,,"Whitney Biennial 2019, Nueva York"
1144,Agustina Woodgate,Whitney Biennial,,,"Whitney Biennial 2019, Nueva York"
1145,Zarouhie Abdalian,Whitney Biennial,,,"Whitney Biennial 2017, Nueva York"
1146,Basma Alsharif,Whitney Biennial,,,"Whitney Biennial 2017, Nueva York"
1147,Jo Baer,Bienal de São Paulo,31,,"31ª Bienal de São Paulo «Como falar de coisas que não existem» (2014, Esche)"
1147,Jo Baer,Whitney Biennial,,,"Whitney Biennial 2017, Nueva York"
1148,Eric Baudelaire,Bienal de São Paulo,34,,"34ª Bienal de São Paulo «Faz escuro mas eu canto» (2021, Crivelli Visconti)"
1148,Eric Baudelaire,Whitney Biennial,,,"Whitney Biennial 2017, Nueva York"
1149,Robert Beavers,Whitney Biennial,,,"Whitney Biennial 2017, Nueva York"
1149,Robert Beavers,Whitney Biennial,,,"Whitney Biennial 2002, Nueva York"
1150,Larry Bell,Whitney Biennial,,,"Whitney Biennial 2017, Nueva York"
1151,Matt Browning,Whitney Biennial,,,"Whitney Biennial 2017, Nueva York"
1152,Susan Cianciolo,Whitney Biennial,,,"Whitney Biennial 2017, Nueva York"
1153,Mary Helena Clark,Whitney Biennial,,,"Whitney Biennial 2017, Nueva York"
1154,John Divola,Whitney Biennial,,,"Whitney Biennial 2017, Nueva York"
1155,Celeste Dupuy-Spencer,Whitney Biennial,,,"Whitney Biennial 2017, Nueva York"
1156,Kevin Jerome Everson,Whitney Biennial,,,"Whitney Biennial 2017, Nueva York"
1156,Kevin Jerome Everson,Whitney Biennial,,,"Whitney Biennial 2012, Nueva York"
1157,GCC,Whitney Biennial,,,"Whitney Biennial 2017, Nueva York"
1158,Oto Gillen,Whitney Biennial,,,"Whitney Biennial 2017, Nueva York"
1159,Samara Golden,Whitney Biennial,,,"Whitney Biennial 2017, Nueva York"
1160,Casey Gollan,Whitney Biennial,,,"Whitney Biennial 2017, Nueva York"
1161,Victoria Sobel,Whitney Biennial,,,"Whitney Biennial 2017, Nueva York"
1162,Lyle Ashton Harris,Bienal de São Paulo,32,,"32ª Bienal de São Paulo «Incerteza Viva» (2016, Volz)"
1162,Lyle Ashton Harris,Bienal de Venecia,,,"Bienal de Venecia 2007 «Think with the Senses, Feel with the Mind», muestra internacional (Storr)"
1162,Lyle Ashton Harris,Whitney Biennial,,,"Whitney Biennial 2017, Nueva York"
1163,Tommy Hartung,Whitney Biennial,,,"Whitney Biennial 2017, Nueva York"
1164,Porpentine Charity Heartscape,Whitney Biennial,,,"Whitney Biennial 2017, Nueva York"
1165,Sky Hopinka,Whitney Biennial,,,"Whitney Biennial 2017, Nueva York"
1166,Shara Hughes,Whitney Biennial,,,"Whitney Biennial 2017, Nueva York"
1167,Aaron Flint Jamison,Whitney Biennial,,,"Whitney Biennial 2017, Nueva York"
1168,KAYA,Whitney Biennial,,,"Whitney Biennial 2017, Nueva York"
1169,Jon Kessler,Whitney Biennial,,,"Whitney Biennial 2017, Nueva York"
1170,James N. Kienitz Wilkins,Whitney Biennial,,,"Whitney Biennial 2017, Nueva York"
1171,Ajay Kurian,Whitney Biennial,,,"Whitney Biennial 2017, Nueva York"
1172,An-My Lê,Whitney Biennial,,,"Whitney Biennial 2017, Nueva York"
1173,Leigh Ledare,Whitney Biennial,,,"Whitney Biennial 2017, Nueva York"
1174,Dani Leventhal,Whitney Biennial,,,"Whitney Biennial 2017, Nueva York"
1175,Harold Mendez,Whitney Biennial,,,"Whitney Biennial 2017, Nueva York"
1176,Carrie Moyer,Whitney Biennial,,,"Whitney Biennial 2017, Nueva York"
1177,Julien Nguyen,Whitney Biennial,,,"Whitney Biennial 2017, Nueva York"
1178,Tuan Andrew Nguyen,Bienal de São Paulo,36,,"36ª Bienal de São Paulo «Nem todo viandante anda estradas» (2025, Ndikung)"
1178,Tuan Andrew Nguyen,Whitney Biennial,,,"Whitney Biennial 2017, Nueva York"
1179,Raúl de Nieves,Whitney Biennial,,,"Whitney Biennial 2017, Nueva York"
1180,Occupy Museums,Whitney Biennial,,,"Whitney Biennial 2017, Nueva York"
1181,Jessi Reaves,Whitney Biennial,,,"Whitney Biennial 2017, Nueva York"
1182,John Riepenhoff,Whitney Biennial,,,"Whitney Biennial 2017, Nueva York"
1183,Chemi Rosado-Seijo,Whitney Biennial,,,"Whitney Biennial 2017, Nueva York"
1183,Chemi Rosado-Seijo,Whitney Biennial,,,"Whitney Biennial 2002, Nueva York"
1184,Beatriz Santiago Muñoz,Artes Mundi,,2021,"Artes Mundi 9, premio compartido por decisión unánime del jurado (2021, Cardiff)"
1184,Beatriz Santiago Muñoz,Bienal de São Paulo,34,,"34ª Bienal de São Paulo «Faz escuro mas eu canto» (2021, Crivelli Visconti)"
1184,Beatriz Santiago Muñoz,Under the Same Sun,,2014,"Under the Same Sun: Art from Latin America Today, Guggenheim, Nueva York (2014, Pablo León de la Barra)"
1184,Beatriz Santiago Muñoz,Whitney Biennial,,,"Whitney Biennial 2017, Nueva York"
1185,Cauleen Smith,Whitney Biennial,,,"Whitney Biennial 2017, Nueva York"
1186,Frances Stark,Hugo Boss Prize,,2018,"Hugo Boss Prize, finalista (2018)"
1186,Frances Stark,Whitney Biennial,,,"Whitney Biennial 2017, Nueva York"
1187,Maya Stovall,Whitney Biennial,,,"Whitney Biennial 2017, Nueva York"
1188,Leslie Thornton,Whitney Biennial,,,"Whitney Biennial 2017, Nueva York"
1188,Leslie Thornton,Whitney Biennial,,,"Whitney Biennial 2008, Nueva York"
1189,James Richards,Bienal de Venecia,,,"Bienal de Venecia 2013 «Il Palazzo Enciclopedico», muestra internacional (Gioni)"
1189,James Richards,Turner Prize,,2014,Turner Prize (nominación 2014)
1189,James Richards,Whitney Biennial,,,"Whitney Biennial 2017, Nueva York"
1189,James Richards,otro,,,"New Museum Triennial 2009 «Younger Than Jesus», Nueva York"
1190,Kaari Upson,Bienal de Venecia,,,"Bienal de Venecia 2022 «The Milk of Dreams», muestra internacional (Alemani)"
1190,Kaari Upson,Bienal de Venecia,,,"Bienal de Venecia 2019 «May You Live in Interesting Times», muestra internacional (Rugoff)"
1190,Kaari Upson,Whitney Biennial,,,"Whitney Biennial 2017, Nueva York"
1191,Kamasi Washington,Whitney Biennial,,,"Whitney Biennial 2017, Nueva York"
1192,Leilah Weinraub,Bienal de São Paulo,35,,"35ª Bienal de São Paulo «coreografias do impossível» (2023, Lima/Kilomba/Menezes/Borja-Villel)"
1192,Leilah Weinraub,Whitney Biennial,,,"Whitney Biennial 2017, Nueva York"
1193,Jordan Wolfson,Whitney Biennial,,,"Whitney Biennial 2017, Nueva York"
1193,Jordan Wolfson,Whitney Biennial,,,"Whitney Biennial 2006 «Day for Night», Nueva York"
1194,Terry Adkins,Whitney Biennial,,,"Whitney Biennial 2014, Nueva York"
1195,Alma Allen,Whitney Biennial,,,"Whitney Biennial 2014, Nueva York"
1196,Ei Arakawa,Bienal de São Paulo,30,,"30ª Bienal de São Paulo «A iminência das poéticas» (2012, Pérez-Oramas)"
1196,Ei Arakawa,Whitney Biennial,,,"Whitney Biennial 2014, Nueva York"
1197,Uri Aran,Bienal de Venecia,,,"Bienal de Venecia 2013 «Il Palazzo Enciclopedico», muestra internacional (Gioni)"
1197,Uri Aran,Whitney Biennial,,,"Whitney Biennial 2014, Nueva York"
1198,Alex Waterman,Whitney Biennial,,,"Whitney Biennial 2014, Nueva York"
1199,Lisa Anne Auerbach,Whitney Biennial,,,"Whitney Biennial 2014, Nueva York"
1200,Julie Ault,Bienal de São Paulo,29,,"29ª Bienal de São Paulo «Há sempre um copo de mar para um homem navegar» (2010, dos Anjos/Farias)"
1200,Julie Ault,Whitney Biennial,,,"Whitney Biennial 2014, Nueva York"
1201,Darren Bader,Bienal de Venecia,,,"Bienal de Venecia 2019 «May You Live in Interesting Times», muestra internacional (Rugoff)"
1201,Darren Bader,Whitney Biennial,,,"Whitney Biennial 2014, Nueva York"
1202,Kevin Beasley,Bienal de Gwangju,15,2024,"15ª Bienal de Gwangju «Pansori, a soundscape of the 21st century» (2024, Nicolas Bourriaud)"
1202,Kevin Beasley,Hugo Boss Prize,,2020,"Hugo Boss Prize, finalista (2020)"
1202,Kevin Beasley,Whitney Biennial,,,"Whitney Biennial 2014, Nueva York"
1203,Stephen Berens,Whitney Biennial,,,"Whitney Biennial 2014, Nueva York"
1204,Dawoud Bey,Whitney Biennial,,,"Whitney Biennial 2014, Nueva York"
1204,Dawoud Bey,Whitney Biennial,,,"Whitney Biennial 2000, Nueva York"
1205,Jennifer Bornstein,Whitney Biennial,,,"Whitney Biennial 2014, Nueva York"
1206,Andrew Bujalski,Whitney Biennial,,,"Whitney Biennial 2014, Nueva York"
1207,Elijah Burgher,Whitney Biennial,,,"Whitney Biennial 2014, Nueva York"
1208,Critical Practices Inc.,Whitney Biennial,,,"Whitney Biennial 2014, Nueva York"
1209,Matthew Deleget,Whitney Biennial,,,"Whitney Biennial 2014, Nueva York"
1210,Zackary Drucker,Whitney Biennial,,,"Whitney Biennial 2014, Nueva York"
1211,Rhys Ernst,Whitney Biennial,,,"Whitney Biennial 2014, Nueva York"
1212,Paul Druecke,Whitney Biennial,,,"Whitney Biennial 2014, Nueva York"
1213,Rochelle Feinstein,Whitney Biennial,,,"Whitney Biennial 2014, Nueva York"
1214,Radamés Juni Figueroa,Whitney Biennial,,,"Whitney Biennial 2014, Nueva York"
1215,Morgan Fisher,Whitney Biennial,,,"Whitney Biennial 2014, Nueva York"
1215,Morgan Fisher,Whitney Biennial,,,"Whitney Biennial 2004, Nueva York"
1216,Louise Fishman,Whitney Biennial,,,"Whitney Biennial 2014, Nueva York"
1217,Victoria Fu,Whitney Biennial,,,"Whitney Biennial 2014, Nueva York"
1218,Gaylen Gerber,Whitney Biennial,,,"Whitney Biennial 2014, Nueva York"
1219,Sherrie Levine,Bienal de Venecia,,,"Bienal de Venecia 2009 «Fare Mondi / Making Worlds», muestra internacional (Birnbaum)"
1219,Sherrie Levine,Whitney Biennial,,,"Whitney Biennial 2014, Nueva York"
1220,Trevor Shimizu,Whitney Biennial,,,"Whitney Biennial 2014, Nueva York"
1221,Jeff Gibson,Whitney Biennial,,,"Whitney Biennial 2014, Nueva York"
1222,Joseph Grigely,Whitney Biennial,,,"Whitney Biennial 2014, Nueva York"
1222,Joseph Grigely,Whitney Biennial,,,"Whitney Biennial 2000, Nueva York"
1223,Miguel Gutierrez,Whitney Biennial,,,"Whitney Biennial 2014, Nueva York"
1224,Karl Haendel,Whitney Biennial,,,"Whitney Biennial 2014, Nueva York"
1225,Philip Hanson,Whitney Biennial,,,"Whitney Biennial 2014, Nueva York"
1226,Jonn Herschend,Whitney Biennial,,,"Whitney Biennial 2014, Nueva York"
1227,Sheila Hicks,Bienal de São Paulo,30,,"30ª Bienal de São Paulo «A iminência das poéticas» (2012, Pérez-Oramas)"
1227,Sheila Hicks,Whitney Biennial,,,"Whitney Biennial 2014, Nueva York"
1228,HOWDOYOUSAYYAMINAFRICAN?,Whitney Biennial,,,"Whitney Biennial 2014, Nueva York"
1229,Susan Howe,Whitney Biennial,,,"Whitney Biennial 2014, Nueva York"
1230,Gary Indiana,Whitney Biennial,,,"Whitney Biennial 2014, Nueva York"
1231,Doug Ischar,Whitney Biennial,,,"Whitney Biennial 2014, Nueva York"
1232,Carol Jackson,Whitney Biennial,,,"Whitney Biennial 2014, Nueva York"
1233,Travis Jeppesen,Whitney Biennial,,,"Whitney Biennial 2014, Nueva York"
1234,Alex Jovanovich,Whitney Biennial,,,"Whitney Biennial 2014, Nueva York"
1235,Angie Keefer,Whitney Biennial,,,"Whitney Biennial 2014, Nueva York"
1236,Shio Kusaka,Whitney Biennial,,,"Whitney Biennial 2014, Nueva York"
1237,Yve Laris Cohen,Whitney Biennial,,,"Whitney Biennial 2014, Nueva York"
1238,Chris Larson,Whitney Biennial,,,"Whitney Biennial 2014, Nueva York"
1239,Diego Leclery,Whitney Biennial,,,"Whitney Biennial 2014, Nueva York"
1240,Tony Lewis,Whitney Biennial,,,"Whitney Biennial 2014, Nueva York"
1241,Pam Lins,Whitney Biennial,,,"Whitney Biennial 2014, Nueva York"
1242,Fred Lonidier,Whitney Biennial,,,"Whitney Biennial 2014, Nueva York"
1243,Shana Lutker,Whitney Biennial,,,"Whitney Biennial 2014, Nueva York"
1244,Dashiell Manley,Whitney Biennial,,,"Whitney Biennial 2014, Nueva York"
1245,John Mason,Whitney Biennial,,,"Whitney Biennial 2014, Nueva York"
1246,Keith Mayerson,Whitney Biennial,,,"Whitney Biennial 2014, Nueva York"
1247,Bjarne Melgaard,Whitney Biennial,,,"Whitney Biennial 2014, Nueva York"
1248,Rebecca Morris,Whitney Biennial,,,"Whitney Biennial 2014, Nueva York"
1249,Joshua Mosley,Bienal de Venecia,,,"Bienal de Venecia 2007 «Think with the Senses, Feel with the Mind», muestra internacional (Storr)"
1249,Joshua Mosley,Whitney Biennial,,,"Whitney Biennial 2014, Nueva York"
1250,My Barbarian,Whitney Biennial,,,"Whitney Biennial 2014, Nueva York"
1251,Dona Nelson,Whitney Biennial,,,"Whitney Biennial 2014, Nueva York"
1252,Ken Okiishi,Whitney Biennial,,,"Whitney Biennial 2014, Nueva York"
1253,Joel Otterson,Whitney Biennial,,,"Whitney Biennial 2014, Nueva York"
1254,Paul P.,Whitney Biennial,,,"Whitney Biennial 2014, Nueva York"
1255,taisha paggett,Whitney Biennial,,,"Whitney Biennial 2014, Nueva York"
1256,Charlemagne Palestine,Whitney Biennial,,,"Whitney Biennial 2014, Nueva York"
1257,Public Collectors,Whitney Biennial,,,"Whitney Biennial 2014, Nueva York"
1258,Sara Greenberger Rafferty,Whitney Biennial,,,"Whitney Biennial 2014, Nueva York"
1259,Steve Reinke,Whitney Biennial,,,"Whitney Biennial 2014, Nueva York"
1260,Jessie Mott,Whitney Biennial,,,"Whitney Biennial 2014, Nueva York"
1261,David Robbins,Whitney Biennial,,,"Whitney Biennial 2014, Nueva York"
1262,Miljohn Ruperto,Whitney Biennial,,,"Whitney Biennial 2014, Nueva York"
1263,Jacolby Satterwhite,Bienal de Gwangju,13,2021,"13ª Bienal de Gwangju «Minds Rising, Spirits Tuning» (2021, Defne Ayas y Natasha Ginwala)"
1263,Jacolby Satterwhite,Bienal do Mercosul,14,,"14ª Bienal do Mercosul «Estalo» (2025, Fonseca)"
1263,Jacolby Satterwhite,Whitney Biennial,,,"Whitney Biennial 2014, Nueva York"
1264,Peter Schuyff,Whitney Biennial,,,"Whitney Biennial 2014, Nueva York"
1265,Valerie Snobeck,Whitney Biennial,,,"Whitney Biennial 2014, Nueva York"
1266,Catherine Sullivan,Whitney Biennial,,,"Whitney Biennial 2014, Nueva York"
1266,Catherine Sullivan,Whitney Biennial,,,"Whitney Biennial 2004, Nueva York"
1267,A.L. Steiner,Whitney Biennial,,,"Whitney Biennial 2014, Nueva York"
1268,Emily Sundblad,Whitney Biennial,,,"Whitney Biennial 2014, Nueva York"
1269,Ricky Swallow,Whitney Biennial,,,"Whitney Biennial 2014, Nueva York"
1270,Tony Tasset,Whitney Biennial,,,"Whitney Biennial 2014, Nueva York"
1271,Sergei Tcherepnin,Bienal de São Paulo,30,,"30ª Bienal de São Paulo «A iminência das poéticas» (2012, Pérez-Oramas)"
1271,Sergei Tcherepnin,Whitney Biennial,,,"Whitney Biennial 2014, Nueva York"
1272,Triple Canopy,Whitney Biennial,,,"Whitney Biennial 2014, Nueva York"
1273,Philip Vanderhyden,Whitney Biennial,,,"Whitney Biennial 2014, Nueva York"
1274,Pedro Vélez,Whitney Biennial,,,"Whitney Biennial 2014, Nueva York"
1275,Dan Walsh,Whitney Biennial,,,"Whitney Biennial 2014, Nueva York"
1276,Molly Zuckerman-Hartung,Whitney Biennial,,,"Whitney Biennial 2014, Nueva York"
1277,Thom Andersen,Whitney Biennial,,,"Whitney Biennial 2012, Nueva York"
1278,Charles Atlas,Whitney Biennial,,,"Whitney Biennial 2012, Nueva York"
1279,Lutz Bacher,Whitney Biennial,,,"Whitney Biennial 2012, Nueva York"
1279,Lutz Bacher,Whitney Biennial,,,"Whitney Biennial 2000, Nueva York"
1280,Michael Clark,Whitney Biennial,,,"Whitney Biennial 2012, Nueva York"
1281,Cameron Crawford,Whitney Biennial,,,"Whitney Biennial 2012, Nueva York"
1282,Liz Deschenes,Whitney Biennial,,,"Whitney Biennial 2012, Nueva York"
1283,Nathaniel Dorsky,Whitney Biennial,,,"Whitney Biennial 2012, Nueva York"
1283,Nathaniel Dorsky,Whitney Biennial,,,"Whitney Biennial 2000, Nueva York"
1284,Vincent Fecteau,Whitney Biennial,,,"Whitney Biennial 2012, Nueva York"
1284,Vincent Fecteau,Whitney Biennial,,,"Whitney Biennial 2002, Nueva York"
1285,K8 Hardy,Whitney Biennial,,,"Whitney Biennial 2012, Nueva York"
1286,Werner Herzog,Whitney Biennial,,,"Whitney Biennial 2012, Nueva York"
1287,Jerome Hiler,Whitney Biennial,,,"Whitney Biennial 2012, Nueva York"
1288,Matt Hoyt,Whitney Biennial,,,"Whitney Biennial 2012, Nueva York"
1289,Dawn Kasper,Whitney Biennial,,,"Whitney Biennial 2012, Nueva York"
1290,Mike Kelley,Whitney Biennial,,,"Whitney Biennial 2012, Nueva York"
1291,John Kelsey,Whitney Biennial,,,"Whitney Biennial 2012, Nueva York"
1292,John Knight,Magiciens de la Terre,,1989,"Magiciens de la Terre, Centre Pompidou / Grande Halle de la Villette, París (1989, Jean-Hubert Martin)"
1292,John Knight,Whitney Biennial,,,"Whitney Biennial 2012, Nueva York"
1293,Laida Lertxundi,Whitney Biennial,,,"Whitney Biennial 2012, Nueva York"
1294,Kate Levant,Whitney Biennial,,,"Whitney Biennial 2012, Nueva York"
1295,Sam Lewitt,Whitney Biennial,,,"Whitney Biennial 2012, Nueva York"
1296,Joanna Malinowska,Whitney Biennial,,,"Whitney Biennial 2012, Nueva York"
1297,Andrew Masullo,Whitney Biennial,,,"Whitney Biennial 2012, Nueva York"
1298,Nick Mauss,Whitney Biennial,,,"Whitney Biennial 2012, Nueva York"
1299,Richard Maxwell,Whitney Biennial,,,"Whitney Biennial 2012, Nueva York"
1300,Sarah Michelson,Whitney Biennial,,,"Whitney Biennial 2012, Nueva York"
1301,Alicia Hall Moran,Whitney Biennial,,,"Whitney Biennial 2012, Nueva York"
1302,Jason Moran,Bienal de Venecia,,,"Bienal de Venecia 2015 «All the World’s Futures», muestra internacional (Enwezor)"
1302,Jason Moran,Whitney Biennial,,,"Whitney Biennial 2012, Nueva York"
1303,Laura Poitras,Whitney Biennial,,,"Whitney Biennial 2012, Nueva York"
1304,Matt Porterfield,Whitney Biennial,,,"Whitney Biennial 2012, Nueva York"
1305,Luther Price,Whitney Biennial,,,"Whitney Biennial 2012, Nueva York"
1306,The Red Krayola,Whitney Biennial,,,"Whitney Biennial 2012, Nueva York"
1307,Kelly Reichardt,Whitney Biennial,,,"Whitney Biennial 2012, Nueva York"
1308,Elaine Reichek,Bienal de São Paulo,30,,"30ª Bienal de São Paulo «A iminência das poéticas» (2012, Pérez-Oramas)"
1308,Elaine Reichek,Whitney Biennial,,,"Whitney Biennial 2012, Nueva York"
1309,Michael Robinson,Whitney Biennial,,,"Whitney Biennial 2012, Nueva York"
1310,Tom Thayer,Whitney Biennial,,,"Whitney Biennial 2012, Nueva York"
1311,Oscar Tuazon,Bienal de São Paulo,34,,"34ª Bienal de São Paulo «Faz escuro mas eu canto» (2021, Crivelli Visconti)"
1311,Oscar Tuazon,Whitney Biennial,,,"Whitney Biennial 2012, Nueva York"
1312,Gisèle Vienne,Whitney Biennial,,,"Whitney Biennial 2012, Nueva York"
1313,Frederick Wiseman,Whitney Biennial,,,"Whitney Biennial 2012, Nueva York"
1314,Vincent Gallo,Whitney Biennial,,,"Whitney Biennial 2012, Nueva York"
1315,David Adamo,Whitney Biennial,,,"Whitney Biennial 2010, Nueva York"
1316,Michael Asher,Whitney Biennial,,,"Whitney Biennial 2010, Nueva York"
1317,Nina Berman,Whitney Biennial,,,"Whitney Biennial 2010, Nueva York"
1318,Huma Bhabha,Bienal de Venecia,,,"Bienal de Venecia 2015 «All the World’s Futures», muestra internacional (Enwezor)"
1318,Huma Bhabha,Whitney Biennial,,,"Whitney Biennial 2010, Nueva York"
1319,Josh Brand,Whitney Biennial,,,"Whitney Biennial 2010, Nueva York"
1320,The Bruce High Quality Foundation,Whitney Biennial,,,"Whitney Biennial 2010, Nueva York"
1321,James Casebere,Whitney Biennial,,,"Whitney Biennial 2010, Nueva York"
1322,Edgar Cleijne,Bienal de São Paulo,35,,"35ª Bienal de São Paulo «coreografias do impossível» (2023, Lima/Kilomba/Menezes/Borja-Villel)"
1322,Edgar Cleijne,Whitney Biennial,,,"Whitney Biennial 2010, Nueva York"
1323,Dawn Clements,Whitney Biennial,,,"Whitney Biennial 2010, Nueva York"
1324,George Condo,Bienal de Venecia,,,"Bienal de Venecia 2019 «May You Live in Interesting Times», muestra internacional (Rugoff)"
1324,George Condo,Bienal de Venecia,,,"Bienal de Venecia 2013 «Il Palazzo Enciclopedico», muestra internacional (Gioni)"
1324,George Condo,Whitney Biennial,,,"Whitney Biennial 2010, Nueva York"
1325,Julia Fish,Whitney Biennial,,,"Whitney Biennial 2010, Nueva York"
1326,Roland Flexner,Whitney Biennial,,,"Whitney Biennial 2010, Nueva York"
1327,Suzan Frecon,Whitney Biennial,,,"Whitney Biennial 2010, Nueva York"
1327,Suzan Frecon,Whitney Biennial,,,"Whitney Biennial 2000, Nueva York"
1328,Maureen Gallace,Whitney Biennial,,,"Whitney Biennial 2010, Nueva York"
1329,Kate Gilmore,Whitney Biennial,,,"Whitney Biennial 2010, Nueva York"
1330,Hannah Greely,Whitney Biennial,,,"Whitney Biennial 2010, Nueva York"
1330,Hannah Greely,Whitney Biennial,,,"Whitney Biennial 2006 «Day for Night», Nueva York"
1331,Jesse Aron Green,Whitney Biennial,,,"Whitney Biennial 2010, Nueva York"
1332,Robert Grosvenor,Bienal de Venecia,,,"Bienal de Venecia 2022 «The Milk of Dreams», muestra internacional (Alemani)"
1332,Robert Grosvenor,Whitney Biennial,,,"Whitney Biennial 2010, Nueva York"
1333,Thomas Houseago,Whitney Biennial,,,"Whitney Biennial 2010, Nueva York"
1334,Jessica Jackson Hutchins,Bienal de Venecia,,,"Bienal de Venecia 2013 «Il Palazzo Enciclopedico», muestra internacional (Gioni)"
1334,Jessica Jackson Hutchins,Whitney Biennial,,,"Whitney Biennial 2010, Nueva York"
1335,Jeffrey Inaba,Whitney Biennial,,,"Whitney Biennial 2010, Nueva York"
1336,Martin Kersels,Whitney Biennial,,,"Whitney Biennial 2010, Nueva York"
1337,Jim Lutes,Whitney Biennial,,,"Whitney Biennial 2010, Nueva York"
1338,Babette Mangolte,Whitney Biennial,,,"Whitney Biennial 2010, Nueva York"
1339,Curtis Mann,Whitney Biennial,,,"Whitney Biennial 2010, Nueva York"
1340,Ari Marcopoulos,Whitney Biennial,,,"Whitney Biennial 2010, Nueva York"
1340,Ari Marcopoulos,Whitney Biennial,,,"Whitney Biennial 2002, Nueva York"
1341,Daniel McDonald,Whitney Biennial,,,"Whitney Biennial 2010, Nueva York"
1342,Josephine Meckseper,Whitney Biennial,,,"Whitney Biennial 2010, Nueva York"
1342,Josephine Meckseper,Whitney Biennial,,,"Whitney Biennial 2006 «Day for Night», Nueva York"
1343,Rashaad Newsome,Whitney Biennial,,,"Whitney Biennial 2010, Nueva York"
1344,Kelly Nipper,Whitney Biennial,,,"Whitney Biennial 2010, Nueva York"
1345,Lorraine O'Grady,Whitney Biennial,,,"Whitney Biennial 2010, Nueva York"
1346,Emily Roysdon,Whitney Biennial,,,"Whitney Biennial 2010, Nueva York"
1346,Emily Roysdon,otro,,,"New Museum Triennial 2009 «Younger Than Jesus», Nueva York"
1347,Aki Sasamoto,Bienal de Venecia,,,"Bienal de Venecia 2022 «The Milk of Dreams», muestra internacional (Alemani)"
1347,Aki Sasamoto,Whitney Biennial,,,"Whitney Biennial 2010, Nueva York"
1348,Aurel Schmidt,Whitney Biennial,,,"Whitney Biennial 2010, Nueva York"
1349,Scott Short,Whitney Biennial,,,"Whitney Biennial 2010, Nueva York"
1350,Stephanie Sinclair,Whitney Biennial,,,"Whitney Biennial 2010, Nueva York"
1351,Ania Soliman,Whitney Biennial,,,"Whitney Biennial 2010, Nueva York"
1352,Storm Tharp,Whitney Biennial,,,"Whitney Biennial 2010, Nueva York"
1353,Tam Tran,Whitney Biennial,,,"Whitney Biennial 2010, Nueva York"
1354,Kerry Tribe,Whitney Biennial,,,"Whitney Biennial 2010, Nueva York"
1355,Marianne Vitale,Bienal de Venecia,,,"Bienal de Venecia 2022 «The Milk of Dreams», muestra internacional (Alemani)"
1355,Marianne Vitale,Whitney Biennial,,,"Whitney Biennial 2010, Nueva York"
1356,Erika Vogt,Whitney Biennial,,,"Whitney Biennial 2010, Nueva York"
1357,Pae White,Bienal de Venecia,,,"Bienal de Venecia 2009 «Fare Mondi / Making Worlds», muestra internacional (Birnbaum)"
1357,Pae White,Whitney Biennial,,,"Whitney Biennial 2010, Nueva York"
1358,Robert Williams,Whitney Biennial,,,"Whitney Biennial 2010, Nueva York"
1359,Rita Ackermann,Whitney Biennial,,,"Whitney Biennial 2008, Nueva York"
1360,Natalia Almada,Whitney Biennial,,,"Whitney Biennial 2008, Nueva York"
1361,Edgar Arceneaux,Whitney Biennial,,,"Whitney Biennial 2008, Nueva York"
1362,Fia Backström,Whitney Biennial,,,"Whitney Biennial 2008, Nueva York"
1363,Robert Bechtle,Whitney Biennial,,,"Whitney Biennial 2008, Nueva York"
1364,Walead Beshty,Bienal de Venecia,,,"Bienal de Venecia 2015 «All the World’s Futures», muestra internacional (Enwezor)"
1364,Walead Beshty,Whitney Biennial,,,"Whitney Biennial 2008, Nueva York"
1365,Matthew Brannon,Whitney Biennial,,,"Whitney Biennial 2008, Nueva York"
1366,Bozidar Brazda,Whitney Biennial,,,"Whitney Biennial 2008, Nueva York"
1367,Olaf Breuning,Whitney Biennial,,,"Whitney Biennial 2008, Nueva York"
1368,Jedediah Caesar,Whitney Biennial,,,"Whitney Biennial 2008, Nueva York"
1369,William Cordova,Whitney Biennial,,,"Whitney Biennial 2008, Nueva York"
1370,Dexter Sinister,Whitney Biennial,,,"Whitney Biennial 2008, Nueva York"
1371,Harry Dodge,Whitney Biennial,,,"Whitney Biennial 2008, Nueva York"
1372,Stanya Kahn,Whitney Biennial,,,"Whitney Biennial 2008, Nueva York"
1373,Shannon Ebner,Whitney Biennial,,,"Whitney Biennial 2008, Nueva York"
1374,Gardar Eide Einarsson,Bienal de Estambul,9,2005,"9ª Bienal de Estambul «İstanbul» (2005, Esche/Kortun)"
1374,Gardar Eide Einarsson,Whitney Biennial,,,"Whitney Biennial 2008, Nueva York"
1375,Roe Ethridge,Whitney Biennial,,,"Whitney Biennial 2008, Nueva York"
1376,Robert Fenz,Whitney Biennial,,,"Whitney Biennial 2008, Nueva York"
1376,Robert Fenz,Whitney Biennial,,,"Whitney Biennial 2002, Nueva York"
1377,Gang Gang Dance,Whitney Biennial,,,"Whitney Biennial 2008, Nueva York"
1378,Amy Granat,Whitney Biennial,,,"Whitney Biennial 2008, Nueva York"
1379,Drew Heitzler,Whitney Biennial,,,"Whitney Biennial 2008, Nueva York"
1380,Rashawn Griffin,Whitney Biennial,,,"Whitney Biennial 2008, Nueva York"
1381,Adler Guerrier,Whitney Biennial,,,"Whitney Biennial 2008, Nueva York"
1382,MK Guth,Whitney Biennial,,,"Whitney Biennial 2008, Nueva York"
1383,Fritz Haeg,Whitney Biennial,,,"Whitney Biennial 2008, Nueva York"
1384,Rachel Harrison,Bienal de Venecia,,,"Bienal de Venecia 2009 «Fare Mondi / Making Worlds», muestra internacional (Birnbaum)"
1384,Rachel Harrison,Whitney Biennial,,,"Whitney Biennial 2008, Nueva York"
1384,Rachel Harrison,Whitney Biennial,,,"Whitney Biennial 2002, Nueva York"
1385,Ellen Harvey,Whitney Biennial,,,"Whitney Biennial 2008, Nueva York"
1386,Mary Heilmann,Whitney Biennial,,,"Whitney Biennial 2008, Nueva York"
1387,Leslie Hewitt,Whitney Biennial,,,"Whitney Biennial 2008, Nueva York"
1388,Patrick Hill,Whitney Biennial,,,"Whitney Biennial 2008, Nueva York"
1389,William E. Jones,Whitney Biennial,,,"Whitney Biennial 2008, Nueva York"
1390,Alice Könitz,Whitney Biennial,,,"Whitney Biennial 2008, Nueva York"
1391,Spike Lee,Whitney Biennial,,,"Whitney Biennial 2008, Nueva York"
1392,Charles Long,Whitney Biennial,,,"Whitney Biennial 2008, Nueva York"
1393,Lucky Dragons,Whitney Biennial,,,"Whitney Biennial 2008, Nueva York"
1394,Corey McCorkle,Whitney Biennial,,,"Whitney Biennial 2008, Nueva York"
1395,Julia Meltzer,Whitney Biennial,,,"Whitney Biennial 2008, Nueva York"
1396,Jennifer Montgomery,Whitney Biennial,,,"Whitney Biennial 2008, Nueva York"
1397,Olivier Mosset,Whitney Biennial,,,"Whitney Biennial 2008, Nueva York"
1398,Matt Mullican,Bienal de São Paulo,33,,"33ª Bienal de São Paulo «Afinidades afetivas» (2018, Pérez-Barreiro)"
1398,Matt Mullican,Bienal de São Paulo,28,,"28ª Bienal de São Paulo «Em vivo contato» (2008, Mesquita/Cohen)"
1398,Matt Mullican,Bienal de Venecia,,,"Bienal de Venecia 2013 «Il Palazzo Enciclopedico», muestra internacional (Gioni)"
1398,Matt Mullican,Whitney Biennial,,,"Whitney Biennial 2008, Nueva York"
1399,Neighborhood Public Radio,Whitney Biennial,,,"Whitney Biennial 2008, Nueva York"
1400,Ruben Ochoa,Whitney Biennial,,,"Whitney Biennial 2008, Nueva York"
1401,DJ Olive,Whitney Biennial,,,"Whitney Biennial 2008, Nueva York"
1401,DJ Olive,Whitney Biennial,,,"Whitney Biennial 2002, Nueva York"
1402,Mitzi Pederson,Whitney Biennial,,,"Whitney Biennial 2008, Nueva York"
1403,Kembra Pfahler,Whitney Biennial,,,"Whitney Biennial 2008, Nueva York"
1404,Stephen Prina,Whitney Biennial,,,"Whitney Biennial 2008, Nueva York"
1405,Adam Putnam,Whitney Biennial,,,"Whitney Biennial 2008, Nueva York"
1406,Michael Queenland,Whitney Biennial,,,"Whitney Biennial 2008, Nueva York"
1407,Ry Rocklen,Whitney Biennial,,,"Whitney Biennial 2008, Nueva York"
1408,Bert Rodriguez,Whitney Biennial,,,"Whitney Biennial 2008, Nueva York"
1409,Amanda Ross-Ho,Whitney Biennial,,,"Whitney Biennial 2008, Nueva York"
1410,Heather Rowe,Whitney Biennial,,,"Whitney Biennial 2008, Nueva York"
1411,Eduardo Sarabia,Whitney Biennial,,,"Whitney Biennial 2008, Nueva York"
1412,Melanie Schiff,Whitney Biennial,,,"Whitney Biennial 2008, Nueva York"
1413,Amie Siegel,Bienal de São Paulo,34,,"34ª Bienal de São Paulo «Faz escuro mas eu canto» (2021, Crivelli Visconti)"
1413,Amie Siegel,Whitney Biennial,,,"Whitney Biennial 2008, Nueva York"
1414,Lisa Sigal,Whitney Biennial,,,"Whitney Biennial 2008, Nueva York"
1415,Gretchen Skogerson,Whitney Biennial,,,"Whitney Biennial 2008, Nueva York"
1416,Michael Smith,Whitney Biennial,,,"Whitney Biennial 2008, Nueva York"
1417,Agathe Snow,Whitney Biennial,,,"Whitney Biennial 2008, Nueva York"
1418,Cheyney Thompson,Whitney Biennial,,,"Whitney Biennial 2008, Nueva York"
1419,Mungo Thomson,Whitney Biennial,,,"Whitney Biennial 2008, Nueva York"
1420,Phoebe Washburn,Whitney Biennial,,,"Whitney Biennial 2008, Nueva York"
1421,James Welling,Whitney Biennial,,,"Whitney Biennial 2008, Nueva York"
1422,Mario Ybarra Jr.,Whitney Biennial,,,"Whitney Biennial 2008, Nueva York"
1423,Marina Rosenfeld,Bienal de Gwangju,15,2024,"15ª Bienal de Gwangju «Pansori, a soundscape of the 21st century» (2024, Nicolas Bourriaud)"
1423,Marina Rosenfeld,Whitney Biennial,,,"Whitney Biennial 2008, Nueva York"
1423,Marina Rosenfeld,Whitney Biennial,,,"Whitney Biennial 2012, Nueva York"
1423,Marina Rosenfeld,Whitney Biennial,,,"Whitney Biennial 2002, Nueva York"
1424,Allora & Calzadilla,Bienal de Estambul,10,2007,"10ª Bienal de Estambul «Not Only Possible, But Also Necessary» (2007, Hou Hanru)"
1424,Allora & Calzadilla,Bienal de Gwangju,7,2008,"7ª Bienal de Gwangju «Annual Report: A Year in Exhibitions» (2008, Okwui Enwezor)"
1424,Allora & Calzadilla,Bienal de La Habana,7,2000,7ª Bienal de La Habana «Uno más cerca del otro» (2000-2001)
1424,Allora & Calzadilla,Bienal de São Paulo,29,,"29ª Bienal de São Paulo «Há sempre um copo de mar para um homem navegar» (2010, dos Anjos/Farias)"
1424,Allora & Calzadilla,Bienal de Venecia,,,"Bienal de Venecia 2015 «All the World’s Futures», muestra internacional (Enwezor)"
1424,Allora & Calzadilla,Bienal do Mercosul,6,,"6ª Bienal do Mercosul «A Terceira Margem do Rio» (2007, Pérez-Barreiro)"
1424,Allora & Calzadilla,Bienal do Mercosul,9,,"9ª Bienal do Mercosul «Se o clima for favorável» (2013, Hernández Chong Cuy)"
1424,Allora & Calzadilla,Dak'Art,,2004,"Dak'Art, 6ª Bienal de Dakar (2004)"
1424,Allora & Calzadilla,Hugo Boss Prize,,2006,"Hugo Boss Prize, finalista (2006)"
1424,Allora & Calzadilla,Under the Same Sun,,2014,"Under the Same Sun: Art from Latin America Today, Guggenheim, Nueva York (2014, Pablo León de la Barra)"
1424,Allora & Calzadilla,Whitney Biennial,,,"Whitney Biennial 2006 «Day for Night», Nueva York"
1425,Dawolu Jabari Anderson,Whitney Biennial,,,"Whitney Biennial 2006 «Day for Night», Nueva York"
1426,Kenneth Anger,Whitney Biennial,,,"Whitney Biennial 2006 «Day for Night», Nueva York"
1427,Dominic Angerame,Whitney Biennial,,,"Whitney Biennial 2006 «Day for Night», Nueva York"
1428,Christina Battle,Whitney Biennial,,,"Whitney Biennial 2006 «Day for Night», Nueva York"
1429,James Benning,Bienal de Gwangju,16,2026,"16ª Bienal de Gwangju «You Must Change Your Life» (2026, Ho Tzu Nyen)"
1429,James Benning,Whitney Biennial,,,"Whitney Biennial 2006 «Day for Night», Nueva York"
1430,Bernadette Corporation,Whitney Biennial,,,"Whitney Biennial 2006 «Day for Night», Nueva York"
1431,Amy Blakemore,Whitney Biennial,,,"Whitney Biennial 2006 «Day for Night», Nueva York"
1432,Louise Bourque,Whitney Biennial,,,"Whitney Biennial 2006 «Day for Night», Nueva York"
1433,Troy Brauntuch,Whitney Biennial,,,"Whitney Biennial 2006 «Day for Night», Nueva York"
1434,Anthony Burdin,Whitney Biennial,,,"Whitney Biennial 2006 «Day for Night», Nueva York"
1435,George Butler,Whitney Biennial,,,"Whitney Biennial 2006 «Day for Night», Nueva York"
1436,Carter,Whitney Biennial,,,"Whitney Biennial 2006 «Day for Night», Nueva York"
1437,Carolina Caycedo,Bienal de Cuenca,15,,"15ª Bienal de Cuenca «Bienal del Bioceno» (2021, De la Torre)"
1437,Carolina Caycedo,Bienal de Sharjah,15,2023,"15ª Bienal de Sharjah «Thinking Historically in the Present» (2023, Hoor Al Qasimi, comisión 30 aniversario)"
1437,Carolina Caycedo,Bienal de São Paulo,32,,"32ª Bienal de São Paulo «Incerteza Viva» (2016, Volz)"
1437,Carolina Caycedo,Whitney Biennial,,,"Whitney Biennial 2006 «Day for Night», Nueva York"
1437,Carolina Caycedo,otro,,,"New Museum Triennial 2009 «Younger Than Jesus», Nueva York"
1438,The Center for Land Use Interpretation,Whitney Biennial,,,"Whitney Biennial 2006 «Day for Night», Nueva York"
1439,Lori Cheatle,Whitney Biennial,,,"Whitney Biennial 2006 «Day for Night», Nueva York"
1440,Daisy Wright,Whitney Biennial,,,"Whitney Biennial 2006 «Day for Night», Nueva York"
1441,Ira Cohen,Whitney Biennial,,,"Whitney Biennial 2006 «Day for Night», Nueva York"
1442,Martha Colburn,Whitney Biennial,,,"Whitney Biennial 2006 «Day for Night», Nueva York"
1443,Dan Colen,Whitney Biennial,,,"Whitney Biennial 2006 «Day for Night», Nueva York"
1444,Anne Collier,Whitney Biennial,,,"Whitney Biennial 2006 «Day for Night», Nueva York"
1445,Tony Conrad,Bienal de Venecia,,,"Bienal de Venecia 2009 «Fare Mondi / Making Worlds», muestra internacional (Birnbaum)"
1445,Tony Conrad,Whitney Biennial,,,"Whitney Biennial 2006 «Day for Night», Nueva York"
1446,Jamal Cyrus,Whitney Biennial,,,"Whitney Biennial 2006 «Day for Night», Nueva York"
1447,Deep Dish Television Network,Whitney Biennial,,,"Whitney Biennial 2006 «Day for Night», Nueva York"
1448,Lucas DeGiulio,Whitney Biennial,,,"Whitney Biennial 2006 «Day for Night», Nueva York"
1449,Mark di Suvero,Whitney Biennial,,,"Whitney Biennial 2006 «Day for Night», Nueva York"
1450,Rirkrit Tiravanija,Bienal de São Paulo,27,,"27ª Bienal de São Paulo «Como Viver Junto» (2006, Lagnado)"
1450,Rirkrit Tiravanija,Bienal de Venecia,,,"Bienal de Venecia 2015 «All the World’s Futures», muestra internacional (Enwezor)"
1450,Rirkrit Tiravanija,Bienal de Venecia,,,"Bienal de Venecia 2009 «Fare Mondi / Making Worlds», muestra internacional (Birnbaum)"
1450,Rirkrit Tiravanija,Cocido y crudo,,1994,"Cocido y crudo, Museo Reina Sofía, Madrid (1994-1995, Dan Cameron)"
1450,Rirkrit Tiravanija,Dak'Art,,2004,"Dak'Art, 6ª Bienal de Dakar (2004)"
1450,Rirkrit Tiravanija,Hugo Boss Prize,,2004,"Hugo Boss Prize, ganador/a (2004)"
1450,Rirkrit Tiravanija,Whitney Biennial,,,"Whitney Biennial 2006 «Day for Night», Nueva York"
1451,Kenya Evans,Whitney Biennial,,,"Whitney Biennial 2006 «Day for Night», Nueva York"
1452,David Gatten,Whitney Biennial,,,"Whitney Biennial 2006 «Day for Night», Nueva York"
1452,David Gatten,Whitney Biennial,,,"Whitney Biennial 2002, Nueva York"
1453,Joe Gibbons,Whitney Biennial,,,"Whitney Biennial 2006 «Day for Night», Nueva York"
1453,Joe Gibbons,Whitney Biennial,,,"Whitney Biennial 2002, Nueva York"
1453,Joe Gibbons,Whitney Biennial,,,"Whitney Biennial 2000, Nueva York"
1454,Robert Gober,Bienal de Venecia,,,"Bienal de Venecia 2013 «Il Palazzo Enciclopedico», muestra internacional (Gioni)"
1454,Robert Gober,Whitney Biennial,,,"Whitney Biennial 2006 «Day for Night», Nueva York"
1454,Robert Gober,Whitney Biennial,,,"Whitney Biennial 2000, Nueva York"
1455,Deva Graf,Whitney Biennial,,,"Whitney Biennial 2006 «Day for Night», Nueva York"
1456,Dan Graham,Bienal de São Paulo,27,,"27ª Bienal de São Paulo «Como Viver Junto» (2006, Lagnado)"
1456,Dan Graham,Information (MoMA 1970),,1970,"Information, The Museum of Modern Art, Nueva York (1970, Kynaston McShine)"
1456,Dan Graham,Whitney Biennial,,,"Whitney Biennial 2006 «Day for Night», Nueva York"
1457,Rodney Graham,Whitney Biennial,,,"Whitney Biennial 2006 «Day for Night», Nueva York"
1458,Jay Heikes,Whitney Biennial,,,"Whitney Biennial 2006 «Day for Night», Nueva York"
1459,Doug Henry,Whitney Biennial,,,"Whitney Biennial 2006 «Day for Night», Nueva York"
1460,Dorothy Iannone,Whitney Biennial,,,"Whitney Biennial 2006 «Day for Night», Nueva York"
1461,Matthew Day Jackson,Whitney Biennial,,,"Whitney Biennial 2006 «Day for Night», Nueva York"
1462,Cameron Jamie,Bienal de Venecia,,,"Bienal de Venecia 2019 «May You Live in Interesting Times», muestra internacional (Rugoff)"
1462,Cameron Jamie,Whitney Biennial,,,"Whitney Biennial 2006 «Day for Night», Nueva York"
1463,Natalie Jeremijenko,Whitney Biennial,,,"Whitney Biennial 2006 «Day for Night», Nueva York"
1464,Phil Taylor,Whitney Biennial,,,"Whitney Biennial 2006 «Day for Night», Nueva York"
1465,Daniel Johnston,Whitney Biennial,,,"Whitney Biennial 2006 «Day for Night», Nueva York"
1466,Lewis Klahr,Whitney Biennial,,,"Whitney Biennial 2006 «Day for Night», Nueva York"
1467,Andrew Lampert,Whitney Biennial,,,"Whitney Biennial 2006 «Day for Night», Nueva York"
1468,Lisa Lapinski,Whitney Biennial,,,"Whitney Biennial 2006 «Day for Night», Nueva York"
1469,Liz Larner,Whitney Biennial,,,"Whitney Biennial 2006 «Day for Night», Nueva York"
1470,Hanna Liden,Whitney Biennial,,,"Whitney Biennial 2006 «Day for Night», Nueva York"
1471,Jeanne Liotta,Whitney Biennial,,,"Whitney Biennial 2006 «Day for Night», Nueva York"
1472,Marie Losier,Whitney Biennial,,,"Whitney Biennial 2006 «Day for Night», Nueva York"
1473,Florian Maier-Aichen,Whitney Biennial,,,"Whitney Biennial 2006 «Day for Night», Nueva York"
1474,Monica Majoli,Whitney Biennial,,,"Whitney Biennial 2006 «Day for Night», Nueva York"
1475,Yuri Masnyj,Whitney Biennial,,,"Whitney Biennial 2006 «Day for Night», Nueva York"
1476,T. Kelly Mason,Whitney Biennial,,,"Whitney Biennial 2006 «Day for Night», Nueva York"
1477,Diana Thater,Whitney Biennial,,,"Whitney Biennial 2006 «Day for Night», Nueva York"
1478,Adam McEwen,Whitney Biennial,,,"Whitney Biennial 2006 «Day for Night», Nueva York"
1479,Taylor Mead,Whitney Biennial,,,"Whitney Biennial 2006 «Day for Night», Nueva York"
1480,Marilyn Minter,Whitney Biennial,,,"Whitney Biennial 2006 «Day for Night», Nueva York"
1481,Momus,Whitney Biennial,,,"Whitney Biennial 2006 «Day for Night», Nueva York"
1482,Matthew Monahan,Bienal de Venecia,,,"Bienal de Venecia 2013 «Il Palazzo Enciclopedico», muestra internacional (Gioni)"
1482,Matthew Monahan,Whitney Biennial,,,"Whitney Biennial 2006 «Day for Night», Nueva York"
1483,JP Munro,Whitney Biennial,,,"Whitney Biennial 2006 «Day for Night», Nueva York"
1484,Jesús Bubu Negrón,Whitney Biennial,,,"Whitney Biennial 2006 «Day for Night», Nueva York"
1485,Kori Newkirk,Whitney Biennial,,,"Whitney Biennial 2006 «Day for Night», Nueva York"
1486,Todd Norsten,Whitney Biennial,,,"Whitney Biennial 2006 «Day for Night», Nueva York"
1487,Jim O'Rourke,Whitney Biennial,,,"Whitney Biennial 2006 «Day for Night», Nueva York"
1487,Jim O'Rourke,Whitney Biennial,,,"Whitney Biennial 2004, Nueva York"
1488,Otabenga Jones & Associates,Whitney Biennial,,,"Whitney Biennial 2006 «Day for Night», Nueva York"
1489,Tony Oursler,Whitney Biennial,,,"Whitney Biennial 2006 «Day for Night», Nueva York"
1490,Mathias Poledna,Whitney Biennial,,,"Whitney Biennial 2006 «Day for Night», Nueva York"
1491,Robert A. Pruitt,Whitney Biennial,,,"Whitney Biennial 2006 «Day for Night», Nueva York"
1492,Jennifer Reeves,Whitney Biennial,,,"Whitney Biennial 2006 «Day for Night», Nueva York"
1493,Richard Serra,Bienal de Venecia,,,"Bienal de Venecia 2013 «Il Palazzo Enciclopedico», muestra internacional (Gioni)"
1493,Richard Serra,Praemium Imperiale,,1994,"Praemium Imperiale, escultura (1994)"
1493,Richard Serra,When Attitudes Become Form,,1969,"When Attitudes Become Form «Live in Your Head», Kunsthalle Bern (1969, Harald Szeemann)"
1493,Richard Serra,Whitney Biennial,,,"Whitney Biennial 2006 «Day for Night», Nueva York"
1494,Gedi Sibony,Bienal de Venecia,,,"Bienal de Venecia 2015 «All the World’s Futures», muestra internacional (Enwezor)"
1494,Gedi Sibony,Whitney Biennial,,,"Whitney Biennial 2006 «Day for Night», Nueva York"
1495,Jennie Smith,Whitney Biennial,,,"Whitney Biennial 2006 «Day for Night», Nueva York"
1496,Dash Snow,Whitney Biennial,,,"Whitney Biennial 2006 «Day for Night», Nueva York"
1497,Michael Snow,Global Conceptualism,,1999,"Global Conceptualism: Points of Origin 1950s-1980s, Queens Museum, Nueva York (1999, Farver/Camnitzer/Weiss y equipo de once curadores); itinerancia Walker/Miami/MIT List"
1497,Michael Snow,Whitney Biennial,,,"Whitney Biennial 2006 «Day for Night», Nueva York"
1498,Reena Spaulings,Whitney Biennial,,,"Whitney Biennial 2006 «Day for Night», Nueva York"
1499,Rudolf Stingel,Whitney Biennial,,,"Whitney Biennial 2006 «Day for Night», Nueva York"
1500,Angela Strassheim,Whitney Biennial,,,"Whitney Biennial 2006 «Day for Night», Nueva York"
1501,Zoe Strauss,Whitney Biennial,,,"Whitney Biennial 2006 «Day for Night», Nueva York"
1502,Studio Film Club,Whitney Biennial,,,"Whitney Biennial 2006 «Day for Night», Nueva York"
1503,Sturtevant,Whitney Biennial,,,"Whitney Biennial 2006 «Day for Night», Nueva York"
1504,Billy Sullivan,Whitney Biennial,,,"Whitney Biennial 2006 «Day for Night», Nueva York"
1505,Spencer Sweeney,Whitney Biennial,,,"Whitney Biennial 2006 «Day for Night», Nueva York"
1506,Chris Vasell,Whitney Biennial,,,"Whitney Biennial 2006 «Day for Night», Nueva York"
1507,Francesco Vezzoli,Whitney Biennial,,,"Whitney Biennial 2006 «Day for Night», Nueva York"
1508,Aaron Young,Whitney Biennial,,,"Whitney Biennial 2006 «Day for Night», Nueva York"
1509,Laylah Ali,Whitney Biennial,,,"Whitney Biennial 2004, Nueva York"
1510,assume vivid astro focus,Bienal de São Paulo,28,,"28ª Bienal de São Paulo «Em vivo contato» (2008, Mesquita/Cohen)"
1510,assume vivid astro focus,Whitney Biennial,,,"Whitney Biennial 2004, Nueva York"
1511,Dike Blair,Whitney Biennial,,,"Whitney Biennial 2004, Nueva York"
1512,Jeremy Blake,Whitney Biennial,,,"Whitney Biennial 2004, Nueva York"
1512,Jeremy Blake,Whitney Biennial,,,"Whitney Biennial 2002, Nueva York"
1512,Jeremy Blake,Whitney Biennial,,,"Whitney Biennial 2000, Nueva York"
1513,Mel Bochner,Information (MoMA 1970),,1970,"Information, The Museum of Modern Art, Nueva York (1970, Kynaston McShine)"
1513,Mel Bochner,When Attitudes Become Form,,1969,"When Attitudes Become Form «Live in Your Head», Kunsthalle Bern (1969, Harald Szeemann)"
1513,Mel Bochner,Whitney Biennial,,,"Whitney Biennial 2004, Nueva York"
1514,Andrea Bowers,Whitney Biennial,,,"Whitney Biennial 2004, Nueva York"
1515,Slater Bradley,Whitney Biennial,,,"Whitney Biennial 2004, Nueva York"
1516,Tom Burr,Whitney Biennial,,,"Whitney Biennial 2004, Nueva York"
1517,Ernesto Caivano,Whitney Biennial,,,"Whitney Biennial 2004, Nueva York"
1518,Pip Chodorov,Whitney Biennial,,,"Whitney Biennial 2004, Nueva York"
1519,Liz Craft,Whitney Biennial,,,"Whitney Biennial 2004, Nueva York"
1520,Santiago Cucullu,Whitney Biennial,,,"Whitney Biennial 2004, Nueva York"
1521,Amy Cutler,Whitney Biennial,,,"Whitney Biennial 2004, Nueva York"
1522,Paul B. Davis,Whitney Biennial,,,"Whitney Biennial 2004, Nueva York"
1523,Taylor Davis,Whitney Biennial,,,"Whitney Biennial 2004, Nueva York"
1524,Sue de Beer,Whitney Biennial,,,"Whitney Biennial 2004, Nueva York"
1525,Lecia Dole-Recio,Whitney Biennial,,,"Whitney Biennial 2004, Nueva York"
1526,Bradley Eros,Whitney Biennial,,,"Whitney Biennial 2004, Nueva York"
1527,Spencer Finch,Bienal de Venecia,,,"Bienal de Venecia 2009 «Fare Mondi / Making Worlds», muestra internacional (Birnbaum)"
1527,Spencer Finch,Whitney Biennial,,,"Whitney Biennial 2004, Nueva York"
1528,Rob Fischer,Whitney Biennial,,,"Whitney Biennial 2004, Nueva York"
1529,Kim Fisher,Whitney Biennial,,,"Whitney Biennial 2004, Nueva York"
1530,Harrell Fletcher,Bienal do Mercosul,6,,"6ª Bienal do Mercosul «A Terceira Margem do Rio» (2007, Pérez-Barreiro)"
1530,Harrell Fletcher,Whitney Biennial,,,"Whitney Biennial 2004, Nueva York"
1531,Miranda July,Bienal de Venecia,,,"Bienal de Venecia 2009 «Fare Mondi / Making Worlds», muestra internacional (Birnbaum)"
1531,Miranda July,Whitney Biennial,,,"Whitney Biennial 2004, Nueva York"
1531,Miranda July,Whitney Biennial,,,"Whitney Biennial 2002, Nueva York"
1532,James Fotopoulos,Whitney Biennial,,,"Whitney Biennial 2004, Nueva York"
1533,Barnaby Furnas,Whitney Biennial,,,"Whitney Biennial 2004, Nueva York"
1534,Sandra Gibson,Whitney Biennial,,,"Whitney Biennial 2004, Nueva York"
1535,Katy Grannan,Whitney Biennial,,,"Whitney Biennial 2004, Nueva York"
1536,Bill Siegel,Whitney Biennial,,,"Whitney Biennial 2004, Nueva York"
1537,Katie Grinnan,Whitney Biennial,,,"Whitney Biennial 2004, Nueva York"
1538,Mark Handforth,Whitney Biennial,,,"Whitney Biennial 2004, Nueva York"
1539,Alex Hay,Whitney Biennial,,,"Whitney Biennial 2004, Nueva York"
1540,Jim Hodges,Whitney Biennial,,,"Whitney Biennial 2004, Nueva York"
1541,Christian Holstad,Whitney Biennial,,,"Whitney Biennial 2004, Nueva York"
1542,Roni Horn,Whitney Biennial,,,"Whitney Biennial 2004, Nueva York"
1543,Peter Hutton,Whitney Biennial,,,"Whitney Biennial 2004, Nueva York"
1543,Peter Hutton,Whitney Biennial,,,"Whitney Biennial 2002, Nueva York"
1544,Glenn Kaino,Whitney Biennial,,,"Whitney Biennial 2004, Nueva York"
1545,Terence Koh,Whitney Biennial,,,"Whitney Biennial 2004, Nueva York"
1546,Yayoi Kusama,Praemium Imperiale,,2006,"Praemium Imperiale, pintura (2006)"
1546,Yayoi Kusama,Whitney Biennial,,,"Whitney Biennial 2004, Nueva York"
1547,Noémie Lafrance,Whitney Biennial,,,"Whitney Biennial 2004, Nueva York"
1548,Golan Levin,Whitney Biennial,,,"Whitney Biennial 2004, Nueva York"
1549,Sharon Lockhart,Whitney Biennial,,,"Whitney Biennial 2004, Nueva York"
1549,Sharon Lockhart,Whitney Biennial,,,"Whitney Biennial 2000, Nueva York"
1550,Robert Longo,Whitney Biennial,,,"Whitney Biennial 2004, Nueva York"
1551,Los Super Elegantes,Bienal de São Paulo,28,,"28ª Bienal de São Paulo «Em vivo contato» (2008, Mesquita/Cohen)"
1551,Los Super Elegantes,Whitney Biennial,,,"Whitney Biennial 2004, Nueva York"
1552,Robert Mangold,Whitney Biennial,,,"Whitney Biennial 2004, Nueva York"
1553,Cameron Martin,Whitney Biennial,,,"Whitney Biennial 2004, Nueva York"
1554,Virgil Marti,Whitney Biennial,,,"Whitney Biennial 2004, Nueva York"
1555,Anthony McCall,Whitney Biennial,,,"Whitney Biennial 2004, Nueva York"
1556,Bruce McClure,Whitney Biennial,,,"Whitney Biennial 2004, Nueva York"
1556,Bruce McClure,Whitney Biennial,,,"Whitney Biennial 2002, Nueva York"
1557,Lee Mingwei,Whitney Biennial,,,"Whitney Biennial 2004, Nueva York"
1558,Aleksandra Mir,Bienal de Venecia,,,"Bienal de Venecia 2009 «Fare Mondi / Making Worlds», muestra internacional (Birnbaum)"
1558,Aleksandra Mir,Whitney Biennial,,,"Whitney Biennial 2004, Nueva York"
1559,Dave Muller,Whitney Biennial,,,"Whitney Biennial 2004, Nueva York"
1560,Julie Murray,Whitney Biennial,,,"Whitney Biennial 2004, Nueva York"
1561,Julie Atlas Muz,Whitney Biennial,,,"Whitney Biennial 2004, Nueva York"
1562,Andrew Noren,Whitney Biennial,,,"Whitney Biennial 2004, Nueva York"
1562,Andrew Noren,Whitney Biennial,,,"Whitney Biennial 2002, Nueva York"
1563,Robyn O'Neil,Whitney Biennial,,,"Whitney Biennial 2004, Nueva York"
1564,Chloe Piene,Whitney Biennial,,,"Whitney Biennial 2004, Nueva York"
1565,Jack Pierson,Whitney Biennial,,,"Whitney Biennial 2004, Nueva York"
1566,Luis Recoder,Whitney Biennial,,,"Whitney Biennial 2004, Nueva York"
1566,Luis Recoder,Whitney Biennial,,,"Whitney Biennial 2002, Nueva York"
1567,Liisa Roberts,Bienal de Venecia,,,"Bienal de Venecia 2015 «All the World’s Futures», muestra internacional (Enwezor)"
1567,Liisa Roberts,Whitney Biennial,,,"Whitney Biennial 2004, Nueva York"
1568,Dario Robleto,Bienal do Mercosul,6,,"6ª Bienal do Mercosul «A Terceira Margem do Rio» (2007, Pérez-Barreiro)"
1568,Dario Robleto,Whitney Biennial,,,"Whitney Biennial 2004, Nueva York"
1569,Matthew Ronay,Whitney Biennial,,,"Whitney Biennial 2004, Nueva York"
1570,Aïda Ruilova,Hugo Boss Prize,,2006,"Hugo Boss Prize, finalista (2006)"
1570,Aïda Ruilova,Whitney Biennial,,,"Whitney Biennial 2004, Nueva York"
1571,Anne-Marie Schleiner,Whitney Biennial,,,"Whitney Biennial 2004, Nueva York"
1572,Brody Condon,Whitney Biennial,,,"Whitney Biennial 2004, Nueva York"
1573,Joan Leandre,Whitney Biennial,,,"Whitney Biennial 2004, Nueva York"
1574,James Siena,Whitney Biennial,,,"Whitney Biennial 2004, Nueva York"
1575,Zak Smith,Whitney Biennial,,,"Whitney Biennial 2004, Nueva York"
1576,Yutaka Sone,Whitney Biennial,,,"Whitney Biennial 2004, Nueva York"
1577,Alec Soth,Bienal de São Paulo,26,,"26ª Bienal de São Paulo «Território Livre» (2004, Hug)"
1577,Alec Soth,Whitney Biennial,,,"Whitney Biennial 2004, Nueva York"
1578,Deborah Stratman,Whitney Biennial,,,"Whitney Biennial 2004, Nueva York"
1579,Eve Sussman,Whitney Biennial,,,"Whitney Biennial 2004, Nueva York"
1580,Julianne Swartz,Whitney Biennial,,,"Whitney Biennial 2004, Nueva York"
1581,Erick Swenson,Whitney Biennial,,,"Whitney Biennial 2004, Nueva York"
1582,Wynne Greenwood,Whitney Biennial,,,"Whitney Biennial 2004, Nueva York"
1583,Jim Trainor,Whitney Biennial,,,"Whitney Biennial 2004, Nueva York"
1584,Tam Van Tran,Whitney Biennial,,,"Whitney Biennial 2004, Nueva York"
1585,Banks Violette,Whitney Biennial,,,"Whitney Biennial 2004, Nueva York"
1586,Olav Westphalen,Whitney Biennial,,,"Whitney Biennial 2004, Nueva York"
1587,T. J. Wilcox,Whitney Biennial,,,"Whitney Biennial 2004, Nueva York"
1588,Andrea Zittel,Whitney Biennial,,,"Whitney Biennial 2004, Nueva York"
1589,Peggy Ahwesh,Whitney Biennial,,,"Whitney Biennial 2002, Nueva York"
1590,Bosmat Alon,Whitney Biennial,,,"Whitney Biennial 2002, Nueva York"
1591,Tirtza Even,Whitney Biennial,,,"Whitney Biennial 2002, Nueva York"
1592,José Alvarez,Whitney Biennial,,,"Whitney Biennial 2002, Nueva York"
1593,Maryanne Amacher,Whitney Biennial,,,"Whitney Biennial 2002, Nueva York"
1594,Archive (Chris Kubick y Anne Walsh),Whitney Biennial,,,"Whitney Biennial 2002, Nueva York"
1595,Irit Batsry,Whitney Biennial,,,"Whitney Biennial 2002, Nueva York"
1596,Zoe Beloff,Whitney Biennial,,,"Whitney Biennial 2002, Nueva York"
1597,Sanford Biggers,Whitney Biennial,,,"Whitney Biennial 2002, Nueva York"
1598,Jennifer Zackin,Whitney Biennial,,,"Whitney Biennial 2002, Nueva York"
1599,Susan Black,Whitney Biennial,,,"Whitney Biennial 2002, Nueva York"
1600,AA Bronson,Whitney Biennial,,,"Whitney Biennial 2002, Nueva York"
1601,James Buckhouse,Whitney Biennial,,,"Whitney Biennial 2002, Nueva York"
1602,Javier Cambre,Whitney Biennial,,,"Whitney Biennial 2002, Nueva York"
1603,Jim Campbell,Whitney Biennial,,,"Whitney Biennial 2002, Nueva York"
1604,Karin Campbell,Whitney Biennial,,,"Whitney Biennial 2002, Nueva York"
1605,Peter Campus,Whitney Biennial,,,"Whitney Biennial 2002, Nueva York"
1606,Chan Chao,Whitney Biennial,,,"Whitney Biennial 2002, Nueva York"
1607,Richard Chartier,Whitney Biennial,,,"Whitney Biennial 2002, Nueva York"
1608,Stephen Dean,Bienal de Estambul,8,2003,"8ª Bienal de Estambul «Poetic Justice» (2003, Dan Cameron)"
1608,Stephen Dean,Whitney Biennial,,,"Whitney Biennial 2002, Nueva York"
1609,Destroy All Monsters Collective,Whitney Biennial,,,"Whitney Biennial 2002, Nueva York"
1610,Keith Edmier,Whitney Biennial,,,"Whitney Biennial 2002, Nueva York"
1611,Ken Feingold,Whitney Biennial,,,"Whitney Biennial 2002, Nueva York"
1612,Mary Flanagan,Whitney Biennial,,,"Whitney Biennial 2002, Nueva York"
1613,Glen Fogel,Whitney Biennial,,,"Whitney Biennial 2002, Nueva York"
1614,Forcefield,Whitney Biennial,,,"Whitney Biennial 2002, Nueva York"
1615,Benjamin Fry,Whitney Biennial,,,"Whitney Biennial 2002, Nueva York"
1616,Brian Frye,Whitney Biennial,,,"Whitney Biennial 2002, Nueva York"
1617,Futurefarmers,Whitney Biennial,,,"Whitney Biennial 2002, Nueva York"
1618,Luis Gispert,Whitney Biennial,,,"Whitney Biennial 2002, Nueva York"
1619,Gogol Bordello,Whitney Biennial,,,"Whitney Biennial 2002, Nueva York"
1620,Janine Gordon,Whitney Biennial,,,"Whitney Biennial 2002, Nueva York"
1621,Alfred Guzzetti,Whitney Biennial,,,"Whitney Biennial 2002, Nueva York"
1622,Trenton Doyle Hancock,Bienal de Estambul,8,2003,"8ª Bienal de Estambul «Poetic Justice» (2003, Dan Cameron)"
1622,Trenton Doyle Hancock,Whitney Biennial,,,"Whitney Biennial 2002, Nueva York"
1622,Trenton Doyle Hancock,Whitney Biennial,,,"Whitney Biennial 2000, Nueva York"
1623,Tim Hawkinson,Whitney Biennial,,,"Whitney Biennial 2002, Nueva York"
1624,Evan Holloway,Whitney Biennial,,,"Whitney Biennial 2002, Nueva York"
1625,Dennis Hopper,Whitney Biennial,,,"Whitney Biennial 2002, Nueva York"
1626,Ken Jacobs,Whitney Biennial,,,"Whitney Biennial 2002, Nueva York"
1627,Christian Jankowski,Bienal de Cuenca,16,,"16ª Bienal de Cuenca (2023, Barenblit)"
1627,Christian Jankowski,Whitney Biennial,,,"Whitney Biennial 2002, Nueva York"
1628,Lisa Jevbratt,Whitney Biennial,,,"Whitney Biennial 2002, Nueva York"
1629,Yael Kanarek,Whitney Biennial,,,"Whitney Biennial 2002, Nueva York"
1630,Kimsooja,Cities on the Move,,1997,"Cities on the Move, Secession, Viena (1997, Hou Hanru y Hans Ulrich Obrist); itinerancia Burdeos, PS1, Louisiana, Hayward, Kiasma y Bangkok (1997-1999)"
1630,Kimsooja,Whitney Biennial,,,"Whitney Biennial 2002, Nueva York"
1631,Diane Kitchen,Whitney Biennial,,,"Whitney Biennial 2002, Nueva York"
1632,John Klima,Whitney Biennial,,,"Whitney Biennial 2002, Nueva York"
1633,Mark LaPore,Whitney Biennial,,,"Whitney Biennial 2002, Nueva York"
1634,Robert Lazzarini,Whitney Biennial,,,"Whitney Biennial 2002, Nueva York"
1635,John Leaños,Whitney Biennial,,,"Whitney Biennial 2002, Nueva York"
1636,Margot Lovejoy,Whitney Biennial,,,"Whitney Biennial 2002, Nueva York"
1637,Vera Lutter,Bienal de São Paulo,26,,"26ª Bienal de São Paulo «Território Livre» (2004, Hug)"
1637,Vera Lutter,Whitney Biennial,,,"Whitney Biennial 2002, Nueva York"
1638,Conor McGrady,Whitney Biennial,,,"Whitney Biennial 2002, Nueva York"
1639,Meredith Monk,Whitney Biennial,,,"Whitney Biennial 2002, Nueva York"
1640,Julie Moos,Whitney Biennial,,,"Whitney Biennial 2002, Nueva York"
1641,Tracie Morris,Whitney Biennial,,,"Whitney Biennial 2002, Nueva York"
1642,Mark Napier,Whitney Biennial,,,"Whitney Biennial 2002, Nueva York"
1643,Robert Nideffer,Whitney Biennial,,,"Whitney Biennial 2002, Nueva York"
1644,Josh On,Whitney Biennial,,,"Whitney Biennial 2002, Nueva York"
1645,Roxy Paine,Whitney Biennial,,,"Whitney Biennial 2002, Nueva York"
1646,Hirsch Perlman,Whitney Biennial,,,"Whitney Biennial 2002, Nueva York"
1647,Leighton Pierce,Whitney Biennial,,,"Whitney Biennial 2002, Nueva York"
1648,Praxis (Delia Bajo y Brainard Carey),Whitney Biennial,,,"Whitney Biennial 2002, Nueva York"
1649,Erwin Redl,Whitney Biennial,,,"Whitney Biennial 2002, Nueva York"
1650,The Rural Studio,Whitney Biennial,,,"Whitney Biennial 2002, Nueva York"
1651,Salon de Fleurus,Whitney Biennial,,,"Whitney Biennial 2002, Nueva York"
1652,Keith Sanborn,Whitney Biennial,,,"Whitney Biennial 2002, Nueva York"
1653,Peter Sarkisian,Bienal de Estambul,8,2003,"8ª Bienal de Estambul «Poetic Justice» (2003, Dan Cameron)"
1653,Peter Sarkisian,Whitney Biennial,,,"Whitney Biennial 2002, Nueva York"
1654,Judith Schaechter,Whitney Biennial,,,"Whitney Biennial 2002, Nueva York"
1655,Collier Schorr,Whitney Biennial,,,"Whitney Biennial 2002, Nueva York"
1656,silt,Whitney Biennial,,,"Whitney Biennial 2002, Nueva York"
1657,Gerry Snyder,Whitney Biennial,,,"Whitney Biennial 2002, Nueva York"
1658,Stom Sogo,Whitney Biennial,,,"Whitney Biennial 2002, Nueva York"
1659,Phil Solomon,Whitney Biennial,,,"Whitney Biennial 2002, Nueva York"
1660,Scott Stark,Whitney Biennial,,,"Whitney Biennial 2002, Nueva York"
1661,Steina,Whitney Biennial,,,"Whitney Biennial 2002, Nueva York"
1662,Brian Tolle,Whitney Biennial,,,"Whitney Biennial 2002, Nueva York"
1663,Rosie Lee Tompkins,Whitney Biennial,,,"Whitney Biennial 2002, Nueva York"
1664,Lauretta Vinciarelli,Whitney Biennial,,,"Whitney Biennial 2002, Nueva York"
1665,Stephen Vitiello,Whitney Biennial,,,"Whitney Biennial 2002, Nueva York"
1666,Chris Ware,Whitney Biennial,,,"Whitney Biennial 2002, Nueva York"
1667,Peter Williams,Whitney Biennial,,,"Whitney Biennial 2002, Nueva York"
1668,Anne Wilson,Whitney Biennial,,,"Whitney Biennial 2002, Nueva York"
1669,Lebbeus Woods,Whitney Biennial,,,"Whitney Biennial 2002, Nueva York"
1670,Fred Worden,Whitney Biennial,,,"Whitney Biennial 2002, Nueva York"
1671,Zhang Huan,Whitney Biennial,,,"Whitney Biennial 2002, Nueva York"
1672,John Zurier,Bienal de São Paulo,30,,"30ª Bienal de São Paulo «A iminência das poéticas» (2012, Pérez-Oramas)"
1672,John Zurier,Whitney Biennial,,,"Whitney Biennial 2002, Nueva York"
1673,Dennis Adams,Magiciens de la Terre,,1989,"Magiciens de la Terre, Centre Pompidou / Grande Halle de la Villette, París (1989, Jean-Hubert Martin)"
1673,Dennis Adams,Whitney Biennial,,,"Whitney Biennial 2000, Nueva York"
1674,Doug Aitken,Dak'Art,,2004,"Dak'Art, 6ª Bienal de Dakar (2004)"
1674,Doug Aitken,Whitney Biennial,,,"Whitney Biennial 2000, Nueva York"
1675,Ghada Amer,Bienal de Gwangju,7,2008,"7ª Bienal de Gwangju «Annual Report: A Year in Exhibitions» (2008, Okwui Enwezor)"
1675,Ghada Amer,The Short Century,,2001,"The Short Century: Independence and Liberation Movements in Africa 1945-1994, Villa Stuck, Múnich (2001, Okwui Enwezor); itinerancia Berlín/Chicago/PS1-MoMA (2001-2002)"
1675,Ghada Amer,Whitney Biennial,,,"Whitney Biennial 2000, Nueva York"
1676,Mark Amerika,Whitney Biennial,,,"Whitney Biennial 2000, Nueva York"
1677,Craig Baldwin,Whitney Biennial,,,"Whitney Biennial 2000, Nueva York"
1678,Lew Baldwin,Whitney Biennial,,,"Whitney Biennial 2000, Nueva York"
1679,Rina Banerjee,Whitney Biennial,,,"Whitney Biennial 2000, Nueva York"
1680,Rebecca Baron,Whitney Biennial,,,"Whitney Biennial 2000, Nueva York"
1681,Vanessa Beecroft,Bienal de São Paulo,25,,"25ª Bienal de São Paulo «Iconografias metropolitanas» (2002, Hug)"
1681,Vanessa Beecroft,Whitney Biennial,,,"Whitney Biennial 2000, Nueva York"
1682,Rolf Belgum,Whitney Biennial,,,"Whitney Biennial 2000, Nueva York"
1683,Ben Benjamin,Whitney Biennial,,,"Whitney Biennial 2000, Nueva York"
1684,Robin Bernat,Whitney Biennial,,,"Whitney Biennial 2000, Nueva York"
1685,Linda Besemer,Whitney Biennial,,,"Whitney Biennial 2000, Nueva York"
1686,Chakaia Booker,Whitney Biennial,,,"Whitney Biennial 2000, Nueva York"
1687,M. W. Burns,Whitney Biennial,,,"Whitney Biennial 2000, Nueva York"
1688,Cai Guo-Qiang,Cities on the Move,,1997,"Cities on the Move, Secession, Viena (1997, Hou Hanru y Hans Ulrich Obrist); itinerancia Burdeos, PS1, Louisiana, Hayward, Kiasma y Bangkok (1997-1999)"
1688,Cai Guo-Qiang,Hugo Boss Prize,,1996,"Hugo Boss Prize, finalista (1996)"
1688,Cai Guo-Qiang,Praemium Imperiale,,2012,"Praemium Imperiale, pintura (2012)"
1688,Cai Guo-Qiang,Whitney Biennial,,,"Whitney Biennial 2000, Nueva York"
1689,Ingrid Calame,Whitney Biennial,,,"Whitney Biennial 2000, Nueva York"
1690,Jem Cohen,Whitney Biennial,,,"Whitney Biennial 2000, Nueva York"
1691,John Coplans,Whitney Biennial,,,"Whitney Biennial 2000, Nueva York"
1692,Petah Coyne,Whitney Biennial,,,"Whitney Biennial 2000, Nueva York"
1693,E.V. Day,Whitney Biennial,,,"Whitney Biennial 2000, Nueva York"
1694,William De Lottie,Whitney Biennial,,,"Whitney Biennial 2000, Nueva York"
1695,Roman De Salvo,Whitney Biennial,,,"Whitney Biennial 2000, Nueva York"
1696,Kim Dingle,Whitney Biennial,,,"Whitney Biennial 2000, Nueva York"
1697,Anthony Discenza,Whitney Biennial,,,"Whitney Biennial 2000, Nueva York"
1698,Tara Donovan,Whitney Biennial,,,"Whitney Biennial 2000, Nueva York"
1699,James Drake,Bienal de Venecia,,,"Bienal de Venecia 2007 «Think with the Senses, Feel with the Mind», muestra internacional (Storr)"
1699,James Drake,Whitney Biennial,,,"Whitney Biennial 2000, Nueva York"
1700,Theresa Duncan,Whitney Biennial,,,"Whitney Biennial 2000, Nueva York"
1701,Leandro Erlich,Bienal de La Habana,7,2000,7ª Bienal de La Habana «Uno más cerca del otro» (2000-2001)
1701,Leandro Erlich,Bienal de São Paulo,26,,"26ª Bienal de São Paulo «Território Livre» (2004, Hug)"
1701,Leandro Erlich,Colección Daros Latinamerica,,,"Colección Daros Latinamerica, Zúrich"
1701,Leandro Erlich,Whitney Biennial,,,"Whitney Biennial 2000, Nueva York"
1702,Fakeshop,Whitney Biennial,,,"Whitney Biennial 2000, Nueva York"
1703,Vernon Fisher,Whitney Biennial,,,"Whitney Biennial 2000, Nueva York"
1704,Brian Fridge,Whitney Biennial,,,"Whitney Biennial 2000, Nueva York"
1705,Dara Friedman,Bienal de Cuenca,14,,"14ª Bienal de Cuenca «Estructuras Vivientes» (2018, Fuenmayor)"
1705,Dara Friedman,Whitney Biennial,,,"Whitney Biennial 2000, Nueva York"
1706,Jill Godmilow,Whitney Biennial,,,"Whitney Biennial 2000, Nueva York"
1707,Ken Goldberg,Whitney Biennial,,,"Whitney Biennial 2000, Nueva York"
1708,Kojo Griffin,Whitney Biennial,,,"Whitney Biennial 2000, Nueva York"
1709,Joseph Havel,Whitney Biennial,,,"Whitney Biennial 2000, Nueva York"
1710,Salomón Huerta,Whitney Biennial,,,"Whitney Biennial 2000, Nueva York"
1711,Michael Joo,Whitney Biennial,,,"Whitney Biennial 2000, Nueva York"
1712,Kurt Kauper,Whitney Biennial,,,"Whitney Biennial 2000, Nueva York"
1713,Silvia Kolbowski,Whitney Biennial,,,"Whitney Biennial 2000, Nueva York"
1714,Harmony Korine,Whitney Biennial,,,"Whitney Biennial 2000, Nueva York"
1715,Ruth Leitman,Whitney Biennial,,,"Whitney Biennial 2000, Nueva York"
1716,Annette Lemieux,Whitney Biennial,,,"Whitney Biennial 2000, Nueva York"
1717,Les LeVeque,Whitney Biennial,,,"Whitney Biennial 2000, Nueva York"
1718,Anne Makepeace,Whitney Biennial,,,"Whitney Biennial 2000, Nueva York"
1719,Joseph Marioni,Whitney Biennial,,,"Whitney Biennial 2000, Nueva York"
1720,Josiah McElheny,Whitney Biennial,,,"Whitney Biennial 2000, Nueva York"
1721,Franco Mondini-Ruiz,Whitney Biennial,,,"Whitney Biennial 2000, Nueva York"
1722,Errol Morris,Whitney Biennial,,,"Whitney Biennial 2000, Nueva York"
1723,Mandy Morrison,Whitney Biennial,,,"Whitney Biennial 2000, Nueva York"
1724,Vik Muniz,Colección Daros Latinamerica,,,"Colección Daros Latinamerica, Zúrich"
1724,Vik Muniz,Whitney Biennial,,,"Whitney Biennial 2000, Nueva York"
1725,Nic Nicosia,Whitney Biennial,,,"Whitney Biennial 2000, Nueva York"
1726,Carl Pope,Whitney Biennial,,,"Whitney Biennial 2000, Nueva York"
1727,Marcos Ramírez Erre,Whitney Biennial,,,"Whitney Biennial 2000, Nueva York"
1728,Jennifer Reeder,Whitney Biennial,,,"Whitney Biennial 2000, Nueva York"
1729,Laurie Reid,Whitney Biennial,,,"Whitney Biennial 2000, Nueva York"
1730,Kay Rosen,Whitney Biennial,,,"Whitney Biennial 2000, Nueva York"
1731,Michal Rovner,Artes Mundi,,2004,"Artes Mundi 1, finalista (2004, Cardiff)"
1731,Michal Rovner,Whitney Biennial,,,"Whitney Biennial 2000, Nueva York"
1732,®™ark,Whitney Biennial,,,"Whitney Biennial 2000, Nueva York"
1733,Katherine Sherwood,Whitney Biennial,,,"Whitney Biennial 2000, Nueva York"
1734,John F. Simon Jr.,Whitney Biennial,,,"Whitney Biennial 2000, Nueva York"
1735,Al Souza,Whitney Biennial,,,"Whitney Biennial 2000, Nueva York"
1736,Darcy Steinke,Whitney Biennial,,,"Whitney Biennial 2000, Nueva York"
1737,Elisabeth Subrin,Whitney Biennial,,,"Whitney Biennial 2000, Nueva York"
1738,Chris Sullivan,Whitney Biennial,,,"Whitney Biennial 2000, Nueva York"
1739,Tran T. Kim-Trang,Whitney Biennial,,,"Whitney Biennial 2000, Nueva York"
1740,Richard Tuttle,When Attitudes Become Form,,1969,"When Attitudes Become Form «Live in Your Head», Kunsthalle Bern (1969, Harald Szeemann)"
1740,Richard Tuttle,Whitney Biennial,,,"Whitney Biennial 2000, Nueva York"
1741,Ayanna U'Dongo,Whitney Biennial,,,"Whitney Biennial 2000, Nueva York"
1742,Chris Verene,Whitney Biennial,,,"Whitney Biennial 2000, Nueva York"
1743,Annette Weintraub,Whitney Biennial,,,"Whitney Biennial 2000, Nueva York"
1744,Yvonne Welbon,Whitney Biennial,,,"Whitney Biennial 2000, Nueva York"
1745,Krzysztof Wodiczko,Magiciens de la Terre,,1989,"Magiciens de la Terre, Centre Pompidou / Grande Halle de la Villette, París (1989, Jean-Hubert Martin)"
1745,Krzysztof Wodiczko,Whitney Biennial,,,"Whitney Biennial 2000, Nueva York"
1746,Yukinori Yanagi,Whitney Biennial,,,"Whitney Biennial 2000, Nueva York"
1755,Fernando Bryce,Bienal de Estambul,8,2003,"8ª Bienal de Estambul «Poetic Justice» (2003, Dan Cameron)"
1755,Fernando Bryce,Bienal de São Paulo,28,,"28ª Bienal de São Paulo «Em vivo contato» (2008, Mesquita/Cohen)"
1755,Fernando Bryce,Bienal de São Paulo,26,,"26ª Bienal de São Paulo «Território Livre» (2004, Hug)"
1756,Los Carpinteros,Bienal de La Habana,7,2000,7ª Bienal de La Habana «Uno más cerca del otro» (2000-2001)
1756,Los Carpinteros,Colección Daros Latinamerica,,,"Colección Daros Latinamerica, Zúrich"
1760,Roberto Cuoghi,Bienal de Venecia,,,"Bienal de Venecia 2013 «Il Palazzo Enciclopedico», muestra internacional (Gioni)"
1760,Roberto Cuoghi,Bienal de Venecia,,,"Bienal de Venecia 2009 «Fare Mondi / Making Worlds», muestra internacional (Birnbaum)"
1764,Simon Evans,Bienal de São Paulo,27,,"27ª Bienal de São Paulo «Como Viver Junto» (2006, Lagnado)"
1768,Daniel Guzman,Bienal de Estambul,9,2005,"9ª Bienal de Estambul «İstanbul» (2005, Esche/Kortun)"
1772,Huang Yong Ping,Bienal de Estambul,10,2007,"10ª Bienal de Estambul «Not Only Possible, But Also Necessary» (2007, Hou Hanru)"
1772,Huang Yong Ping,Bienal de Gwangju,7,2008,"7ª Bienal de Gwangju «Annual Report: A Year in Exhibitions» (2008, Okwui Enwezor)"
1772,Huang Yong Ping,Bienal de Venecia,,,"Bienal de Venecia 2009 «Fare Mondi / Making Worlds», muestra internacional (Birnbaum)"
1772,Huang Yong Ping,Cities on the Move,,1997,"Cities on the Move, Secession, Viena (1997, Hou Hanru y Hans Ulrich Obrist); itinerancia Burdeos, PS1, Louisiana, Hayward, Kiasma y Bangkok (1997-1999)"
1772,Huang Yong Ping,Global Conceptualism,,1999,"Global Conceptualism: Points of Origin 1950s-1980s, Queens Museum, Nueva York (1999, Farver/Camnitzer/Weiss y equipo de once curadores); itinerancia Walker/Miami/MIT List"
1772,Huang Yong Ping,Hugo Boss Prize,,1998,"Hugo Boss Prize, finalista (1998)"
1772,Huang Yong Ping,Magiciens de la Terre,,1989,"Magiciens de la Terre, Centre Pompidou / Grande Halle de la Villette, París (1989, Jean-Hubert Martin)"
1774,Gareth James,Bienal de La Habana,8,2003,8ª Bienal de La Habana (2003)
1776,Toba Khedoori,Bienal de São Paulo,26,,"26ª Bienal de São Paulo «Território Livre» (2004, Hug)"
1776,Toba Khedoori,Bienal de Venecia,,,"Bienal de Venecia 2009 «Fare Mondi / Making Worlds», muestra internacional (Birnbaum)"
1777,Dr. Lakra,Bienal de La Habana,12,2015,12ª Bienal de La Habana «Entre la idea y la experiencia» (2015)
1779,Ricardo Lanzarini,Bienal de La Habana,7,2000,7ª Bienal de La Habana «Uno más cerca del otro» (2000-2001)
1779,Ricardo Lanzarini,Bienal de La Habana,6,1997,6ª Bienal de La Habana «El individuo y su memoria» (1997)
1783,Marco Maggi,Bienal de La Habana,8,2003,8ª Bienal de La Habana (2003)
1783,Marco Maggi,CIFO Grants & Commissions,,2010,"CIFO Grants & Commissions, premiado/a (2010)"
1783,Marco Maggi,Colección Daros Latinamerica,,,"Colección Daros Latinamerica, Zúrich"
1789,Paul Noble,Bienal de Estambul,8,2003,"8ª Bienal de Estambul «Poetic Justice» (2003, Dan Cameron)"
1789,Paul Noble,Turner Prize,,2012,Turner Prize (nominación 2012)
1790,Jockum Nordström,Bienal de Estambul,8,2003,"8ª Bienal de Estambul «Poetic Justice» (2003, Dan Cameron)"
1791,Glexis Novoa,CIFO Grants & Commissions,,2012,"CIFO Grants & Commissions, premiado/a (2012)"
1792,Pavel Pepperstein,Bienal de São Paulo,26,,"26ª Bienal de São Paulo «Território Livre» (2004, Hug)"
1792,Pavel Pepperstein,Bienal de Venecia,,,"Bienal de Venecia 2009 «Fare Mondi / Making Worlds», muestra internacional (Birnbaum)"
1794,Dan Perjovschi,Bienal de Estambul,9,2005,"9ª Bienal de Estambul «İstanbul» (2005, Esche/Kortun)"
1794,Dan Perjovschi,Bienal de São Paulo,31,,"31ª Bienal de São Paulo «Como falar de coisas que não existem» (2014, Esche)"
1794,Dan Perjovschi,Bienal de Venecia,,,"Bienal de Venecia 2007 «Think with the Senses, Feel with the Mind», muestra internacional (Storr)"
1800,Anne-Marie Schneider,Bienal de São Paulo,35,,"35ª Bienal de São Paulo «coreografias do impossível» (2023, Lima/Kilomba/Menezes/Borja-Villel)"
1802,David Shrigley,Turner Prize,,2013,Turner Prize (nominación 2013)
1805,Hayley Tompkins,Bienal de São Paulo,30,,"30ª Bienal de São Paulo «A iminência das poéticas» (2012, Pérez-Oramas)"
1806,Susan Turcot,Bienal de São Paulo,27,,"27ª Bienal de São Paulo «Como Viver Junto» (2006, Lagnado)"
1809,Armando Andrade Tudela,Bienal de São Paulo,27,,"27ª Bienal de São Paulo «Como Viver Junto» (2006, Lagnado)"
1809,Armando Andrade Tudela,Under the Same Sun,,2014,"Under the Same Sun: Art from Latin America Today, Guggenheim, Nueva York (2014, Pablo León de la Barra)"
1810,Alexander Apostól,Bienal de Cuenca,16,,"16ª Bienal de Cuenca (2023, Barenblit)"
1810,Alexander Apostól,Bienal de Cuenca,,2023,"Premio de adquisición, 16ª Bienal de Cuenca (2023)"
1810,Alexander Apostól,Bienal de Estambul,8,2003,"8ª Bienal de Estambul «Poetic Justice» (2003, Dan Cameron)"
1810,Alexander Apostól,Bienal de La Habana,6,1997,6ª Bienal de La Habana «El individuo y su memoria» (1997)
1810,Alexander Apostól,Bienal do Mercosul,10,,"10ª Bienal do Mercosul «Mensagens de uma Nova América» (2015, Fidelis)"
1810,Alexander Apostól,CIFO Grants & Commissions,,2006,"CIFO Grants & Commissions, premiado/a (2006)"
1810,Alexander Apostól,Colección Daros Latinamerica,,,"Colección Daros Latinamerica, Zúrich"
1810,Alexander Apostól,Under the Same Sun,,2014,"Under the Same Sun: Art from Latin America Today, Guggenheim, Nueva York (2014, Pablo León de la Barra)"
1811,Miriam Bäckström,Artes Mundi,,2012,"Artes Mundi 5, finalista (2012, Cardiff)"
1812,Erica Baum,Bienal de São Paulo,30,,"30ª Bienal de São Paulo «A iminência das poéticas» (2012, Pérez-Oramas)"
1818,David Claerbout,Bienal de São Paulo,29,,"29ª Bienal de São Paulo «Há sempre um copo de mar para um homem navegar» (2010, dos Anjos/Farias)"
1819,Phil Collins,Artes Mundi,,2012,"Artes Mundi 5, finalista (2012, Cardiff)"
1819,Phil Collins,Bienal de Estambul,9,2005,"9ª Bienal de Estambul «İstanbul» (2005, Esche/Kortun)"
1819,Phil Collins,Turner Prize,,2006,Turner Prize (nominación 2006)
1825,Nancy Davenport,Bienal de Estambul,10,2007,"10ª Bienal de Estambul «Not Only Possible, But Also Necessary» (2007, Hou Hanru)"
1827,Olafur Eliasson,Hugo Boss Prize,,2002,"Hugo Boss Prize, finalista (2002)"
1827,Olafur Eliasson,Praemium Imperiale,,2023,"Praemium Imperiale, escultura (2023)"
1834,AES+F,Bienal de Estambul,10,2007,"10ª Bienal de Estambul «Not Only Possible, But Also Necessary» (2007, Hou Hanru)"
1841,Yeondoo Jung,Bienal de Estambul,8,2003,"8ª Bienal de Estambul «Poetic Justice» (2003, Dan Cameron)"
1845,Joachim Koester,Bienal de São Paulo,29,,"29ª Bienal de São Paulo «Há sempre um copo de mar para um homem navegar» (2010, dos Anjos/Farias)"
1845,Joachim Koester,Hugo Boss Prize,,2008,"Hugo Boss Prize, finalista (2008)"
1850,Armin Linke,Bienal de São Paulo,28,,"28ª Bienal de São Paulo «Em vivo contato» (2008, Mesquita/Cohen)"
1856,Zwelethu Mthethwa,Bienal de Estambul,8,2003,"8ª Bienal de Estambul «Poetic Justice» (2003, Dan Cameron)"
1856,Zwelethu Mthethwa,Bienal de La Habana,8,2003,8ª Bienal de La Habana (2003)
1856,Zwelethu Mthethwa,The Short Century,,2001,"The Short Century: Independence and Liberation Movements in Africa 1945-1994, Villa Stuck, Múnich (2001, Okwui Enwezor); itinerancia Berlín/Chicago/PS1-MoMA (2001-2002)"
1858,Nils Norman,Bienal de La Habana,8,2003,8ª Bienal de La Habana (2003)
1862,Rosângela Rennó,Bienal de La Habana,6,1997,6ª Bienal de La Habana «El individuo y su memoria» (1997)
1862,Rosângela Rennó,Bienal de São Paulo,29,,"29ª Bienal de São Paulo «Há sempre um copo de mar para um homem navegar» (2010, dos Anjos/Farias)"
1862,Rosângela Rennó,Bienal do Mercosul,1,,"1ª Bienal do Mercosul (1997, Porto Alegre)"
1862,Rosângela Rennó,CIFO Grants & Commissions,,2014,"CIFO Grants & Commissions, premiado/a (2014)"
1862,Rosângela Rennó,Cocido y crudo,,1994,"Cocido y crudo, Museo Reina Sofía, Madrid (1994-1995, Dan Cameron)"
1862,Rosângela Rennó,Colección Cisneros (CPPC),,2019,"Donación CPPC al Museo Reina Sofía, Madrid (2019)"
1862,Rosângela Rennó,Colección Daros Latinamerica,,,"Colección Daros Latinamerica, Zúrich"
1862,Rosângela Rennó,Premio Julius Baer,,2020,"Premio Julius Baer a las artistas latinoamericanas, finalista de la I edición (2020)"
1863,Mauro Restiffe,Bienal de São Paulo,34,,"34ª Bienal de São Paulo «Faz escuro mas eu canto» (2021, Crivelli Visconti)"
1863,Mauro Restiffe,Bienal de São Paulo,27,,"27ª Bienal de São Paulo «Como Viver Junto» (2006, Lagnado)"
1863,Mauro Restiffe,Colección Cisneros (CPPC),,2018,"Donación CPPC al MoMA, Contemporary Gift (2018)"
1868,Dean Sameshima,Bienal de Venecia,,,"Bienal de Venecia 2024 «Stranieri Ovunque», muestra internacional (Pedrosa)"
1869,Alessandra Sanguinetti,Bienal de São Paulo,29,,"29ª Bienal de São Paulo «Há sempre um copo de mar para um homem navegar» (2010, dos Anjos/Farias)"
1873,Efrat Shvily,Bienal de Estambul,8,2003,"8ª Bienal de Estambul «Poetic Justice» (2003, Dan Cameron)"
1874,Santiago Sierra,Bienal de São Paulo,26,,"26ª Bienal de São Paulo «Território Livre» (2004, Hug)"
1874,Santiago Sierra,Colección Daros Latinamerica,,,"Colección Daros Latinamerica, Zúrich"
1877,Sean Snyder,Bienal de Estambul,9,2005,"9ª Bienal de Estambul «İstanbul» (2005, Esche/Kortun)"
1885,Fatimah Tuggar,Bienal de Sharjah,15,2023,"15ª Bienal de Sharjah «Thinking Historically in the Present» (2023, Hoor Al Qasimi, comisión 30 aniversario)"
1891,Catherine Yass,Turner Prize,,2002,Turner Prize (nominación 2002)
1896,Adel Abdessemed,Bienal de Estambul,10,2007,"10ª Bienal de Estambul «Not Only Possible, But Also Necessary» (2007, Hou Hanru)"
1896,Adel Abdessemed,Bienal de Gwangju,7,2008,"7ª Bienal de Gwangju «Annual Report: A Year in Exhibitions» (2008, Okwui Enwezor)"
1896,Adel Abdessemed,Bienal de São Paulo,27,,"27ª Bienal de São Paulo «Como Viver Junto» (2006, Lagnado)"
1896,Adel Abdessemed,Bienal de Venecia,,,"Bienal de Venecia 2015 «All the World’s Futures», muestra internacional (Enwezor)"
1896,Adel Abdessemed,Bienal de Venecia,,,"Bienal de Venecia 2007 «Think with the Senses, Feel with the Mind», muestra internacional (Storr)"
1896,Adel Abdessemed,Dak'Art,,,"Dak'Art, 15ª Bienal de Dakar «The Wake» (2024, Salimata Diop)"
1897,Micol Assael,Bienal de São Paulo,28,,"28ª Bienal de São Paulo «Em vivo contato» (2008, Mesquita/Cohen)"
1901,Alexandra Bircken,Bienal de Venecia,,,"Bienal de Venecia 2019 «May You Live in Interesting Times», muestra internacional (Rugoff)"
1902,Karla Black,Turner Prize,,2011,Turner Prize (nominación 2011)
1905,Christoph Buchel,Bienal de Venecia,,,"Bienal de Venecia 2019 «May You Live in Interesting Times», muestra internacional (Rugoff)"
1905,Christoph Buchel,Hugo Boss Prize,,2008,"Hugo Boss Prize, finalista (2008)"
1908,Marcelo Cidade,Bienal de São Paulo,27,,"27ª Bienal de São Paulo «Como Viver Junto» (2006, Lagnado)"
1911,Alexandre da Cunha,Bienal de São Paulo,30,,"30ª Bienal de São Paulo «A iminência das poéticas» (2012, Pérez-Oramas)"
1915,Iran do Espirito Santo,Bienal de São Paulo,28,,"28ª Bienal de São Paulo «Em vivo contato» (2008, Mesquita/Cohen)"
1915,Iran do Espirito Santo,Bienal de Venecia,,,"Bienal de Venecia 2007 «Think with the Senses, Feel with the Mind», muestra internacional (Storr)"
1915,Iran do Espirito Santo,Colección Cisneros (CPPC),,2019,"Donación CPPC al Museo Reina Sofía, Madrid (2019)"
1920,Loris Greaud,Bienal de Gwangju,15,2024,"15ª Bienal de Gwangju «Pansori, a soundscape of the 21st century» (2024, Nicolas Bourriaud)"
1920,Loris Greaud,otro,,,"New Museum Triennial 2009 «Younger Than Jesus», Nueva York"
1921,Jeppe Hein,Bienal de Venecia,,,"Bienal de Venecia 2019 «May You Live in Interesting Times», muestra internacional (Rugoff)"
1925,Kitty Kraus,otro,,,"New Museum Triennial 2009 «Younger Than Jesus», Nueva York"
1926,Gabriel Kuri,Bienal de La Habana,12,2015,12ª Bienal de La Habana «Entre la idea y la experiencia» (2015)
1926,Gabriel Kuri,Colección Cisneros (CPPC),,2018,"Donación CPPC al MoMA, Contemporary Gift (2018)"
1932,Ernesto Neto,Bienal de La Habana,8,2003,8ª Bienal de La Habana (2003)
1932,Ernesto Neto,Bienal de São Paulo,29,,"29ª Bienal de São Paulo «Há sempre um copo de mar para um homem navegar» (2010, dos Anjos/Farias)"
1932,Ernesto Neto,Bienal do Mercosul,10,,"10ª Bienal do Mercosul «Mensagens de uma Nova América» (2015, Fidelis)"
1932,Ernesto Neto,Colección Daros Latinamerica,,,"Colección Daros Latinamerica, Zúrich"
1933,Rivane Neuenschwander,Bienal de Gwangju,7,2008,"7ª Bienal de Gwangju «Annual Report: A Year in Exhibitions» (2008, Okwui Enwezor)"
1933,Rivane Neuenschwander,Bienal de São Paulo,28,,"28ª Bienal de São Paulo «Em vivo contato» (2008, Mesquita/Cohen)"
1933,Rivane Neuenschwander,Bienal de São Paulo,27,,"27ª Bienal de São Paulo «Como Viver Junto» (2006, Lagnado)"
1933,Rivane Neuenschwander,Bienal do Mercosul,6,,"6ª Bienal do Mercosul «A Terceira Margem do Rio» (2007, Pérez-Barreiro)"
1933,Rivane Neuenschwander,Hugo Boss Prize,,2004,"Hugo Boss Prize, finalista (2004)"
1933,Rivane Neuenschwander,Under the Same Sun,,2014,"Under the Same Sun: Art from Latin America Today, Guggenheim, Nueva York (2014, Pablo León de la Barra)"
1934,Damian Ortega,Bienal de La Habana,11,2012,11ª Bienal de La Habana «Prácticas artísticas e imaginarios sociales» (2012)
1934,Damian Ortega,Bienal de São Paulo,27,,"27ª Bienal de São Paulo «Como Viver Junto» (2006, Lagnado)"
1934,Damian Ortega,Hugo Boss Prize,,2006,"Hugo Boss Prize, finalista (2006)"
1934,Damian Ortega,Under the Same Sun,,2014,"Under the Same Sun: Art from Latin America Today, Guggenheim, Nueva York (2014, Pablo León de la Barra)"
1936,Falke Pisano,Bienal de Venecia,,,"Bienal de Venecia 2009 «Fare Mondi / Making Worlds», muestra internacional (Birnbaum)"
1937,Wilfredo Prieto,Bienal de La Habana,8,2003,8ª Bienal de La Habana (2003)
1937,Wilfredo Prieto,Bienal de São Paulo,29,,"29ª Bienal de São Paulo «Há sempre um copo de mar para um homem navegar» (2010, dos Anjos/Farias)"
1937,Wilfredo Prieto,Colección Cisneros (CPPC),,2018,"Donación CPPC al MoMA, Contemporary Gift (2018)"
1937,Wilfredo Prieto,Colección Daros Latinamerica,,,"Colección Daros Latinamerica, Zúrich"
1937,Wilfredo Prieto,Under the Same Sun,,2014,"Under the Same Sun: Art from Latin America Today, Guggenheim, Nueva York (2014, Pablo León de la Barra)"
1938,Tobias Putrih,Bienal de São Paulo,29,,"29ª Bienal de São Paulo «Há sempre um copo de mar para um homem navegar» (2010, dos Anjos/Farias)"
1941,Mandla Reuter,Bienal de Gwangju,7,2008,"7ª Bienal de Gwangju «Annual Report: A Year in Exhibitions» (2008, Okwui Enwezor)"
1942,Lili Reynaud-Dewar,Bienal de Venecia,,,"Bienal de Venecia 2015 «All the World’s Futures», muestra internacional (Enwezor)"
1944,Tomas Saraceno,Bienal de São Paulo,27,,"27ª Bienal de São Paulo «Como Viver Junto» (2006, Lagnado)"
1944,Tomas Saraceno,Bienal de Venecia,,,"Bienal de Venecia 2019 «May You Live in Interesting Times», muestra internacional (Rugoff)"
1944,Tomas Saraceno,Bienal de Venecia,,,"Bienal de Venecia 2009 «Fare Mondi / Making Worlds», muestra internacional (Birnbaum)"
1944,Tomas Saraceno,CIFO Grants & Commissions,,2004,"CIFO Grants & Commissions, premiado/a (2004)"
1953,Monika Sosnowska,Bienal de Estambul,8,2003,"8ª Bienal de Estambul «Poetic Justice» (2003, Dan Cameron)"
1953,Monika Sosnowska,Hugo Boss Prize,,2012,"Hugo Boss Prize, finalista (2012)"
1954,Katja Strunz,Bienal de São Paulo,30,,"30ª Bienal de São Paulo «A iminência das poéticas» (2012, Pérez-Oramas)"
1956,Tatiana Trouve,Bienal de São Paulo,29,,"29ª Bienal de São Paulo «Há sempre um copo de mar para um homem navegar» (2010, dos Anjos/Farias)"
1956,Tatiana Trouve,Bienal de Venecia,,,"Bienal de Venecia 2007 «Think with the Senses, Feel with the Mind», muestra internacional (Storr)"
1958,Rebecca Warren,Turner Prize,,2006,Turner Prize (nominación 2006)
1965,Paulina Olowska,Bienal de Estambul,9,2005,"9ª Bienal de Estambul «İstanbul» (2005, Esche/Kortun)"
1972,Amalia Pica,Bienal de Cuenca,16,,"16ª Bienal de Cuenca (2023, Barenblit)"
1972,Amalia Pica,CIFO Grants & Commissions,,2011,"CIFO Grants & Commissions, premiado/a (2011)"
1972,Amalia Pica,Colección Cisneros (CPPC),,2018,"Donación CPPC al MoMA, Contemporary Gift (2018)"
1972,Amalia Pica,Under the Same Sun,,2014,"Under the Same Sun: Art from Latin America Today, Guggenheim, Nueva York (2014, Pablo León de la Barra)"
1985,Marisa Merz,Bienal de Venecia,,,"Bienal de Venecia 2013 «Il Palazzo Enciclopedico», muestra internacional (Gioni)"
1985,Marisa Merz,otro,,2013,"León de Oro a la trayectoria, Venecia (2013)"
1987,Ron Nagle,Bienal de Venecia,,,"Bienal de Venecia 2013 «Il Palazzo Enciclopedico», muestra internacional (Gioni)"
1996,Igshaan Adams,Bienal de São Paulo,35,,"35ª Bienal de São Paulo «coreografias do impossível» (2023, Lima/Kilomba/Menezes/Borja-Villel)"
1996,Igshaan Adams,Bienal de Venecia,,,"Bienal de Venecia 2022 «The Milk of Dreams», muestra internacional (Alemani)"
1997,Olga de Amaral,Bienal de Venecia,,,"Bienal de Venecia 2024 «Stranieri Ovunque», muestra internacional (Pedrosa)"
2004,Phyllida Barlow,Bienal de Venecia,,,"Bienal de Venecia 2013 «Il Palazzo Enciclopedico», muestra internacional (Gioni)"
2024,Nicholas Hlobo,Bienal de La Habana,,,"Bienal de La Habana (participación documentada, edición por precisar)"
2027,Reena Saini Kallat,Bienal de Sharjah,15,2023,"15ª Bienal de Sharjah «Thinking Historically in the Present» (2023, Hoor Al Qasimi)"
2029,Teresa Lanceta,Bienal de São Paulo,31,,"31ª Bienal de São Paulo «Como falar de coisas que não existem» (2014, Esche)"
2032,Lavanya Mani,Bienal de Sharjah,15,2023,"15ª Bienal de Sharjah «Thinking Historically in the Present» (2023, Hoor Al Qasimi)"
2035,Senga Nengudi,Bienal de São Paulo,35,,"35ª Bienal de São Paulo «coreografias do impossível» (2023, Lima/Kilomba/Menezes/Borja-Villel)"
2035,Senga Nengudi,Nasher Prize,,2023,"Nasher Prize de escultura, laureado/a (2023, Dallas)"
2040,Rosana Palazyan,Bienal de La Habana,6,1997,6ª Bienal de La Habana «El individuo y su memoria» (1997)
2040,Rosana Palazyan,Bienal de São Paulo,26,,"26ª Bienal de São Paulo «Território Livre» (2004, Hug)"
2040,Rosana Palazyan,Bienal do Mercosul,1,,"1ª Bienal do Mercosul (1997, Porto Alegre)"
2040,Rosana Palazyan,Colección Cisneros (CPPC),,2019,"Donación CPPC al Museo Reina Sofía, Madrid (2019)"
2045,Faith Ringgold,Cocido y crudo,,1994,"Cocido y crudo, Museo Reina Sofía, Madrid (1994-1995, Dan Cameron)"
2051,Valeska Soares,Bienal de São Paulo,28,,"28ª Bienal de São Paulo «Em vivo contato» (2008, Mesquita/Cohen)"
2051,Valeska Soares,Colección Cisneros (CPPC),,2019,"Donación CPPC al Museo Reina Sofía, Madrid (2019)"
2051,Valeska Soares,Colección Daros Latinamerica,,,"Colección Daros Latinamerica, Zúrich"
2052,Do Ho Suh,Bienal de Estambul,8,2003,"8ª Bienal de Estambul «Poetic Justice» (2003, Dan Cameron)"
2053,Güneş Terkol,Bienal de São Paulo,32,,"32ª Bienal de São Paulo «Incerteza Viva» (2016, Volz)"
2053,Güneş Terkol,Bienal de Venecia,,,"Bienal de Venecia 2024 «Stranieri Ovunque», muestra internacional (Pedrosa)"
2056,Franz Erhard Walther,Bienal de Cuenca,14,,"14ª Bienal de Cuenca «Estructuras Vivientes» (2018, Fuenmayor)"
2056,Franz Erhard Walther,Bienal de São Paulo,30,,"30ª Bienal de São Paulo «A iminência das poéticas» (2012, Pérez-Oramas)"
2056,Franz Erhard Walther,When Attitudes Become Form,,1969,"When Attitudes Become Form «Live in Your Head», Kunsthalle Bern (1969, Harald Szeemann)"
2057,Yin Xiuzhen,Bienal de São Paulo,26,,"26ª Bienal de São Paulo «Território Livre» (2004, Hug)"
2057,Yin Xiuzhen,Bienal de Venecia,,,"Bienal de Venecia 2019 «May You Live in Interesting Times», muestra internacional (Rugoff)"
2060,Robert Crumb,Bienal de Venecia,,,"Bienal de Venecia 2013 «Il Palazzo Enciclopedico», muestra internacional (Gioni)"
2061,Tom Friedman,Hugo Boss Prize,,2000,"Hugo Boss Prize, finalista (2000)"
2062,Claudette Johnson,Turner Prize,,2024,Turner Prize (nominación 2024)
2063,Rashid Johnson,Hugo Boss Prize,,2012,"Hugo Boss Prize, finalista (2012)"
2067,Christina Quarles,Bienal de Venecia,,,"Bienal de Venecia 2022 «The Milk of Dreams», muestra internacional (Alemani)"
2069,Qiu Zhijie,Bienal de São Paulo,31,,"31ª Bienal de São Paulo «Como falar de coisas que não existem» (2014, Esche)"
2069,Qiu Zhijie,Bienal de Venecia,,,"Bienal de Venecia 2015 «All the World’s Futures», muestra internacional (Enwezor)"
2069,Qiu Zhijie,Hugo Boss Prize,,2012,"Hugo Boss Prize, finalista (2012)"
2070,Emma Talbot,Bienal de Venecia,,,"Bienal de Venecia 2022 «The Milk of Dreams», muestra internacional (Alemani)"
2073,Sara Cwynar,Bienal de São Paulo,33,,"33ª Bienal de São Paulo «Afinidades afetivas» (2018, Pérez-Barreiro)"
2075,Lauren Halsey,Bienal de Venecia,,,"Bienal de Venecia 2024 «Stranieri Ovunque», muestra internacional (Pedrosa)"
2079,Frida Orupabo,Bienal de Gwangju,15,2024,"15ª Bienal de Gwangju «Pansori, a soundscape of the 21st century» (2024, Nicolas Bourriaud)"
2079,Frida Orupabo,Bienal de São Paulo,34,,"34ª Bienal de São Paulo «Faz escuro mas eu canto» (2021, Crivelli Visconti)"
2079,Frida Orupabo,Bienal de Venecia,,,"Bienal de Venecia 2019 «May You Live in Interesting Times», muestra internacional (Rugoff)"
2081,Tabita Rezaire,Bienal de Gwangju,15,2024,"15ª Bienal de Gwangju «Pansori, a soundscape of the 21st century» (2024, Nicolas Bourriaud)"
2087,Alejandro Cesarco,Bienal de São Paulo,33,,"33ª Bienal de São Paulo «Afinidades afetivas» (2018, Pérez-Barreiro)"
2087,Alejandro Cesarco,Bienal de São Paulo,30,,"30ª Bienal de São Paulo «A iminência das poéticas» (2012, Pérez-Oramas)"
2087,Alejandro Cesarco,Colección Cisneros (CPPC),,2018,"Donación CPPC al MoMA, Contemporary Gift (2018)"
2087,Alejandro Cesarco,Under the Same Sun,,2014,"Under the Same Sun: Art from Latin America Today, Guggenheim, Nueva York (2014, Pablo León de la Barra)"
2091,Shilpa Gupta,Bienal de La Habana,12,2015,12ª Bienal de La Habana «Entre la idea y la experiencia» (2015)
2091,Shilpa Gupta,Bienal de Venecia,,,"Bienal de Venecia 2019 «May You Live in Interesting Times», muestra internacional (Rugoff)"
2091,Shilpa Gupta,otro,,,"New Museum Triennial 2009 «Younger Than Jesus», Nueva York"
2094,Barbara Kruger,Bienal de Venecia,,,"Bienal de Venecia 2022 «The Milk of Dreams», muestra internacional (Alemani)"
2094,Barbara Kruger,Magiciens de la Terre,,1989,"Magiciens de la Terre, Centre Pompidou / Grande Halle de la Villette, París (1989, Jean-Hubert Martin)"
2101,Kameelah Janan Rasheed,Artes Mundi,,2025,"Artes Mundi 11, finalista (2025-2026, Cardiff)"
2104,Hank Willis Thomas,Bienal de Sharjah,15,2023,"15ª Bienal de Sharjah «Thinking Historically in the Present» (2023, Hoor Al Qasimi)"
2109,Rosa Barba,Bienal de São Paulo,32,,"32ª Bienal de São Paulo «Incerteza Viva» (2016, Volz)"
2109,Rosa Barba,Bienal de Venecia,,,"Bienal de Venecia 2015 «All the World’s Futures», muestra internacional (Enwezor)"
2109,Rosa Barba,Bienal de Venecia,,,"Bienal de Venecia 2009 «Fare Mondi / Making Worlds», muestra internacional (Birnbaum)"
2110,Gabrielle Goliath,Bienal de Sharjah,15,2023,"15ª Bienal de Sharjah «Thinking Historically in the Present» (2023, Hoor Al Qasimi)"
2110,Gabrielle Goliath,Bienal de Venecia,,,"Bienal de Venecia 2024 «Stranieri Ovunque», muestra internacional (Pedrosa)"
2111,Lynn Hershman Leeson,Bienal de Gwangju,13,2021,"13ª Bienal de Gwangju «Minds Rising, Spirits Tuning» (2021, Defne Ayas y Natasha Ginwala)"
2111,Lynn Hershman Leeson,Bienal de São Paulo,36,,"36ª Bienal de São Paulo «Nem todo viandante anda estradas» (2025, Ndikung)"
2111,Lynn Hershman Leeson,Bienal de Venecia,,,"Bienal de Venecia 2022 «The Milk of Dreams», muestra internacional (Alemani)"
2112,Ayoung Kim,Bienal de Sharjah,15,2023,"15ª Bienal de Sharjah «Thinking Historically in the Present» (2023, Hoor Al Qasimi)"
2112,Ayoung Kim,Bienal de Venecia,,,"Bienal de Venecia 2015 «All the World’s Futures», muestra internacional (Enwezor)"
2115,Giulia Andreani,Bienal de Venecia,,,"Bienal de Venecia 2024 «Stranieri Ovunque», muestra internacional (Pedrosa)"
2123,Jadé Fadojutimi,Bienal de Venecia,,,"Bienal de Venecia 2022 «The Milk of Dreams», muestra internacional (Alemani)"
2124,Louis Fratino,Bienal de Venecia,,,"Bienal de Venecia 2024 «Stranieri Ovunque», muestra internacional (Pedrosa)"
2130,Ad Minoliti,Bienal de Gwangju,13,2021,"13ª Bienal de Gwangju «Minds Rising, Spirits Tuning» (2021, Defne Ayas y Natasha Ginwala)"
2130,Ad Minoliti,Bienal de Venecia,,,"Bienal de Venecia 2019 «May You Live in Interesting Times», muestra internacional (Rugoff)"
2130,Ad Minoliti,Bienal do Mercosul,14,,"14ª Bienal do Mercosul «Estalo» (2025, Fonseca)"
2130,Ad Minoliti,Bienal do Mercosul,10,,"10ª Bienal do Mercosul «Mensagens de uma Nova América» (2015, Fidelis)"
2133,Salman Toor,Bienal de Venecia,,,"Bienal de Venecia 2024 «Stranieri Ovunque», muestra internacional (Pedrosa)"
2134,Kay Walkingstick,Bienal de Venecia,,,"Bienal de Venecia 2024 «Stranieri Ovunque», muestra internacional (Pedrosa)"
2140,Janine Antoni,Artes Mundi,,2004,"Artes Mundi 1, finalista (2004, Cardiff)"
2140,Janine Antoni,Cocido y crudo,,1994,"Cocido y crudo, Museo Reina Sofía, Madrid (1994-1995, Dan Cameron)"
2140,Janine Antoni,Hugo Boss Prize,,1996,"Hugo Boss Prize, finalista (1996)"
2143,Chen Zhen,Cities on the Move,,1997,"Cities on the Move, Secession, Viena (1997, Hou Hanru y Hans Ulrich Obrist); itinerancia Burdeos, PS1, Louisiana, Hayward, Kiasma y Bangkok (1997-1999)"
2146,Tony Feher,Bienal de Estambul,8,2003,"8ª Bienal de Estambul «Poetic Justice» (2003, Dan Cameron)"
2147,Teresita Fernández,Colección Cisneros (CPPC),,2019,"Donación CPPC al Museo Reina Sofía, Madrid (2019)"
2148,Liam Gillick,Bienal de Gwangju,15,2024,"15ª Bienal de Gwangju «Pansori, a soundscape of the 21st century» (2024, Nicolas Bourriaud)"
2148,Liam Gillick,Turner Prize,,2002,Turner Prize (nominación 2002)
2149,Kay Hassan,Bienal de Venecia,,,"Bienal de Venecia 2015 «All the World’s Futures», muestra internacional (Enwezor)"
2149,Kay Hassan,The Short Century,,2001,"The Short Century: Independence and Liberation Movements in Africa 1945-1994, Villa Stuck, Múnich (2001, Okwui Enwezor); itinerancia Berlín/Chicago/PS1-MoMA (2001-2002)"
2150,José Antonio Hernández-Díez,Cocido y crudo,,1994,"Cocido y crudo, Museo Reina Sofía, Madrid (1994-1995, Dan Cameron)"
2155,Kcho,Bienal de La Habana,14,2021,14ª Bienal de La Habana «Futuro y contemporaneidad» (2021-2022)
2155,Kcho,Bienal de La Habana,6,1997,6ª Bienal de La Habana «El individuo y su memoria» (1997)
2155,Kcho,Bienal de La Habana,12,2015,12ª Bienal de La Habana «Entre la idea y la experiencia» (2015)
2155,Kcho,Cocido y crudo,,1994,"Cocido y crudo, Museo Reina Sofía, Madrid (1994-1995, Dan Cameron)"
2159,Liew Kung Yu,Cities on the Move,,1997,"Cities on the Move, Secession, Viena (1997, Hou Hanru y Hans Ulrich Obrist); itinerancia Burdeos, PS1, Louisiana, Hayward, Kiasma y Bangkok (1997-1999)"
2161,Greg Lynn,Cities on the Move,,1997,"Cities on the Move, Secession, Viena (1997, Hou Hanru y Hans Ulrich Obrist); itinerancia Burdeos, PS1, Louisiana, Hayward, Kiasma y Bangkok (1997-1999)"
2162,Gillian Wearing,Turner Prize,,1997,Turner Prize (premio 1997)
2164,Carsten Höller,Bienal de São Paulo,28,,"28ª Bienal de São Paulo «Em vivo contato» (2008, Mesquita/Cohen)"
2164,Carsten Höller,Bienal de Venecia,,,"Bienal de Venecia 2015 «All the World’s Futures», muestra internacional (Enwezor)"
2164,Carsten Höller,Bienal de Venecia,,,"Bienal de Venecia 2009 «Fare Mondi / Making Worlds», muestra internacional (Birnbaum)"
2164,Carsten Höller,Dak'Art,,2004,"Dak'Art, 6ª Bienal de Dakar (2004)"
2165,Jane Alexander,Bienal de La Habana,7,2000,7ª Bienal de La Habana «Uno más cerca del otro» (2000-2001)
2165,Jane Alexander,Bienal de São Paulo,27,,"27ª Bienal de São Paulo «Como Viver Junto» (2006, Lagnado)"
2165,Jane Alexander,The Short Century,,2001,"The Short Century: Independence and Liberation Movements in Africa 1945-1994, Villa Stuck, Múnich (2001, Okwui Enwezor); itinerancia Berlín/Chicago/PS1-MoMA (2001-2002)"
2166,Carlos Amorales,Bienal de La Habana,12,2015,12ª Bienal de La Habana «Entre la idea y la experiencia» (2015)
2166,Carlos Amorales,Colección Daros Latinamerica,,,"Colección Daros Latinamerica, Zúrich"
2166,Carlos Amorales,Under the Same Sun,,2014,"Under the Same Sun: Art from Latin America Today, Guggenheim, Nueva York (2014, Pablo León de la Barra)"
2167,Arahmaiani,Bienal de La Habana,6,1997,6ª Bienal de La Habana «El individuo y su memoria» (1997)
2167,Arahmaiani,Cities on the Move,,1997,"Cities on the Move, Secession, Viena (1997, Hou Hanru y Hans Ulrich Obrist); itinerancia Burdeos, PS1, Louisiana, Hayward, Kiasma y Bangkok (1997-1999)"
2176,Miguel Calderón,CIFO Grants & Commissions,,2013,"CIFO Grants & Commissions, premiado/a (2013)"
2177,Chen Chieh-Jen,Bienal de Estambul,10,2007,"10ª Bienal de Estambul «Not Only Possible, But Also Necessary» (2007, Hou Hanru)"
2179,Nicola Costantino,Bienal de La Habana,8,2003,8ª Bienal de La Habana (2003)
2179,Nicola Costantino,Colección Daros Latinamerica,,,"Colección Daros Latinamerica, Zúrich"
2180,Iftikhar & Elizabeth Dadi,Bienal de Sharjah,15,2023,"15ª Bienal de Sharjah «Thinking Historically in the Present» (2023, Hoor Al Qasimi)"
2182,Wim Delvoye,Cocido y crudo,,1994,"Cocido y crudo, Museo Reina Sofía, Madrid (1994-1995, Dan Cameron)"
2183,Jason Dodge,Bienal do Mercosul,9,,"9ª Bienal do Mercosul «Se o clima for favorável» (2013, Hernández Chong Cuy)"
2184,Heri Dono,Bienal de La Habana,7,2000,7ª Bienal de La Habana «Uno más cerca del otro» (2000-2001)
2184,Heri Dono,Bienal de Sharjah,15,2023,"15ª Bienal de Sharjah «Thinking Historically in the Present» (2023, Hoor Al Qasimi)"
2184,Heri Dono,Bienal de São Paulo,26,,"26ª Bienal de São Paulo «Território Livre» (2004, Hug)"
2184,Heri Dono,Cities on the Move,,1997,"Cities on the Move, Secession, Viena (1997, Hou Hanru y Hans Ulrich Obrist); itinerancia Burdeos, PS1, Louisiana, Hayward, Kiasma y Bangkok (1997-1999)"
2188,Mary Evans,Bienal do Mercosul,11,,"11ª Bienal do Mercosul «O Triângulo Atlântico» (2018, Hug/Borghi)"
2190,Sylvie Fleury,Cocido y crudo,,1994,"Cocido y crudo, Museo Reina Sofía, Madrid (1994-1995, Dan Cameron)"
2199,Moshekwa Langa,Bienal de La Habana,6,1997,6ª Bienal de La Habana «El individuo y su memoria» (1997)
2199,Moshekwa Langa,Bienal de São Paulo,29,,"29ª Bienal de São Paulo «Há sempre um copo de mar para um homem navegar» (2010, dos Anjos/Farias)"
2199,Moshekwa Langa,Bienal de Venecia,,,"Bienal de Venecia 2009 «Fare Mondi / Making Worlds», muestra internacional (Birnbaum)"
2199,Moshekwa Langa,The Short Century,,2001,"The Short Century: Independence and Liberation Movements in Africa 1945-1994, Villa Stuck, Múnich (2001, Okwui Enwezor); itinerancia Berlín/Chicago/PS1-MoMA (2001-2002)"
2200,Nikki S. Lee,Bienal de Estambul,8,2003,"8ª Bienal de Estambul «Poetic Justice» (2003, Dan Cameron)"
2203,Mona Marzouk,Bienal de La Habana,7,2000,7ª Bienal de La Habana «Uno más cerca del otro» (2000-2001)
2205,Priscilla Monge,Bienal de La Habana,6,1997,6ª Bienal de La Habana «El individuo y su memoria» (1997)
2205,Priscilla Monge,CIFO Grants & Commissions,,2026,"CIFO Grants & Commissions, premiado/a (2026)"
2205,Priscilla Monge,Colección Daros Latinamerica,,,"Colección Daros Latinamerica, Zúrich"
2209,Navin Rawanchaikul,Bienal de La Habana,6,1997,6ª Bienal de La Habana «El individuo y su memoria» (1997)
2209,Navin Rawanchaikul,Bienal de São Paulo,26,,"26ª Bienal de São Paulo «Território Livre» (2004, Hug)"
2209,Navin Rawanchaikul,Cities on the Move,,1997,"Cities on the Move, Secession, Viena (1997, Hou Hanru y Hans Ulrich Obrist); itinerancia Burdeos, PS1, Louisiana, Hayward, Kiasma y Bangkok (1997-1999)"
2210,Jason Rhoades,Bienal de Venecia,,,"Bienal de Venecia 2007 «Think with the Senses, Feel with the Mind», muestra internacional (Storr)"
2218,Apolonija Šušteršič,Artes Mundi,,2012,"Artes Mundi 5, finalista (2012, Cardiff)"
2219,Tomoko Takahashi,Turner Prize,,2000,Turner Prize (nominación 2000)
2220,Grazia Toderi,Bienal de Venecia,,,"Bienal de Venecia 2009 «Fare Mondi / Making Worlds», muestra internacional (Birnbaum)"
2222,Sergio Vega,Bienal de Cuenca,14,,"14ª Bienal de Cuenca «Estructuras Vivientes» (2018, Fuenmayor)"
2228,Paweł Althamer,Bienal de Estambul,9,2005,"9ª Bienal de Estambul «İstanbul» (2005, Esche/Kortun)"
2228,Paweł Althamer,Bienal de Venecia,,,"Bienal de Venecia 2013 «Il Palazzo Enciclopedico», muestra internacional (Gioni)"
2232,Michael Blum,Bienal de Estambul,9,2005,"9ª Bienal de Estambul «İstanbul» (2005, Esche/Kortun)"
2233,Iñaki Bonillas,Bienal de São Paulo,30,,"30ª Bienal de São Paulo «A iminência das poéticas» (2012, Pérez-Oramas)"
2234,Angela Bulloch,Bienal de Gwangju,15,2024,"15ª Bienal de Gwangju «Pansori, a soundscape of the 21st century» (2024, Nicolas Bourriaud)"
2234,Angela Bulloch,Turner Prize,,1997,Turner Prize (nominación 1997)
2235,Edward Burtynsky,Bienal de São Paulo,26,,"26ª Bienal de São Paulo «Território Livre» (2004, Hug)"
2235,Edward Burtynsky,Bienal do Mercosul,11,,"11ª Bienal do Mercosul «O Triângulo Atlântico» (2018, Hug/Borghi)"
2236,Franklin Cassaro,Bienal de La Habana,7,2000,7ª Bienal de La Habana «Uno más cerca del otro» (2000-2001)
2237,Minerva Cuevas,Bienal de Estambul,8,2003,"8ª Bienal de Estambul «Poetic Justice» (2003, Dan Cameron)"
2237,Minerva Cuevas,Bienal de São Paulo,27,,"27ª Bienal de São Paulo «Como Viver Junto» (2006, Lagnado)"
2237,Minerva Cuevas,Bienal do Mercosul,6,,"6ª Bienal do Mercosul «A Terceira Margem do Rio» (2007, Pérez-Barreiro)"
2237,Minerva Cuevas,Under the Same Sun,,2014,"Under the Same Sun: Art from Latin America Today, Guggenheim, Nueva York (2014, Pablo León de la Barra)"
2238,José Dávila,Colección Cisneros (CPPC),,2019,"Donación CPPC al Museo Reina Sofía, Madrid (2019)"
2240,Elmgreen & Dragset,Hugo Boss Prize,,2000,"Hugo Boss Prize, finalista (2000)"
2241,Hans-Peter Feldmann,Bienal de São Paulo,30,,"30ª Bienal de São Paulo «A iminência das poéticas» (2012, Pérez-Oramas)"
2241,Hans-Peter Feldmann,Bienal de Venecia,,,"Bienal de Venecia 2009 «Fare Mondi / Making Worlds», muestra internacional (Birnbaum)"
2241,Hans-Peter Feldmann,Hugo Boss Prize,,2010,"Hugo Boss Prize, ganador/a (2010)"
2242,Luca Frei,Bienal de Estambul,9,2005,"9ª Bienal de Estambul «İstanbul» (2005, Esche/Kortun)"
2245,Lee Bul,Artes Mundi,,2004,"Artes Mundi 1, finalista (2004, Cardiff)"
2245,Lee Bul,Bienal de Estambul,10,2007,"10ª Bienal de Estambul «Not Only Possible, But Also Necessary» (2007, Hou Hanru)"
2245,Lee Bul,Bienal de Venecia,,,"Bienal de Venecia 2019 «May You Live in Interesting Times», muestra internacional (Rugoff)"
2245,Lee Bul,Cities on the Move,,1997,"Cities on the Move, Secession, Viena (1997, Hou Hanru y Hans Ulrich Obrist); itinerancia Burdeos, PS1, Louisiana, Hayward, Kiasma y Bangkok (1997-1999)"
2245,Lee Bul,Hugo Boss Prize,,1998,"Hugo Boss Prize, finalista (1998)"
2247,Rafael Lozano-Hemmer,Bienal de La Habana,7,2000,7ª Bienal de La Habana «Uno más cerca del otro» (2000-2001)
2247,Rafael Lozano-Hemmer,Bienal do Mercosul,13,,"13ª Bienal do Mercosul «Trauma, sonho e fuga» (2022, Dantas)"
2247,Rafael Lozano-Hemmer,Colección Daros Latinamerica,,,"Colección Daros Latinamerica, Zúrich"
2250,Jorge Macchi,Bienal de Estambul,8,2003,"8ª Bienal de Estambul «Poetic Justice» (2003, Dan Cameron)"
2250,Jorge Macchi,Bienal de La Habana,7,2000,7ª Bienal de La Habana «Uno más cerca del otro» (2000-2001)
2250,Jorge Macchi,Bienal de São Paulo,27,,"27ª Bienal de São Paulo «Como Viver Junto» (2006, Lagnado)"
2250,Jorge Macchi,Bienal de São Paulo,26,,"26ª Bienal de São Paulo «Território Livre» (2004, Hug)"
2250,Jorge Macchi,Bienal do Mercosul,6,,"6ª Bienal do Mercosul «A Terceira Margem do Rio» (2007, Pérez-Barreiro)"
2250,Jorge Macchi,Colección Daros Latinamerica,,,"Colección Daros Latinamerica, Zúrich"
2252,Helen Mirra,Bienal de São Paulo,30,,"30ª Bienal de São Paulo «A iminência das poéticas» (2012, Pérez-Oramas)"
2254,Jun Nguyen-Hatsushiba,Artes Mundi,,2004,"Artes Mundi 1, finalista (2004, Cardiff)"
2254,Jun Nguyen-Hatsushiba,Bienal de Estambul,8,2003,"8ª Bienal de Estambul «Poetic Justice» (2003, Dan Cameron)"
2255,Carsten Nicolai,Bienal de La Habana,12,2015,12ª Bienal de La Habana «Entre la idea y la experiencia» (2015)
2256,Olaf Nicolai,Bienal de Venecia,,,"Bienal de Venecia 2015 «All the World’s Futures», muestra internacional (Enwezor)"
2258,Marcel Odenbach,Bienal de Estambul,8,2003,"8ª Bienal de Estambul «Poetic Justice» (2003, Dan Cameron)"
2258,Marcel Odenbach,Cocido y crudo,,1994,"Cocido y crudo, Museo Reina Sofía, Madrid (1994-1995, Dan Cameron)"
2259,Philippe Parreno,Bienal de Gwangju,15,2024,"15ª Bienal de Gwangju «Pansori, a soundscape of the 21st century» (2024, Nicolas Bourriaud)"
2259,Philippe Parreno,Bienal de Sharjah,15,2023,"15ª Bienal de Sharjah «Thinking Historically in the Present» (2023, Hoor Al Qasimi, comisión 30 aniversario)"
2259,Philippe Parreno,Bienal de Venecia,,,"Bienal de Venecia 2015 «All the World’s Futures», muestra internacional (Enwezor)"
2259,Philippe Parreno,Bienal de Venecia,,,"Bienal de Venecia 2009 «Fare Mondi / Making Worlds», muestra internacional (Birnbaum)"
2259,Philippe Parreno,Bienal de Venecia,,,"Bienal de Venecia 2007 «Think with the Senses, Feel with the Mind», muestra internacional (Storr)"
2259,Philippe Parreno,Dak'Art,,2004,"Dak'Art, 6ª Bienal de Dakar (2004)"
2261,Tadej Pogačar,Bienal de Estambul,10,2007,"10ª Bienal de Estambul «Not Only Possible, But Also Necessary» (2007, Hou Hanru)"
2261,Tadej Pogačar,Bienal de São Paulo,27,,"27ª Bienal de São Paulo «Como Viver Junto» (2006, Lagnado)"
2263,Jewyo Rhii,Bienal de Estambul,10,2007,"10ª Bienal de Estambul «Not Only Possible, But Also Necessary» (2007, Hou Hanru)"
2267,Maruch Sántiz Gómez,Colección Daros Latinamerica,,,"Colección Daros Latinamerica, Zúrich"
2270,Ana Maria Tavares,Bienal de La Habana,7,2000,7ª Bienal de La Habana «Uno más cerca del otro» (2000-2001)
2274,Sislej Xhafa,Bienal de Gwangju,7,2008,"7ª Bienal de Gwangju «Annual Report: A Year in Exhibitions» (2008, Okwui Enwezor)"
2275,Carla Zaccagnini,Bienal de São Paulo,28,,"28ª Bienal de São Paulo «Em vivo contato» (2008, Mesquita/Cohen)"
2275,Carla Zaccagnini,CIFO Grants & Commissions,,2006,"CIFO Grants & Commissions, premiado/a (2006)"
2275,Carla Zaccagnini,Under the Same Sun,,2014,"Under the Same Sun: Art from Latin America Today, Guggenheim, Nueva York (2014, Pablo León de la Barra)"
2277,AIDS-3D,otro,,,"New Museum Triennial 2009 «Younger Than Jesus», Nueva York"
2278,Ziad Antar,otro,,,"New Museum Triennial 2009 «Younger Than Jesus», Nueva York"
2279,Wojciech Bąkowski,otro,,,"New Museum Triennial 2009 «Younger Than Jesus», Nueva York"
2280,Dineo Seshee Bopape,Artes Mundi,,2021,"Artes Mundi 9, premio compartido por decisión unánime del jurado (2021, Cardiff)"
2280,Dineo Seshee Bopape,Bienal de São Paulo,32,,"32ª Bienal de São Paulo «Incerteza Viva» (2016, Volz)"
2280,Dineo Seshee Bopape,otro,,,"New Museum Triennial 2009 «Younger Than Jesus», Nueva York"
2281,Mohamed Bourouissa,otro,,,"New Museum Triennial 2009 «Younger Than Jesus», Nueva York"
2282,Chu Yun,Bienal de Venecia,,,"Bienal de Venecia 2009 «Fare Mondi / Making Worlds», muestra internacional (Birnbaum)"
2282,Chu Yun,otro,,,"New Museum Triennial 2009 «Younger Than Jesus», Nueva York"
2283,Keren Cytter,Bienal de Venecia,,,"Bienal de Venecia 2009 «Fare Mondi / Making Worlds», muestra internacional (Birnbaum)"
2283,Keren Cytter,otro,,,"New Museum Triennial 2009 «Younger Than Jesus», Nueva York"
2284,Mariechen Danz,otro,,,"New Museum Triennial 2009 «Younger Than Jesus», Nueva York"
2285,Faye Driscoll,otro,,,"New Museum Triennial 2009 «Younger Than Jesus», Nueva York"
2286,Patricia Esquivias,otro,,,"New Museum Triennial 2009 «Younger Than Jesus», Nueva York"
2287,Mark Essen,otro,,,"New Museum Triennial 2009 «Younger Than Jesus», Nueva York"
2288,Ruth Ewan,Bienal de São Paulo,32,,"32ª Bienal de São Paulo «Incerteza Viva» (2016, Volz)"
2288,Ruth Ewan,otro,,,"New Museum Triennial 2009 «Younger Than Jesus», Nueva York"
2289,Brendan Fowler,otro,,,"New Museum Triennial 2009 «Younger Than Jesus», Nueva York"
2290,Luke Fowler,Turner Prize,,2012,Turner Prize (nominación 2012)
2290,Luke Fowler,otro,,,"New Museum Triennial 2009 «Younger Than Jesus», Nueva York"
2291,Liz Glynn,otro,,,"New Museum Triennial 2009 «Younger Than Jesus», Nueva York"
2292,Emre Hüner,Bienal de Estambul,10,2007,"10ª Bienal de Estambul «Not Only Possible, But Also Necessary» (2007, Hou Hanru)"
2292,Emre Hüner,otro,,,"New Museum Triennial 2009 «Younger Than Jesus», Nueva York"
2293,Matt Keegan,otro,,,"New Museum Triennial 2009 «Younger Than Jesus», Nueva York"
2294,Tigran Khachatryan,otro,,,"New Museum Triennial 2009 «Younger Than Jesus», Nueva York"
2295,Adriana Lara,otro,,,"New Museum Triennial 2009 «Younger Than Jesus», Nueva York"
2296,Elad Lassry,otro,,,"New Museum Triennial 2009 «Younger Than Jesus», Nueva York"
2297,Liu Chuang,otro,,,"New Museum Triennial 2009 «Younger Than Jesus», Nueva York"
2298,Guthrie Lonergan,otro,,,"New Museum Triennial 2009 «Younger Than Jesus», Nueva York"
2299,Anna Molska,otro,,,"New Museum Triennial 2009 «Younger Than Jesus», Nueva York"
2300,Ciprian Mureşan,otro,,,"New Museum Triennial 2009 «Younger Than Jesus», Nueva York"
2301,Ahmet Öğüt,Bienal de Estambul,9,2005,"9ª Bienal de Estambul «İstanbul» (2005, Esche/Kortun)"
2301,Ahmet Öğüt,otro,,,"New Museum Triennial 2009 «Younger Than Jesus», Nueva York"
2302,Stephen G. Rhodes,otro,,,"New Museum Triennial 2009 «Younger Than Jesus», Nueva York"
2303,Alexander Ugay,otro,,,"New Museum Triennial 2009 «Younger Than Jesus», Nueva York"
2304,Tris Vonna-Michell,Hugo Boss Prize,,2012,"Hugo Boss Prize, finalista (2012)"
2304,Tris Vonna-Michell,Turner Prize,,2014,Turner Prize (nominación 2014)
2304,Tris Vonna-Michell,otro,,,"New Museum Triennial 2009 «Younger Than Jesus», Nueva York"
2305,Icaro Zorbar,Bienal de São Paulo,30,,"30ª Bienal de São Paulo «A iminência das poéticas» (2012, Pérez-Oramas)"
2305,Icaro Zorbar,CIFO Grants & Commissions,,2008,"CIFO Grants & Commissions, premiado/a (2008)"
2305,Icaro Zorbar,otro,,,"New Museum Triennial 2009 «Younger Than Jesus», Nueva York"
2307,Farah Al Qasimi,Bienal de Sharjah,15,2023,"15ª Bienal de Sharjah «Thinking Historically in the Present» (2023, Hoor Al Qasimi)"
2307,Farah Al Qasimi,Bienal do Mercosul,14,,"14ª Bienal do Mercosul «Estalo» (2025, Fonseca)"
2310,Kudzanai-Violet Hwami,Bienal de Venecia,,,"Bienal de Venecia 2022 «The Milk of Dreams», muestra internacional (Alemani)"
2314,Ima-Abasi Okon,Turner Prize,,2020,Turner Bursary (2020)
2315,Thao Nguyen Phan,Bienal de Venecia,,,"Bienal de Venecia 2022 «The Milk of Dreams», muestra internacional (Alemani)"
2316,Shen Xin,Bienal de Gwangju,13,2021,"13ª Bienal de Gwangju «Minds Rising, Spirits Tuning» (2021, Defne Ayas y Natasha Ginwala)"
2317,Zadie Xa,Turner Prize,,2025,Turner Prize (nominación 2025)
2318,Rachel Rose,Bienal de São Paulo,32,,"32ª Bienal de São Paulo «Incerteza Viva» (2016, Volz)"
2413,Samuel Fosso,The Short Century,,2001,"The Short Century: Independence and Liberation Movements in Africa 1945-1994, Villa Stuck, Múnich (2001, Okwui Enwezor); itinerancia Berlín/Chicago/PS1-MoMA (2001-2002)"
2416,Cindy Sherman,Bienal de Venecia,,,"Bienal de Venecia 2013 «Il Palazzo Enciclopedico», muestra internacional (Gioni)"
2416,Cindy Sherman,Praemium Imperiale,,2016,"Praemium Imperiale, pintura (2016)"
2418,Mircea Cantor,Bienal de São Paulo,28,,"28ª Bienal de São Paulo «Em vivo contato» (2008, Mesquita/Cohen)"
2421,Sandy Adsett,Bienal de Venecia,,,"Bienal de Venecia 2024 «Stranieri Ovunque», muestra internacional (Pedrosa)"
2422,Dia al-Azzawi,Bienal de Venecia,,,"Bienal de Venecia 2024 «Stranieri Ovunque», muestra internacional (Pedrosa)"
2423,Claudia Alarcón & Silät,Bienal de Venecia,,,"Bienal de Venecia 2024 «Stranieri Ovunque», muestra internacional (Pedrosa)"
2424,Claudia Andujar,Bienal de São Paulo,27,,"27ª Bienal de São Paulo «Como Viver Junto» (2006, Lagnado)"
2424,Claudia Andujar,Bienal de Venecia,,,"Bienal de Venecia 2024 «Stranieri Ovunque», muestra internacional (Pedrosa)"
2424,Claudia Andujar,Radical Women,,2017,"Radical Women: Latin American Art 1960-1985, Hammer Museum (2017, Fajardo-Hill/Giunta); itinerancia Brooklyn Museum y Pinacoteca de São Paulo (2018)"
2425,Aravani Art Project,Bienal de Venecia,,,"Bienal de Venecia 2024 «Stranieri Ovunque», muestra internacional (Pedrosa)"
2426,Iván Argote,Bienal de Cuenca,16,,"16ª Bienal de Cuenca (2023, Barenblit)"
2426,Iván Argote,Bienal de São Paulo,30,,"30ª Bienal de São Paulo «A iminência das poéticas» (2012, Pérez-Oramas)"
2426,Iván Argote,Bienal de Venecia,,,"Bienal de Venecia 2024 «Stranieri Ovunque», muestra internacional (Pedrosa)"
2426,Iván Argote,CIFO Grants & Commissions,,2015,"CIFO Grants & Commissions, premiado/a (2015)"
2427,Karimah Ashadu,Bienal de Venecia,,,"Bienal de Venecia 2024 «Stranieri Ovunque», muestra internacional (Pedrosa)"
2428,Dana Awartani,Bienal de Sharjah,15,2023,"15ª Bienal de Sharjah «Thinking Historically in the Present» (2023, Hoor Al Qasimi)"
2428,Dana Awartani,Bienal de Venecia,,,"Bienal de Venecia 2024 «Stranieri Ovunque», muestra internacional (Pedrosa)"
2429,Aycoobo,Bienal de Venecia,,,"Bienal de Venecia 2024 «Stranieri Ovunque», muestra internacional (Pedrosa)"
2430,Leilah Babirye,Bienal de Venecia,,,"Bienal de Venecia 2024 «Stranieri Ovunque», muestra internacional (Pedrosa)"
2431,Maria Bonomi,Bienal de Venecia,,,"Bienal de Venecia 2024 «Stranieri Ovunque», muestra internacional (Pedrosa)"
2432,Sol Calero,Bienal de Venecia,,,"Bienal de Venecia 2024 «Stranieri Ovunque», muestra internacional (Pedrosa)"
2432,Sol Calero,Premio Julius Baer,,2022,"Premio Julius Baer a las artistas latinoamericanas, finalista de la II edición (2022)"
2433,Isaac Chong Wai,Bienal de Venecia,,,"Bienal de Venecia 2024 «Stranieri Ovunque», muestra internacional (Pedrosa)"
2434,Chaouki Choukini,Bienal de Venecia,,,"Bienal de Venecia 2024 «Stranieri Ovunque», muestra internacional (Pedrosa)"
2435,Chua Mia Tee,Bienal de Venecia,,,"Bienal de Venecia 2024 «Stranieri Ovunque», muestra internacional (Pedrosa)"
2436,Claire Fontaine,Bienal de Estambul,10,2007,"10ª Bienal de Estambul «Not Only Possible, But Also Necessary» (2007, Hou Hanru)"
2436,Claire Fontaine,Bienal de Venecia,,,"Bienal de Venecia 2024 «Stranieri Ovunque», muestra internacional (Pedrosa)"
2437,Manauara Clandestina,Bienal de São Paulo,36,,"36ª Bienal de São Paulo «Nem todo viandante anda estradas» (2025, Ndikung)"
2437,Manauara Clandestina,Bienal de Venecia,,,"Bienal de Venecia 2024 «Stranieri Ovunque», muestra internacional (Pedrosa)"
2438,River Claure,Bienal de Venecia,,,"Bienal de Venecia 2024 «Stranieri Ovunque», muestra internacional (Pedrosa)"
2439,Liz Collins,Bienal de Venecia,,,"Bienal de Venecia 2024 «Stranieri Ovunque», muestra internacional (Pedrosa)"
2440,Monika Correa,Bienal de Venecia,,,"Bienal de Venecia 2024 «Stranieri Ovunque», muestra internacional (Pedrosa)"
2441,Beatriz Cortez,Bienal de Venecia,,,"Bienal de Venecia 2024 «Stranieri Ovunque», muestra internacional (Pedrosa)"
2442,Pablo Delano,Bienal de Venecia,,,"Bienal de Venecia 2024 «Stranieri Ovunque», muestra internacional (Pedrosa)"
2443,Mohammad Ehsaei,Bienal de Venecia,,,"Bienal de Venecia 2024 «Stranieri Ovunque», muestra internacional (Pedrosa)"
2444,Ibrahim El-Salahi,Bienal de Venecia,,,"Bienal de Venecia 2024 «Stranieri Ovunque», muestra internacional (Pedrosa)"
2444,Ibrahim El-Salahi,Bienal de Venecia,,,"Bienal de Venecia 2022 «The Milk of Dreams», muestra internacional (Alemani)"
2444,Ibrahim El-Salahi,The Short Century,,2001,"The Short Century: Independence and Liberation Movements in Africa 1945-1994, Villa Stuck, Múnich (2001, Okwui Enwezor); itinerancia Berlín/Chicago/PS1-MoMA (2001-2002)"
2445,Elyla,Bienal de Venecia,,,"Bienal de Venecia 2024 «Stranieri Ovunque», muestra internacional (Pedrosa)"
2446,Alessandra Ferrini,Bienal de Venecia,,,"Bienal de Venecia 2024 «Stranieri Ovunque», muestra internacional (Pedrosa)"
2447,Simone Forti,Bienal de São Paulo,30,,"30ª Bienal de São Paulo «A iminência das poéticas» (2012, Pérez-Oramas)"
2447,Simone Forti,Bienal de Venecia,,,"Bienal de Venecia 2024 «Stranieri Ovunque», muestra internacional (Pedrosa)"
2448,Victor Fotso Nyie,Bienal de Venecia,,,"Bienal de Venecia 2024 «Stranieri Ovunque», muestra internacional (Pedrosa)"
2449,Paolo Gasparini,Bienal de Venecia,,,"Bienal de Venecia 2024 «Stranieri Ovunque», muestra internacional (Pedrosa)"
2450,Umberto Giangrandi,Bienal de Venecia,,,"Bienal de Venecia 2024 «Stranieri Ovunque», muestra internacional (Pedrosa)"
2451,Marlene Gilson,Bienal de Venecia,,,"Bienal de Venecia 2024 «Stranieri Ovunque», muestra internacional (Pedrosa)"
2452,Brett Graham,Bienal de Venecia,,,"Bienal de Venecia 2024 «Stranieri Ovunque», muestra internacional (Pedrosa)"
2453,Fred Graham,Bienal de Venecia,,,"Bienal de Venecia 2024 «Stranieri Ovunque», muestra internacional (Pedrosa)"
2454,Antonio Jose Guzman & Iva Jankovic,Bienal de Venecia,,,"Bienal de Venecia 2024 «Stranieri Ovunque», muestra internacional (Pedrosa)"
2455,Samia Halaby,Bienal de Venecia,,,"Bienal de Venecia 2024 «Stranieri Ovunque», muestra internacional (Pedrosa)"
2456,Mohamed Hamidi,Bienal de Venecia,,,"Bienal de Venecia 2024 «Stranieri Ovunque», muestra internacional (Pedrosa)"
2457,Evan Ifekoya,Bienal de Venecia,,,"Bienal de Venecia 2024 «Stranieri Ovunque», muestra internacional (Pedrosa)"
2458,Nour Jaouda,Bienal de Venecia,,,"Bienal de Venecia 2024 «Stranieri Ovunque», muestra internacional (Pedrosa)"
2459,Joyce Joumaa,Bienal de Venecia,,,"Bienal de Venecia 2024 «Stranieri Ovunque», muestra internacional (Pedrosa)"
2460,Nazira Karimi,Bienal de Venecia,,,"Bienal de Venecia 2024 «Stranieri Ovunque», muestra internacional (Pedrosa)"
2461,Kiluanji Kia Henda,Bienal de Sharjah,15,2023,"15ª Bienal de Sharjah «Thinking Historically in the Present» (2023, Hoor Al Qasimi)"
2461,Kiluanji Kia Henda,Bienal de São Paulo,29,,"29ª Bienal de São Paulo «Há sempre um copo de mar para um homem navegar» (2010, dos Anjos/Farias)"
2461,Kiluanji Kia Henda,Bienal de Venecia,,,"Bienal de Venecia 2024 «Stranieri Ovunque», muestra internacional (Pedrosa)"
2461,Kiluanji Kia Henda,Dak'Art,,,"Dak'Art, 15ª Bienal de Dakar «The Wake» (2024, Salimata Diop)"
2462,Linda Kohen,Bienal de Venecia,,,"Bienal de Venecia 2024 «Stranieri Ovunque», muestra internacional (Pedrosa)"
2463,Shalom Kufakwatenzi,Bienal de Venecia,,,"Bienal de Venecia 2024 «Stranieri Ovunque», muestra internacional (Pedrosa)"
2464,Fred Kuwornu,Bienal de Venecia,,,"Bienal de Venecia 2024 «Stranieri Ovunque», muestra internacional (Pedrosa)"
2465,MAHKU,Bienal de São Paulo,35,,"35ª Bienal de São Paulo «coreografias do impossível» (2023, Lima/Kilomba/Menezes/Borja-Villel)"
2465,MAHKU,Bienal de Venecia,,,"Bienal de Venecia 2024 «Stranieri Ovunque», muestra internacional (Pedrosa)"
2466,Esther Mahlangu,Bienal de Venecia,,,"Bienal de Venecia 2024 «Stranieri Ovunque», muestra internacional (Pedrosa)"
2466,Esther Mahlangu,Magiciens de la Terre,,1989,"Magiciens de la Terre, Centre Pompidou / Grande Halle de la Villette, París (1989, Jean-Hubert Martin)"
2467,Mataaho Collective,Bienal de Venecia,,,"Bienal de Venecia 2024 «Stranieri Ovunque», muestra internacional (Pedrosa)"
2467,Mataaho Collective,otro,,2024,"León de Oro al mejor participante, Venecia (2024)"
2468,Naminapu Maymuru-White,Bienal de Venecia,,,"Bienal de Venecia 2024 «Stranieri Ovunque», muestra internacional (Pedrosa)"
2469,Omar Mismar,Bienal de Venecia,,,"Bienal de Venecia 2024 «Stranieri Ovunque», muestra internacional (Pedrosa)"
2470,Sabelo Mlangeni,Bienal de Venecia,,,"Bienal de Venecia 2024 «Stranieri Ovunque», muestra internacional (Pedrosa)"
2471,Ahmed Morsi,Bienal de Venecia,,,"Bienal de Venecia 2024 «Stranieri Ovunque», muestra internacional (Pedrosa)"
2472,Paula Nicho,Bienal de Venecia,,,"Bienal de Venecia 2024 «Stranieri Ovunque», muestra internacional (Pedrosa)"
2473,Taylor Nkomo,Bienal de Venecia,,,"Bienal de Venecia 2024 «Stranieri Ovunque», muestra internacional (Pedrosa)"
2474,Samia Osseiran Junblatt,Bienal de Venecia,,,"Bienal de Venecia 2024 «Stranieri Ovunque», muestra internacional (Pedrosa)"
2475,Daniel Otero Torres,Bienal de Venecia,,,"Bienal de Venecia 2024 «Stranieri Ovunque», muestra internacional (Pedrosa)"
2476,Lydia Ourahmane,Bienal de Gwangju,15,2024,"15ª Bienal de Gwangju «Pansori, a soundscape of the 21st century» (2024, Nicolas Bourriaud)"
2476,Lydia Ourahmane,Bienal de São Paulo,34,,"34ª Bienal de São Paulo «Faz escuro mas eu canto» (2021, Crivelli Visconti)"
2476,Lydia Ourahmane,Bienal de Venecia,,,"Bienal de Venecia 2024 «Stranieri Ovunque», muestra internacional (Pedrosa)"
2477,Dalton Paula,Bienal de São Paulo,32,,"32ª Bienal de São Paulo «Incerteza Viva» (2016, Volz)"
2477,Dalton Paula,Bienal de Venecia,,,"Bienal de Venecia 2024 «Stranieri Ovunque», muestra internacional (Pedrosa)"
2477,Dalton Paula,Bienal do Mercosul,11,,"11ª Bienal do Mercosul «O Triângulo Atlântico» (2018, Hug/Borghi)"
2478,La Chola Poblete,Bienal de Venecia,,,"Bienal de Venecia 2024 «Stranieri Ovunque», muestra internacional (Pedrosa)"
2479,Charmaine Poh,Bienal de Venecia,,,"Bienal de Venecia 2024 «Stranieri Ovunque», muestra internacional (Pedrosa)"
2480,Sandra Poulson,Bienal de Venecia,,,"Bienal de Venecia 2024 «Stranieri Ovunque», muestra internacional (Pedrosa)"
2481,Agnes Questionmark,Bienal de Venecia,,,"Bienal de Venecia 2024 «Stranieri Ovunque», muestra internacional (Pedrosa)"
2482,Violeta Quispe,Bienal de Venecia,,,"Bienal de Venecia 2024 «Stranieri Ovunque», muestra internacional (Pedrosa)"
2483,Aydeé Rodriguez Lopez,Bienal de Venecia,,,"Bienal de Venecia 2024 «Stranieri Ovunque», muestra internacional (Pedrosa)"
2484,Miguel Ángel Rojas,Bienal de São Paulo,29,,"29ª Bienal de São Paulo «Há sempre um copo de mar para um homem navegar» (2010, dos Anjos/Farias)"
2484,Miguel Ángel Rojas,Bienal de Venecia,,,"Bienal de Venecia 2024 «Stranieri Ovunque», muestra internacional (Pedrosa)"
2484,Miguel Ángel Rojas,Colección Daros Latinamerica,,,"Colección Daros Latinamerica, Zúrich"
2485,Zilia Sánchez,Bienal de Venecia,,,"Bienal de Venecia 2024 «Stranieri Ovunque», muestra internacional (Pedrosa)"
2485,Zilia Sánchez,Radical Women,,2017,"Radical Women: Latin American Art 1960-1985, Hammer Museum (2017, Fajardo-Hill/Giunta); itinerancia Brooklyn Museum y Pinacoteca de São Paulo (2018)"
2486,Bárbara Sánchez-Kane,Bienal de Venecia,,,"Bienal de Venecia 2024 «Stranieri Ovunque», muestra internacional (Pedrosa)"
2487,Fanny Sanín,Bienal de Venecia,,,"Bienal de Venecia 2024 «Stranieri Ovunque», muestra internacional (Pedrosa)"
2488,Greta Schödl,Bienal de Venecia,,,"Bienal de Venecia 2024 «Stranieri Ovunque», muestra internacional (Pedrosa)"
2489,Ana Segovia,Bienal de Venecia,,,"Bienal de Venecia 2024 «Stranieri Ovunque», muestra internacional (Pedrosa)"
2490,Joshua Serafin,Bienal de Venecia,,,"Bienal de Venecia 2024 «Stranieri Ovunque», muestra internacional (Pedrosa)"
2491,Kang Seung Lee,Bienal de Venecia,,,"Bienal de Venecia 2024 «Stranieri Ovunque», muestra internacional (Pedrosa)"
2492,Doreen Sibanda,Bienal de Venecia,,,"Bienal de Venecia 2024 «Stranieri Ovunque», muestra internacional (Pedrosa)"
2493,Leopold Strobl,Bienal de Venecia,,,"Bienal de Venecia 2024 «Stranieri Ovunque», muestra internacional (Pedrosa)"
2494,Superflex,Bienal de Estambul,9,2005,"9ª Bienal de Estambul «İstanbul» (2005, Esche/Kortun)"
2494,Superflex,Bienal de São Paulo,27,,"27ª Bienal de São Paulo «Como Viver Junto» (2006, Lagnado)"
2494,Superflex,Bienal de Venecia,,,"Bienal de Venecia 2024 «Stranieri Ovunque», muestra internacional (Pedrosa)"
2495,Evelyn Taocheng Wang,Bienal de Venecia,,,"Bienal de Venecia 2024 «Stranieri Ovunque», muestra internacional (Pedrosa)"
2496,Mariana Telleria,Bienal de Venecia,,,"Bienal de Venecia 2024 «Stranieri Ovunque», muestra internacional (Pedrosa)"
2497,Eduardo Terrazas,Bienal de Venecia,,,"Bienal de Venecia 2024 «Stranieri Ovunque», muestra internacional (Pedrosa)"
2498,Ahmed Umar,Bienal de Venecia,,,"Bienal de Venecia 2024 «Stranieri Ovunque», muestra internacional (Pedrosa)"
2499,Agnes Waruguru,Bienal de Venecia,,,"Bienal de Venecia 2024 «Stranieri Ovunque», muestra internacional (Pedrosa)"
2500,Emmi Whitehorse,Bienal de Venecia,,,"Bienal de Venecia 2024 «Stranieri Ovunque», muestra internacional (Pedrosa)"
2501,Xiyadie,Bienal de Venecia,,,"Bienal de Venecia 2024 «Stranieri Ovunque», muestra internacional (Pedrosa)"
2502,Rember Yahuarcani,Bienal de Venecia,,,"Bienal de Venecia 2024 «Stranieri Ovunque», muestra internacional (Pedrosa)"
2503,Nil Yalter,Bienal de Sharjah,15,2023,"15ª Bienal de Sharjah «Thinking Historically in the Present» (2023, Hoor Al Qasimi)"
2503,Nil Yalter,Bienal de Venecia,,,"Bienal de Venecia 2024 «Stranieri Ovunque», muestra internacional (Pedrosa)"
2503,Nil Yalter,otro,,2024,"León de Oro a la trayectoria, Venecia (2024)"
2504,Joseca Mokahesi Yanomami,Bienal de Venecia,,,"Bienal de Venecia 2024 «Stranieri Ovunque», muestra internacional (Pedrosa)"
2505,André Taniki Yanomami,Bienal de Venecia,,,"Bienal de Venecia 2024 «Stranieri Ovunque», muestra internacional (Pedrosa)"
2506,Kim YunShin,Bienal de Venecia,,,"Bienal de Venecia 2024 «Stranieri Ovunque», muestra internacional (Pedrosa)"
2507,Ursula Biemann,Bienal de Cuenca,15,,"15ª Bienal de Cuenca «Bienal del Bioceno» (2021, De la Torre)"
2507,Ursula Biemann,Bienal de Cuenca,,2021,"Mención de honor, 15ª Bienal de Cuenca (2021)"
2507,Ursula Biemann,Bienal de Estambul,10,2007,"10ª Bienal de Estambul «Not Only Possible, But Also Necessary» (2007, Hou Hanru)"
2507,Ursula Biemann,Bienal de São Paulo,32,,"32ª Bienal de São Paulo «Incerteza Viva» (2016, Volz)"
2507,Ursula Biemann,Bienal de Venecia,,,"Bienal de Venecia 2024 «Stranieri Ovunque», muestra internacional (Pedrosa) (Disobedience Archive)"
2508,Simone Cangelosi,Bienal de Venecia,,,"Bienal de Venecia 2024 «Stranieri Ovunque», muestra internacional (Pedrosa) (Disobedience Archive)"
2509,Snow Hnin Ei Hlaing,Bienal de Venecia,,,"Bienal de Venecia 2024 «Stranieri Ovunque», muestra internacional (Pedrosa) (Disobedience Archive)"
2510,Marcelo Expósito,Bienal de Cuenca,16,,"16ª Bienal de Cuenca (2023, Barenblit)"
2510,Marcelo Expósito,Bienal de Venecia,,,"Bienal de Venecia 2024 «Stranieri Ovunque», muestra internacional (Pedrosa) (Disobedience Archive)"
2511,Maria Galindo & Mujeres Creando,Bienal de São Paulo,31,,"31ª Bienal de São Paulo «Como falar de coisas que não existem» (2014, Esche)"
2511,Maria Galindo & Mujeres Creando,Bienal de São Paulo,27,,"27ª Bienal de São Paulo «Como Viver Junto» (2006, Lagnado)"
2511,Maria Galindo & Mujeres Creando,Bienal de Venecia,,,"Bienal de Venecia 2024 «Stranieri Ovunque», muestra internacional (Pedrosa) (Disobedience Archive)"
2512,mixrice,Bienal de Venecia,,,"Bienal de Venecia 2024 «Stranieri Ovunque», muestra internacional (Pedrosa) (Disobedience Archive)"
2513,Khaled Jarrar,Bienal de Venecia,,,"Bienal de Venecia 2024 «Stranieri Ovunque», muestra internacional (Pedrosa) (Disobedience Archive)"
2514,Sara Jordenö,Bienal de Venecia,,,"Bienal de Venecia 2024 «Stranieri Ovunque», muestra internacional (Pedrosa) (Disobedience Archive)"
2515,Bani Khoshnoudi,Bienal de Venecia,,,"Bienal de Venecia 2024 «Stranieri Ovunque», muestra internacional (Pedrosa) (Disobedience Archive)"
2516,Maria Kourkouta & Niki Giannari,Bienal de Venecia,,,"Bienal de Venecia 2024 «Stranieri Ovunque», muestra internacional (Pedrosa) (Disobedience Archive)"
2517,LIMINAL & Border Forensics,Bienal de Venecia,,,"Bienal de Venecia 2024 «Stranieri Ovunque», muestra internacional (Pedrosa) (Disobedience Archive)"
2518,Jota Mombaça,Bienal de São Paulo,34,,"34ª Bienal de São Paulo «Faz escuro mas eu canto» (2021, Crivelli Visconti)"
2518,Jota Mombaça,Bienal de Venecia,,,"Bienal de Venecia 2024 «Stranieri Ovunque», muestra internacional (Pedrosa) (Disobedience Archive)"
2519,Carlos Motta,Bienal de São Paulo,32,,"32ª Bienal de São Paulo «Incerteza Viva» (2016, Volz)"
2519,Carlos Motta,Bienal de Venecia,,,"Bienal de Venecia 2024 «Stranieri Ovunque», muestra internacional (Pedrosa) (Disobedience Archive)"
2519,Carlos Motta,CIFO Grants & Commissions,,2006,"CIFO Grants & Commissions, premiado/a (2006)"
2519,Carlos Motta,Under the Same Sun,,2014,"Under the Same Sun: Art from Latin America Today, Guggenheim, Nueva York (2014, Pablo León de la Barra)"
2520,Pınar Öğrenci,Bienal de Venecia,,,"Bienal de Venecia 2024 «Stranieri Ovunque», muestra internacional (Pedrosa) (Disobedience Archive)"
2521,Daniela Ortiz,Bienal de Venecia,,,"Bienal de Venecia 2024 «Stranieri Ovunque», muestra internacional (Pedrosa) (Disobedience Archive)"
2521,Daniela Ortiz,CIFO Grants & Commissions,,2012,"CIFO Grants & Commissions, premiado/a (2012)"
2522,Thunska Pansittivorakul,Bienal de Venecia,,,"Bienal de Venecia 2024 «Stranieri Ovunque», muestra internacional (Pedrosa) (Disobedience Archive)"
2523,Anand Patwardhan,Bienal de Venecia,,,"Bienal de Venecia 2024 «Stranieri Ovunque», muestra internacional (Pedrosa) (Disobedience Archive)"
2524,Pilot TV Collective,Bienal de Venecia,,,"Bienal de Venecia 2024 «Stranieri Ovunque», muestra internacional (Pedrosa) (Disobedience Archive)"
2525,Queerocracy,Bienal de Venecia,,,"Bienal de Venecia 2024 «Stranieri Ovunque», muestra internacional (Pedrosa) (Disobedience Archive)"
2526,Oliver Ressler & Zanny Begg,Bienal de Venecia,,,"Bienal de Venecia 2024 «Stranieri Ovunque», muestra internacional (Pedrosa) (Disobedience Archive)"
2527,Güliz Sağlam,Bienal de Venecia,,,"Bienal de Venecia 2024 «Stranieri Ovunque», muestra internacional (Pedrosa) (Disobedience Archive)"
2528,Irwan Ahmett & Tita Salina,Bienal de Venecia,,,"Bienal de Venecia 2024 «Stranieri Ovunque», muestra internacional (Pedrosa) (Disobedience Archive)"
2529,Chi Yin Sim,Bienal de Venecia,,,"Bienal de Venecia 2024 «Stranieri Ovunque», muestra internacional (Pedrosa) (Disobedience Archive)"
2530,Sweatmother,Bienal de Venecia,,,"Bienal de Venecia 2024 «Stranieri Ovunque», muestra internacional (Pedrosa) (Disobedience Archive)"
2531,Raphaël Grisey,Bienal de Venecia,,,"Bienal de Venecia 2024 «Stranieri Ovunque», muestra internacional (Pedrosa) (Disobedience Archive)"
2532,Nguyễn Trinh Thi,Bienal de São Paulo,36,,"36ª Bienal de São Paulo «Nem todo viandante anda estradas» (2025, Ndikung)"
2532,Nguyễn Trinh Thi,Bienal de Venecia,,,"Bienal de Venecia 2024 «Stranieri Ovunque», muestra internacional (Pedrosa) (Disobedience Archive)"
2533,James Wentzy,Bienal de Venecia,,,"Bienal de Venecia 2024 «Stranieri Ovunque», muestra internacional (Pedrosa) (Disobedience Archive)"
2534,Želimir Žilnik,Bienal de Venecia,,,"Bienal de Venecia 2024 «Stranieri Ovunque», muestra internacional (Pedrosa) (Disobedience Archive)"
2535,Noor Abuarafeh,Bienal de Venecia,,,"Bienal de Venecia 2022 «The Milk of Dreams», muestra internacional (Alemani)"
2536,Monira Al Qadiri,Bienal de Sharjah,15,2023,"15ª Bienal de Sharjah «Thinking Historically in the Present» (2023, Hoor Al Qasimi)"
2536,Monira Al Qadiri,Bienal de Venecia,,,"Bienal de Venecia 2022 «The Milk of Dreams», muestra internacional (Alemani)"
2537,Sophia Al-Maria,Bienal de Venecia,,,"Bienal de Venecia 2022 «The Milk of Dreams», muestra internacional (Alemani)"
2538,Özlem Altın,Bienal de Venecia,,,"Bienal de Venecia 2022 «The Milk of Dreams», muestra internacional (Alemani)"
2539,Marina Apollonio,Bienal de Venecia,,,"Bienal de Venecia 2022 «The Milk of Dreams», muestra internacional (Alemani)"
2540,Shuvinai Ashoona,Bienal de São Paulo,36,,"36ª Bienal de São Paulo «Nem todo viandante anda estradas» (2025, Ndikung)"
2540,Shuvinai Ashoona,Bienal de Venecia,,,"Bienal de Venecia 2022 «The Milk of Dreams», muestra internacional (Alemani)"
2541,Felipe Baeza,Bienal de Venecia,,,"Bienal de Venecia 2022 «The Milk of Dreams», muestra internacional (Alemani)"
2542,Merikokeb Berhanu,Bienal de Venecia,,,"Bienal de Venecia 2022 «The Milk of Dreams», muestra internacional (Alemani)"
2543,Tomaso Binga,Bienal de Venecia,,,"Bienal de Venecia 2022 «The Milk of Dreams», muestra internacional (Alemani)"
2544,Louise Bonnet,Bienal de Venecia,,,"Bienal de Venecia 2022 «The Milk of Dreams», muestra internacional (Alemani)"
2545,Eglė Budvytytė,Bienal de Venecia,,,"Bienal de Venecia 2022 «The Milk of Dreams», muestra internacional (Alemani)"
2546,Liv Bugge,Bienal de Venecia,,,"Bienal de Venecia 2022 «The Milk of Dreams», muestra internacional (Alemani)"
2547,Simnikiwe Buhlungu,Bienal de São Paulo,36,,"36ª Bienal de São Paulo «Nem todo viandante anda estradas» (2025, Ndikung)"
2547,Simnikiwe Buhlungu,Bienal de Venecia,,,"Bienal de Venecia 2022 «The Milk of Dreams», muestra internacional (Alemani)"
2548,Elaine Cameron-Weir,Bienal de Venecia,,,"Bienal de Venecia 2022 «The Milk of Dreams», muestra internacional (Alemani)"
2549,Ambra Castagnetti,Bienal de Venecia,,,"Bienal de Venecia 2022 «The Milk of Dreams», muestra internacional (Alemani)"
2550,Giulia Cenci,Bienal de Venecia,,,"Bienal de Venecia 2022 «The Milk of Dreams», muestra internacional (Alemani)"
2551,Gabriel Chaile,Bienal de Venecia,,,"Bienal de Venecia 2022 «The Milk of Dreams», muestra internacional (Alemani)"
2551,Gabriel Chaile,Bienal do Mercosul,14,,"14ª Bienal do Mercosul «Estalo» (2025, Fonseca)"
2552,Ali Cherri,Bienal de Gwangju,13,2021,"13ª Bienal de Gwangju «Minds Rising, Spirits Tuning» (2021, Defne Ayas y Natasha Ginwala)"
2552,Ali Cherri,Bienal de Sharjah,15,2023,"15ª Bienal de Sharjah «Thinking Historically in the Present» (2023, Hoor Al Qasimi)"
2552,Ali Cherri,Bienal de Venecia,,,"Bienal de Venecia 2022 «The Milk of Dreams», muestra internacional (Alemani)"
2552,Ali Cherri,Dak'Art,,,"Dak'Art, 15ª Bienal de Dakar «The Wake» (2024, Salimata Diop)"
2552,Ali Cherri,otro,,2022,"León de Plata al participante joven prometedor, Venecia (2022)"
2553,Myrlande Constant,Bienal de São Paulo,36,,"36ª Bienal de São Paulo «Nem todo viandante anda estradas» (2025, Ndikung)"
2553,Myrlande Constant,Bienal de Venecia,,,"Bienal de Venecia 2022 «The Milk of Dreams», muestra internacional (Alemani)"
2554,June Crespo,Bienal de Venecia,,,"Bienal de Venecia 2022 «The Milk of Dreams», muestra internacional (Alemani)"
2555,Lenora de Barros,Bienal de Venecia,,,"Bienal de Venecia 2022 «The Milk of Dreams», muestra internacional (Alemani)"
2555,Lenora de Barros,Colección Daros Latinamerica,,,"Colección Daros Latinamerica, Zúrich"
2555,Lenora de Barros,Radical Women,,2017,"Radical Women: Latin American Art 1960-1985, Hammer Museum (2017, Fajardo-Hill/Giunta); itinerancia Brooklyn Museum y Pinacoteca de São Paulo (2018)"
2556,Lucia Di Luciano,Bienal de Venecia,,,"Bienal de Venecia 2022 «The Milk of Dreams», muestra internacional (Alemani)"
2557,Sara Enrico,Bienal de Venecia,,,"Bienal de Venecia 2022 «The Milk of Dreams», muestra internacional (Alemani)"
2558,Chiara Enzo,Bienal de Venecia,,,"Bienal de Venecia 2022 «The Milk of Dreams», muestra internacional (Alemani)"
2559,Andro Eradze,Bienal de Venecia,,,"Bienal de Venecia 2022 «The Milk of Dreams», muestra internacional (Alemani)"
2560,Jaider Esbell,Bienal de São Paulo,34,,"34ª Bienal de São Paulo «Faz escuro mas eu canto» (2021, Crivelli Visconti)"
2560,Jaider Esbell,Bienal de Venecia,,,"Bienal de Venecia 2022 «The Milk of Dreams», muestra internacional (Alemani)"
2561,Simone Fattal,Bienal de Venecia,,,"Bienal de Venecia 2022 «The Milk of Dreams», muestra internacional (Alemani)"
2562,Katharina Fritsch,Bienal de Venecia,,,"Bienal de Venecia 2022 «The Milk of Dreams», muestra internacional (Alemani)"
2562,Katharina Fritsch,otro,,2022,"León de Oro a la trayectoria, Venecia (2022)"
2563,Aage Gaup,Bienal de Venecia,,,"Bienal de Venecia 2022 «The Milk of Dreams», muestra internacional (Alemani)"
2564,Elisa Giardina Papa,Bienal de Venecia,,,"Bienal de Venecia 2022 «The Milk of Dreams», muestra internacional (Alemani)"
2565,Roberto Gil de Montes,Bienal de Venecia,,,"Bienal de Venecia 2022 «The Milk of Dreams», muestra internacional (Alemani)"
2566,Aneta Grzeszykowska,Bienal de Venecia,,,"Bienal de Venecia 2022 «The Milk of Dreams», muestra internacional (Alemani)"
2567,Sheroanawe Hakihiiwe,Bienal de Venecia,,,"Bienal de Venecia 2022 «The Milk of Dreams», muestra internacional (Alemani)"
2568,Jessie Homer French,Bienal de Venecia,,,"Bienal de Venecia 2022 «The Milk of Dreams», muestra internacional (Alemani)"
2569,Rebecca Horn,Bienal de Venecia,,,"Bienal de Venecia 2022 «The Milk of Dreams», muestra internacional (Alemani)"
2569,Rebecca Horn,Magiciens de la Terre,,1989,"Magiciens de la Terre, Centre Pompidou / Grande Halle de la Villette, París (1989, Jean-Hubert Martin)"
2569,Rebecca Horn,Praemium Imperiale,,2010,"Praemium Imperiale, escultura (2010)"
2570,Sheree Hovsepian,Bienal de Venecia,,,"Bienal de Venecia 2022 «The Milk of Dreams», muestra internacional (Alemani)"
2571,Marguerite Humeau,Bienal de Gwangju,15,2024,"15ª Bienal de Gwangju «Pansori, a soundscape of the 21st century» (2024, Nicolas Bourriaud)"
2571,Marguerite Humeau,Bienal de Venecia,,,"Bienal de Venecia 2022 «The Milk of Dreams», muestra internacional (Alemani)"
2572,Saodat Ismailova,Bienal de Gwangju,16,2026,"16ª Bienal de Gwangju «You Must Change Your Life» (2026, Ho Tzu Nyen)"
2572,Saodat Ismailova,Bienal de Sharjah,15,2023,"15ª Bienal de Sharjah «Thinking Historically in the Present» (2023, Hoor Al Qasimi)"
2572,Saodat Ismailova,Bienal de Venecia,,,"Bienal de Venecia 2022 «The Milk of Dreams», muestra internacional (Alemani)"
2573,Geumhyung Jeong,Bienal de Venecia,,,"Bienal de Venecia 2022 «The Milk of Dreams», muestra internacional (Alemani)"
2574,Charlotte Johannesson,Bienal de São Paulo,32,,"32ª Bienal de São Paulo «Incerteza Viva» (2016, Volz)"
2574,Charlotte Johannesson,Bienal de Venecia,,,"Bienal de Venecia 2022 «The Milk of Dreams», muestra internacional (Alemani)"
2575,Allison Katz,Bienal de Venecia,,,"Bienal de Venecia 2022 «The Milk of Dreams», muestra internacional (Alemani)"
2576,Bronwyn Katz,Bienal de Venecia,,,"Bienal de Venecia 2022 «The Milk of Dreams», muestra internacional (Alemani)"
2577,Kapwani Kiwanga,Bienal de São Paulo,35,,"35ª Bienal de São Paulo «coreografias do impossível» (2023, Lima/Kilomba/Menezes/Borja-Villel)"
2577,Kapwani Kiwanga,Bienal de Venecia,,,"Bienal de Venecia 2022 «The Milk of Dreams», muestra internacional (Alemani)"
2577,Kapwani Kiwanga,Dak'Art,,,"Dak'Art, 15ª Bienal de Dakar «The Wake» (2024, Salimata Diop)"
2578,Gabrielle L'Hirondelle Hill,Bienal de Venecia,,,"Bienal de Venecia 2022 «The Milk of Dreams», muestra internacional (Alemani)"
2579,Mire Lee,Bienal de Venecia,,,"Bienal de Venecia 2022 «The Milk of Dreams», muestra internacional (Alemani)"
2580,Hannah Levy,Bienal de Venecia,,,"Bienal de Venecia 2022 «The Milk of Dreams», muestra internacional (Alemani)"
2581,Tau Lewis,Bienal de Venecia,,,"Bienal de Venecia 2022 «The Milk of Dreams», muestra internacional (Alemani)"
2582,Liliane Lijn,Bienal de Gwangju,13,2021,"13ª Bienal de Gwangju «Minds Rising, Spirits Tuning» (2021, Defne Ayas y Natasha Ginwala)"
2582,Liliane Lijn,Bienal de Venecia,,,"Bienal de Venecia 2022 «The Milk of Dreams», muestra internacional (Alemani)"
2583,Candice Lin,Bienal de Gwangju,13,2021,"13ª Bienal de Gwangju «Minds Rising, Spirits Tuning» (2021, Defne Ayas y Natasha Ginwala)"
2583,Candice Lin,Bienal de Venecia,,,"Bienal de Venecia 2022 «The Milk of Dreams», muestra internacional (Alemani)"
2584,LuYang,Bienal de Venecia,,,"Bienal de Venecia 2022 «The Milk of Dreams», muestra internacional (Alemani)"
2585,Zhenya Machneva,Bienal de Venecia,,,"Bienal de Venecia 2022 «The Milk of Dreams», muestra internacional (Alemani)"
2586,Diego Marcon,Bienal de Venecia,,,"Bienal de Venecia 2022 «The Milk of Dreams», muestra internacional (Alemani)"
2587,Sidsel Meineche Hansen,Bienal de Venecia,,,"Bienal de Venecia 2022 «The Milk of Dreams», muestra internacional (Alemani)"
2587,Sidsel Meineche Hansen,Turner Prize,,2020,Turner Bursary (2020)
2588,Vera Molnár,Bienal de Venecia,,,"Bienal de Venecia 2022 «The Milk of Dreams», muestra internacional (Alemani)"
2589,Sandra Mujinga,Bienal de Venecia,,,"Bienal de Venecia 2022 «The Milk of Dreams», muestra internacional (Alemani)"
2590,Magdalene Odundo,Bienal de Venecia,,,"Bienal de Venecia 2022 «The Milk of Dreams», muestra internacional (Alemani)"
2591,Virginia Overton,Bienal de Venecia,,,"Bienal de Venecia 2022 «The Milk of Dreams», muestra internacional (Alemani)"
2592,Akosua Adoma Owusu,Bienal de Venecia,,,"Bienal de Venecia 2022 «The Milk of Dreams», muestra internacional (Alemani)"
2593,Prabhakar Pachpute,Artes Mundi,,2021,"Artes Mundi 9, premio compartido por decisión unánime del jurado (2021, Cardiff)"
2593,Prabhakar Pachpute,Bienal de São Paulo,31,,"31ª Bienal de São Paulo «Como falar de coisas que não existem» (2014, Esche)"
2593,Prabhakar Pachpute,Bienal de Venecia,,,"Bienal de Venecia 2022 «The Milk of Dreams», muestra internacional (Alemani)"
2594,Rosana Paulino,Bienal de São Paulo,35,,"35ª Bienal de São Paulo «coreografias do impossível» (2023, Lima/Kilomba/Menezes/Borja-Villel)"
2594,Rosana Paulino,Bienal de Venecia,,,"Bienal de Venecia 2022 «The Milk of Dreams», muestra internacional (Alemani)"
2595,Solange Pessoa,Bienal de Venecia,,,"Bienal de Venecia 2022 «The Milk of Dreams», muestra internacional (Alemani)"
2596,Joanna Piotrowska,Bienal de Venecia,,,"Bienal de Venecia 2022 «The Milk of Dreams», muestra internacional (Alemani)"
2597,Alexandra Pirici,Bienal de Venecia,,,"Bienal de Venecia 2022 «The Milk of Dreams», muestra internacional (Alemani)"
2598,Janis Rafa,Bienal de Venecia,,,"Bienal de Venecia 2022 «The Milk of Dreams», muestra internacional (Alemani)"
2599,Paula Rego,Bienal de Venecia,,,"Bienal de Venecia 2022 «The Milk of Dreams», muestra internacional (Alemani)"
2599,Paula Rego,Turner Prize,,1989,Turner Prize (nominación 1989)
2600,Luiz Roque,Bienal de São Paulo,32,,"32ª Bienal de São Paulo «Incerteza Viva» (2016, Volz)"
2600,Luiz Roque,Bienal de Venecia,,,"Bienal de Venecia 2022 «The Milk of Dreams», muestra internacional (Alemani)"
2600,Luiz Roque,Bienal do Mercosul,9,,"9ª Bienal do Mercosul «Se o clima for favorável» (2013, Hernández Chong Cuy)"
2601,Pinaree Sanpitak,Bienal de Venecia,,,"Bienal de Venecia 2022 «The Milk of Dreams», muestra internacional (Alemani)"
2602,Lillian Schwartz,Bienal de Venecia,,,"Bienal de Venecia 2022 «The Milk of Dreams», muestra internacional (Alemani)"
2603,Elias Sime,Bienal de Venecia,,,"Bienal de Venecia 2022 «The Milk of Dreams», muestra internacional (Alemani)"
2603,Elias Sime,Dak'Art,,2004,"Dak'Art, 6ª Bienal de Dakar (2004)"
2603,Elias Sime,Hugo Boss Prize,,2020,"Hugo Boss Prize, finalista (2020)"
2604,Marianna Simnett,Bienal de Gwangju,15,2024,"15ª Bienal de Gwangju «Pansori, a soundscape of the 21st century» (2024, Nicolas Bourriaud)"
2604,Marianna Simnett,Bienal de Venecia,,,"Bienal de Venecia 2022 «The Milk of Dreams», muestra internacional (Alemani)"
2605,Teresa Solar,Bienal de Venecia,,,"Bienal de Venecia 2022 «The Milk of Dreams», muestra internacional (Alemani)"
2606,Andra Ursuţa,Bienal de Venecia,,,"Bienal de Venecia 2022 «The Milk of Dreams», muestra internacional (Alemani)"
2606,Andra Ursuţa,Bienal de Venecia,,,"Bienal de Venecia 2019 «May You Live in Interesting Times», muestra internacional (Rugoff)"
2606,Andra Ursuţa,Bienal de Venecia,,,"Bienal de Venecia 2013 «Il Palazzo Enciclopedico», muestra internacional (Gioni)"
2607,Grazia Varisco,Bienal de Venecia,,,"Bienal de Venecia 2022 «The Milk of Dreams», muestra internacional (Alemani)"
2608,Sandra Vásquez de la Horra,Bienal de São Paulo,30,,"30ª Bienal de São Paulo «A iminência das poéticas» (2012, Pérez-Oramas)"
2608,Sandra Vásquez de la Horra,Bienal de Venecia,,,"Bienal de Venecia 2022 «The Milk of Dreams», muestra internacional (Alemani)"
2608,Sandra Vásquez de la Horra,Bienal do Mercosul,14,,"14ª Bienal do Mercosul «Estalo» (2025, Fonseca)"
2609,Raphaela Vogel,Bienal de Venecia,,,"Bienal de Venecia 2022 «The Milk of Dreams», muestra internacional (Alemani)"
2610,Ulla Wiggen,Bienal de Venecia,,,"Bienal de Venecia 2022 «The Milk of Dreams», muestra internacional (Alemani)"
2611,Müge Yilmaz,Bienal de Venecia,,,"Bienal de Venecia 2022 «The Milk of Dreams», muestra internacional (Alemani)"
2612,Frantz Zéphirin,Bienal de Venecia,,,"Bienal de Venecia 2022 «The Milk of Dreams», muestra internacional (Alemani)"
2613,Zheng Bo,Bienal de Venecia,,,"Bienal de Venecia 2022 «The Milk of Dreams», muestra internacional (Alemani)"
2614,Portia Zvavahera,Bienal de Venecia,,,"Bienal de Venecia 2022 «The Milk of Dreams», muestra internacional (Alemani)"
2615,Halil Altındere,Bienal de Estambul,9,2005,"9ª Bienal de Estambul «İstanbul» (2005, Esche/Kortun)"
2615,Halil Altındere,Bienal de São Paulo,31,,"31ª Bienal de São Paulo «Como falar de coisas que não existem» (2014, Esche)"
2615,Halil Altındere,Bienal de Venecia,,,"Bienal de Venecia 2019 «May You Live in Interesting Times», muestra internacional (Rugoff)"
2616,Alex Gvojic,Bienal de Venecia,,,"Bienal de Venecia 2019 «May You Live in Interesting Times», muestra internacional (Rugoff)"
2617,Neïl Beloufa,Bienal de Venecia,,,"Bienal de Venecia 2019 «May You Live in Interesting Times», muestra internacional (Rugoff)"
2617,Neïl Beloufa,Bienal de Venecia,,,"Bienal de Venecia 2013 «Il Palazzo Enciclopedico», muestra internacional (Gioni)"
2618,Ludovica Carbotta,Bienal de Venecia,,,"Bienal de Venecia 2019 «May You Live in Interesting Times», muestra internacional (Rugoff)"
2619,Antoine Catala,Bienal de Venecia,,,"Bienal de Venecia 2019 «May You Live in Interesting Times», muestra internacional (Rugoff)"
2620,Soham Gupta,Bienal de Venecia,,,"Bienal de Venecia 2019 «May You Live in Interesting Times», muestra internacional (Rugoff)"
2621,Martine Gutierrez,Bienal de Venecia,,,"Bienal de Venecia 2019 «May You Live in Interesting Times», muestra internacional (Rugoff)"
2622,Rula Halawani,Bienal de Venecia,,,"Bienal de Venecia 2019 «May You Live in Interesting Times», muestra internacional (Rugoff)"
2623,Anthea Hamilton,Bienal de Venecia,,,"Bienal de Venecia 2019 «May You Live in Interesting Times», muestra internacional (Rugoff)"
2623,Anthea Hamilton,Turner Prize,,2016,Turner Prize (nominación 2016)
2624,Anthony Hernandez,Bienal de Venecia,,,"Bienal de Venecia 2019 «May You Live in Interesting Times», muestra internacional (Rugoff)"
2625,Ryoji Ikeda,Bienal de Venecia,,,"Bienal de Venecia 2019 «May You Live in Interesting Times», muestra internacional (Rugoff)"
2626,Kahlil Joseph,Bienal de Venecia,,,"Bienal de Venecia 2019 «May You Live in Interesting Times», muestra internacional (Rugoff)"
2627,Zhanna Kadyrova,Bienal de Venecia,,,"Bienal de Venecia 2019 «May You Live in Interesting Times», muestra internacional (Rugoff)"
2628,Suki Seokyeong Kang,Bienal de Venecia,,,"Bienal de Venecia 2019 «May You Live in Interesting Times», muestra internacional (Rugoff)"
2629,Mari Katayama,Bienal de Venecia,,,"Bienal de Venecia 2019 «May You Live in Interesting Times», muestra internacional (Rugoff)"
2630,Andreas Lolis,Bienal de Venecia,,,"Bienal de Venecia 2019 «May You Live in Interesting Times», muestra internacional (Rugoff)"
2631,Jean-Luc Moulène,Bienal de Venecia,,,"Bienal de Venecia 2019 «May You Live in Interesting Times», muestra internacional (Rugoff)"
2632,Jill Mulleady,Bienal de Venecia,,,"Bienal de Venecia 2019 «May You Live in Interesting Times», muestra internacional (Rugoff)"
2633,Nabuqi,Bienal de Venecia,,,"Bienal de Venecia 2019 «May You Live in Interesting Times», muestra internacional (Rugoff)"
2634,Khyentse Norbu,Bienal de Venecia,,,"Bienal de Venecia 2019 «May You Live in Interesting Times», muestra internacional (Rugoff)"
2635,Jon Rafman,Bienal de Venecia,,,"Bienal de Venecia 2019 «May You Live in Interesting Times», muestra internacional (Rugoff)"
2636,Gabriel Rico,Bienal de Venecia,,,"Bienal de Venecia 2019 «May You Live in Interesting Times», muestra internacional (Rugoff)"
2637,Handiwirman Saputra,Bienal de Venecia,,,"Bienal de Venecia 2019 «May You Live in Interesting Times», muestra internacional (Rugoff)"
2638,Augustas Serapinas,Bienal de Venecia,,,"Bienal de Venecia 2019 «May You Live in Interesting Times», muestra internacional (Rugoff)"
2639,Slavs and Tatars,Bienal de Venecia,,,"Bienal de Venecia 2019 «May You Live in Interesting Times», muestra internacional (Rugoff)"
2640,Tavares Strachan,Bienal de Venecia,,,"Bienal de Venecia 2019 «May You Live in Interesting Times», muestra internacional (Rugoff)"
2641,Sun Yuan & Peng Yu,Bienal de Venecia,,,"Bienal de Venecia 2019 «May You Live in Interesting Times», muestra internacional (Rugoff)"
2642,Kemang Wa Lehulere,Bienal de Venecia,,,"Bienal de Venecia 2019 «May You Live in Interesting Times», muestra internacional (Rugoff)"
2642,Kemang Wa Lehulere,Bienal do Mercosul,11,,"11ª Bienal do Mercosul «O Triângulo Atlântico» (2018, Hug/Borghi)"
2643,Tsuyoshi Hisakado,Bienal de Venecia,,,"Bienal de Venecia 2019 «May You Live in Interesting Times», muestra internacional (Rugoff)"
2644,Margaret Wertheim & Christine Wertheim,Bienal de Venecia,,,"Bienal de Venecia 2019 «May You Live in Interesting Times», muestra internacional (Rugoff)"
2645,Yu Ji,Bienal de Venecia,,,"Bienal de Venecia 2019 «May You Live in Interesting Times», muestra internacional (Rugoff)"
2646,Jumana Emil Abboud,Artes Mundi,,2025,"Artes Mundi 11, finalista (2025-2026, Cardiff)"
2646,Jumana Emil Abboud,Bienal de Venecia,,,"Bienal de Venecia 2015 «All the World’s Futures», muestra internacional (Enwezor)"
2646,Jumana Emil Abboud,Bienal de Venecia,,,"Bienal de Venecia 2009 «Fare Mondi / Making Worlds», muestra internacional (Birnbaum)"
2647,Mathieu Kleyebe Abonnenc,Bienal de Venecia,,,"Bienal de Venecia 2015 «All the World’s Futures», muestra internacional (Enwezor)"
2648,Boris Achour,Bienal de Venecia,,,"Bienal de Venecia 2015 «All the World’s Futures», muestra internacional (Enwezor)"
2649,Karo Akpokiere,Bienal de Venecia,,,"Bienal de Venecia 2015 «All the World’s Futures», muestra internacional (Enwezor)"
2650,Meriç Algün Ringborg,Bienal de Venecia,,,"Bienal de Venecia 2015 «All the World’s Futures», muestra internacional (Enwezor)"
2651,Ernesto Ballesteros,Bienal de Venecia,,,"Bienal de Venecia 2015 «All the World’s Futures», muestra internacional (Enwezor)"
2652,Georg Baselitz,Bienal de Venecia,,,"Bienal de Venecia 2015 «All the World’s Futures», muestra internacional (Enwezor)"
2652,Georg Baselitz,Praemium Imperiale,,2004,"Praemium Imperiale, pintura (2004)"
2653,Eduardo Basualdo,Bienal de La Habana,12,2015,12ª Bienal de La Habana «Entre la idea y la experiencia» (2015)
2653,Eduardo Basualdo,Bienal de Venecia,,,"Bienal de Venecia 2015 «All the World’s Futures», muestra internacional (Enwezor)"
2654,Petra Bauer,Bienal de Venecia,,,"Bienal de Venecia 2015 «All the World’s Futures», muestra internacional (Enwezor)"
2655,Sonia Boyce,Bienal de Venecia,,,"Bienal de Venecia 2015 «All the World’s Futures», muestra internacional (Enwezor)"
2656,Ricardo Brey,Bienal de Venecia,,,"Bienal de Venecia 2015 «All the World’s Futures», muestra internacional (Enwezor)"
2657,Teresa Burga,Bienal de Venecia,,,"Bienal de Venecia 2015 «All the World’s Futures», muestra internacional (Enwezor)"
2657,Teresa Burga,CIFO Grants & Commissions,,2014,"CIFO Grants & Commissions, premiado/a (2014)"
2657,Teresa Burga,Radical Women,,2017,"Radical Women: Latin American Art 1960-1985, Hammer Museum (2017, Fajardo-Hill/Giunta); itinerancia Brooklyn Museum y Pinacoteca de São Paulo (2018)"
2658,Keith Calhoun & Chandra McCormick,Bienal de Venecia,,,"Bienal de Venecia 2015 «All the World’s Futures», muestra internacional (Enwezor)"
2659,Nidhal Chamekh,Bienal de Venecia,,,"Bienal de Venecia 2015 «All the World’s Futures», muestra internacional (Enwezor)"
2660,Olga Chernysheva,Bienal de Venecia,,,"Bienal de Venecia 2015 «All the World’s Futures», muestra internacional (Enwezor)"
2661,Tiffany Chung,Bienal de Venecia,,,"Bienal de Venecia 2015 «All the World’s Futures», muestra internacional (Enwezor)"
2662,Cooperativa Cráter Invertido,Bienal de Venecia,,,"Bienal de Venecia 2015 «All the World’s Futures», muestra internacional (Enwezor)"
2663,Elena Damiani,Bienal de Cuenca,13,,"13ª Bienal de Cuenca «Impermanencia» (2016, Cameron)"
2663,Elena Damiani,Bienal de Venecia,,,"Bienal de Venecia 2015 «All the World’s Futures», muestra internacional (Enwezor)"
2663,Elena Damiani,Bienal do Mercosul,9,,"9ª Bienal do Mercosul «Se o clima for favorável» (2013, Hernández Chong Cuy)"
2663,Elena Damiani,CIFO Grants & Commissions,,2016,"CIFO Grants & Commissions, premiado/a (2016)"
2663,Elena Damiani,Colección Cisneros (CPPC),,2018,"Donación CPPC al MALI, Lima (2018)"
2664,Melvin Edwards,Ante América,,1992,"Ante América, Biblioteca Luis Ángel Arango, Bogotá (1992, Mosquera/Ponce de León/Weiss)"
2664,Melvin Edwards,Bienal de Venecia,,,"Bienal de Venecia 2015 «All the World’s Futures», muestra internacional (Enwezor)"
2664,Melvin Edwards,Bienal do Mercosul,11,,"11ª Bienal do Mercosul «O Triângulo Atlântico» (2018, Hug/Borghi)"
2665,Antje Ehmann,Bienal de Venecia,,,"Bienal de Venecia 2015 «All the World’s Futures», muestra internacional (Enwezor)"
2666,Emily Floyd,Bienal de Venecia,,,"Bienal de Venecia 2015 «All the World’s Futures», muestra internacional (Enwezor)"
2667,Marco Fusinato,Bienal de São Paulo,30,,"30ª Bienal de São Paulo «A iminência das poéticas» (2012, Pérez-Oramas)"
2667,Marco Fusinato,Bienal de Venecia,,,"Bienal de Venecia 2015 «All the World’s Futures», muestra internacional (Enwezor)"
2668,Charles Gaines,Bienal de Venecia,,,"Bienal de Venecia 2015 «All the World’s Futures», muestra internacional (Enwezor)"
2668,Charles Gaines,Bienal de Venecia,,,"Bienal de Venecia 2007 «Think with the Senses, Feel with the Mind», muestra internacional (Storr)"
2669,Ana Gallardo,Bienal de São Paulo,29,,"29ª Bienal de São Paulo «Há sempre um copo de mar para um homem navegar» (2010, dos Anjos/Farias)"
2669,Ana Gallardo,Bienal de Venecia,,,"Bienal de Venecia 2015 «All the World’s Futures», muestra internacional (Enwezor)"
2669,Ana Gallardo,CIFO Grants & Commissions,,2024,"CIFO Grants & Commissions, premiado/a (2024)"
2669,Ana Gallardo,Premio Julius Baer,,2022,"Premio Julius Baer a las artistas latinoamericanas, ganadora de la II edición (2022, MAMBO Bogotá)"
2670,Gluklya,Bienal de Venecia,,,"Bienal de Venecia 2015 «All the World’s Futures», muestra internacional (Enwezor)"
2671,Sônia Gomes,Bienal de Gwangju,13,2021,"13ª Bienal de Gwangju «Minds Rising, Spirits Tuning» (2021, Defne Ayas y Natasha Ginwala)"
2671,Sônia Gomes,Bienal de São Paulo,35,,"35ª Bienal de São Paulo «coreografias do impossível» (2023, Lima/Kilomba/Menezes/Borja-Villel)"
2671,Sônia Gomes,Bienal de Venecia,,,"Bienal de Venecia 2015 «All the World’s Futures», muestra internacional (Enwezor)"
2672,Gulf Labor,Bienal de Venecia,,,"Bienal de Venecia 2015 «All the World’s Futures», muestra internacional (Enwezor)"
2673,Andreas Gursky,Bienal de São Paulo,25,,"25ª Bienal de São Paulo «Iconografias metropolitanas» (2002, Hug)"
2673,Andreas Gursky,Bienal de Venecia,,,"Bienal de Venecia 2015 «All the World’s Futures», muestra internacional (Enwezor)"
2674,Joana Hadjithomas & Khalil Joreige,Bienal de Sharjah,15,2023,"15ª Bienal de Sharjah «Thinking Historically in the Present» (2023, Hoor Al Qasimi)"
2674,Joana Hadjithomas & Khalil Joreige,Bienal de Venecia,,,"Bienal de Venecia 2015 «All the World’s Futures», muestra internacional (Enwezor)"
2675,Newell Harry,Bienal de Venecia,,,"Bienal de Venecia 2015 «All the World’s Futures», muestra internacional (Enwezor)"
2676,Im Heung-soon,Bienal de Venecia,,,"Bienal de Venecia 2015 «All the World’s Futures», muestra internacional (Enwezor)"
2676,Im Heung-soon,otro,,2015,"León de Plata al participante joven prometedor, Venecia (2015)"
2677,Invisible Borders,Bienal de Venecia,,,"Bienal de Venecia 2015 «All the World’s Futures», muestra internacional (Enwezor)"
2678,Ji Dachun,Bienal de Venecia,,,"Bienal de Venecia 2015 «All the World’s Futures», muestra internacional (Enwezor)"
2679,Samson Kambalu,Bienal de Venecia,,,"Bienal de Venecia 2015 «All the World’s Futures», muestra internacional (Enwezor)"
2680,Alexander Kluge,Bienal de Venecia,,,"Bienal de Venecia 2015 «All the World’s Futures», muestra internacional (Enwezor)"
2681,Runo Lagomarsino,Bienal de São Paulo,30,,"30ª Bienal de São Paulo «A iminência das poéticas» (2012, Pérez-Oramas)"
2681,Runo Lagomarsino,Bienal de Venecia,,,"Bienal de Venecia 2015 «All the World’s Futures», muestra internacional (Enwezor)"
2681,Runo Lagomarsino,CIFO Grants & Commissions,,2010,"CIFO Grants & Commissions, premiado/a (2010)"
2681,Runo Lagomarsino,Under the Same Sun,,2014,"Under the Same Sun: Art from Latin America Today, Guggenheim, Nueva York (2014, Pablo León de la Barra)"
2682,Sonia Leber & David Chesworth,Bienal de Venecia,,,"Bienal de Venecia 2015 «All the World’s Futures», muestra internacional (Enwezor)"
2683,Gonçalo Mabunda,Bienal de Venecia,,,"Bienal de Venecia 2015 «All the World’s Futures», muestra internacional (Enwezor)"
2684,Madhusudhanan,Bienal de Venecia,,,"Bienal de Venecia 2015 «All the World’s Futures», muestra internacional (Enwezor)"
2685,David Maljković,Bienal de Estambul,9,2005,"9ª Bienal de Estambul «İstanbul» (2005, Esche/Kortun)"
2685,David Maljković,Bienal de São Paulo,29,,"29ª Bienal de São Paulo «Há sempre um copo de mar para um homem navegar» (2010, dos Anjos/Farias)"
2685,David Maljković,Bienal de Venecia,,,"Bienal de Venecia 2015 «All the World’s Futures», muestra internacional (Enwezor)"
2686,Abu Bakarr Mansaray,Bienal de Gwangju,13,2021,"13ª Bienal de Gwangju «Minds Rising, Spirits Tuning» (2021, Defne Ayas y Natasha Ginwala)"
2686,Abu Bakarr Mansaray,Bienal de Venecia,,,"Bienal de Venecia 2015 «All the World’s Futures», muestra internacional (Enwezor)"
2687,Ivana Müller,Bienal de Venecia,,,"Bienal de Venecia 2015 «All the World’s Futures», muestra internacional (Enwezor)"
2688,Lavar Munroe,Bienal de Venecia,,,"Bienal de Venecia 2015 «All the World’s Futures», muestra internacional (Enwezor)"
2688,Lavar Munroe,Dak'Art,,,"Dak'Art, 12ª Bienal de Dakar «Réenchantements / La Cité dans le jour bleu» (2016, Njami)"
2689,Hwayeon Nam,Bienal de Venecia,,,"Bienal de Venecia 2015 «All the World’s Futures», muestra internacional (Enwezor)"
2690,Cheikh Ndiaye,Bienal de Venecia,,,"Bienal de Venecia 2015 «All the World’s Futures», muestra internacional (Enwezor)"
2690,Cheikh Ndiaye,Dak'Art,,,"Dak'Art, 15ª Bienal de Dakar «The Wake» (2024, Salimata Diop)"
2691,Lemi Ponifasio,Bienal de Venecia,,,"Bienal de Venecia 2015 «All the World’s Futures», muestra internacional (Enwezor)"
2692,Raha Raissnia,Bienal de Venecia,,,"Bienal de Venecia 2015 «All the World’s Futures», muestra internacional (Enwezor)"
2693,Mykola Ridnyi,Bienal de Venecia,,,"Bienal de Venecia 2015 «All the World’s Futures», muestra internacional (Enwezor)"
2694,Joachim Schönfeldt,Bienal de Venecia,,,"Bienal de Venecia 2015 «All the World’s Futures», muestra internacional (Enwezor)"
2695,Massinissa Selmani,Bienal de Venecia,,,"Bienal de Venecia 2015 «All the World’s Futures», muestra internacional (Enwezor)"
2696,Fatou Kandé Senghor,Bienal de Venecia,,,"Bienal de Venecia 2015 «All the World’s Futures», muestra internacional (Enwezor)"
2696,Fatou Kandé Senghor,Dak'Art,,2004,"Dak'Art, 6ª Bienal de Dakar (2004)"
2697,Prasad Shetty & Rupali Gupte,Bienal de Venecia,,,"Bienal de Venecia 2015 «All the World’s Futures», muestra internacional (Enwezor)"
2698,Gary Simmons,Bienal de Venecia,,,"Bienal de Venecia 2015 «All the World’s Futures», muestra internacional (Enwezor)"
2699,Taryn Simon,Bienal de Venecia,,,"Bienal de Venecia 2015 «All the World’s Futures», muestra internacional (Enwezor)"
2700,Mikhael Subotzky,Bienal de Venecia,,,"Bienal de Venecia 2015 «All the World’s Futures», muestra internacional (Enwezor)"
2701,Mariam Suhail,Bienal de Venecia,,,"Bienal de Venecia 2015 «All the World’s Futures», muestra internacional (Enwezor)"
2702,The Propeller Group,Bienal de Venecia,,,"Bienal de Venecia 2015 «All the World’s Futures», muestra internacional (Enwezor)"
2703,Barthélémy Toguo,Bienal de Venecia,,,"Bienal de Venecia 2015 «All the World’s Futures», muestra internacional (Enwezor)"
2703,Barthélémy Toguo,Dak'Art,,,"Dak'Art, 15ª Bienal de Dakar «The Wake» (2024, Salimata Diop)"
2704,Ala Younis,Bienal de Venecia,,,"Bienal de Venecia 2015 «All the World’s Futures», muestra internacional (Enwezor)"
2705,Victor Alimpiev,Bienal de Venecia,,,"Bienal de Venecia 2013 «Il Palazzo Enciclopedico», muestra internacional (Gioni)"
2706,Yuri Ancarani,Bienal de Venecia,,,"Bienal de Venecia 2013 «Il Palazzo Enciclopedico», muestra internacional (Gioni)"
2707,Carl Andre,Bienal de Venecia,,,"Bienal de Venecia 2013 «Il Palazzo Enciclopedico», muestra internacional (Gioni)"
2707,Carl Andre,Information (MoMA 1970),,1970,"Information, The Museum of Modern Art, Nueva York (1970, Kynaston McShine)"
2707,Carl Andre,When Attitudes Become Form,,1969,"When Attitudes Become Form «Live in Your Head», Kunsthalle Bern (1969, Harald Szeemann)"
2708,Yüksel Arslan,Bienal de Venecia,,,"Bienal de Venecia 2013 «Il Palazzo Enciclopedico», muestra internacional (Gioni)"
2709,Nikolay Bakharev,Bienal de Venecia,,,"Bienal de Venecia 2013 «Il Palazzo Enciclopedico», muestra internacional (Gioni)"
2710,Mirosław Bałka,Bienal de Venecia,,,"Bienal de Venecia 2013 «Il Palazzo Enciclopedico», muestra internacional (Gioni)"
2711,Stefan Bertalan,Bienal de Venecia,,,"Bienal de Venecia 2013 «Il Palazzo Enciclopedico», muestra internacional (Gioni)"
2712,Alice Channer,Bienal de Venecia,,,"Bienal de Venecia 2013 «Il Palazzo Enciclopedico», muestra internacional (Gioni)"
2713,John De Andrea,Bienal de Venecia,,,"Bienal de Venecia 2013 «Il Palazzo Enciclopedico», muestra internacional (Gioni)"
2714,Thierry De Cordier,Bienal de Venecia,,,"Bienal de Venecia 2013 «Il Palazzo Enciclopedico», muestra internacional (Gioni)"
2715,Jos de Gruyter & Harald Thys,Bienal de Venecia,,,"Bienal de Venecia 2013 «Il Palazzo Enciclopedico», muestra internacional (Gioni)"
2716,Walter De Maria,Bienal de Venecia,,,"Bienal de Venecia 2013 «Il Palazzo Enciclopedico», muestra internacional (Gioni)"
2716,Walter De Maria,Information (MoMA 1970),,1970,"Information, The Museum of Modern Art, Nueva York (1970, Kynaston McShine)"
2716,Walter De Maria,When Attitudes Become Form,,1969,"When Attitudes Become Form «Live in Your Head», Kunsthalle Bern (1969, Harald Szeemann)"
2717,Simon Denny,Bienal de Venecia,,,"Bienal de Venecia 2013 «Il Palazzo Enciclopedico», muestra internacional (Gioni)"
2718,Peter Fischli,Bienal de Venecia,,,"Bienal de Venecia 2013 «Il Palazzo Enciclopedico», muestra internacional (Gioni)"
2719,Linda Fregni Nagler,Bienal de Venecia,,,"Bienal de Venecia 2013 «Il Palazzo Enciclopedico», muestra internacional (Gioni)"
2720,Aurélien Froment,Bienal de Venecia,,,"Bienal de Venecia 2013 «Il Palazzo Enciclopedico», muestra internacional (Gioni)"
2721,Phyllis Galembo,Bienal de Venecia,,,"Bienal de Venecia 2013 «Il Palazzo Enciclopedico», muestra internacional (Gioni)"
2722,Yervant Gianikian & Angela Ricci Lucchi,Bienal de Venecia,,,"Bienal de Venecia 2013 «Il Palazzo Enciclopedico», muestra internacional (Gioni)"
2723,Tamar Guimarães & Kasper Akhøj,Bienal de Venecia,,,"Bienal de Venecia 2013 «Il Palazzo Enciclopedico», muestra internacional (Gioni)"
2724,João Maria Gusmão & Pedro Paiva,Bienal de Venecia,,,"Bienal de Venecia 2013 «Il Palazzo Enciclopedico», muestra internacional (Gioni)"
2724,João Maria Gusmão & Pedro Paiva,Bienal do Mercosul,6,,"6ª Bienal do Mercosul «A Terceira Margem do Rio» (2007, Pérez-Barreiro)"
2725,Daniel Hesidence,Bienal de Venecia,,,"Bienal de Venecia 2013 «Il Palazzo Enciclopedico», muestra internacional (Gioni)"
2726,Channa Horwitz,Bienal de Venecia,,,"Bienal de Venecia 2013 «Il Palazzo Enciclopedico», muestra internacional (Gioni)"
2727,Kan Xuan,Bienal de Estambul,10,2007,"10ª Bienal de Estambul «Not Only Possible, But Also Necessary» (2007, Hou Hanru)"
2727,Kan Xuan,Bienal de Venecia,,,"Bienal de Venecia 2013 «Il Palazzo Enciclopedico», muestra internacional (Gioni)"
2728,Eva Koťátková,Bienal de Venecia,,,"Bienal de Venecia 2013 «Il Palazzo Enciclopedico», muestra internacional (Gioni)"
2729,Evgenij Kozlov,Bienal de Venecia,,,"Bienal de Venecia 2013 «Il Palazzo Enciclopedico», muestra internacional (Gioni)"
2730,Maria Lassnig,Bienal de Venecia,,,"Bienal de Venecia 2013 «Il Palazzo Enciclopedico», muestra internacional (Gioni)"
2730,Maria Lassnig,otro,,2013,"León de Oro a la trayectoria, Venecia (2013)"
2731,Lin Xue,Bienal de Venecia,,,"Bienal de Venecia 2013 «Il Palazzo Enciclopedico», muestra internacional (Gioni)"
2732,José Antonio Suárez Londoño,Bienal de São Paulo,32,,"32ª Bienal de São Paulo «Incerteza Viva» (2016, Volz)"
2732,José Antonio Suárez Londoño,Bienal de Venecia,,,"Bienal de Venecia 2013 «Il Palazzo Enciclopedico», muestra internacional (Gioni)"
2733,Laurent Montaron,Bienal de Venecia,,,"Bienal de Venecia 2013 «Il Palazzo Enciclopedico», muestra internacional (Gioni)"
2734,Melvin Moti,Bienal de Gwangju,16,2026,"16ª Bienal de Gwangju «You Must Change Your Life» (2026, Ho Tzu Nyen)"
2734,Melvin Moti,Bienal de São Paulo,34,,"34ª Bienal de São Paulo «Faz escuro mas eu canto» (2021, Crivelli Visconti)"
2734,Melvin Moti,Bienal de Venecia,,,"Bienal de Venecia 2013 «Il Palazzo Enciclopedico», muestra internacional (Gioni)"
2735,Albert Oehlen,Bienal de São Paulo,26,,"26ª Bienal de São Paulo «Território Livre» (2004, Hug)"
2735,Albert Oehlen,Bienal de Venecia,,,"Bienal de Venecia 2013 «Il Palazzo Enciclopedico», muestra internacional (Gioni)"
2736,J.D. 'Okhai Ojeikere,Bienal de Venecia,,,"Bienal de Venecia 2013 «Il Palazzo Enciclopedico», muestra internacional (Gioni)"
2737,Henrik Olesen,Bienal de São Paulo,33,,"33ª Bienal de São Paulo «Afinidades afetivas» (2018, Pérez-Barreiro)"
2737,Henrik Olesen,Bienal de São Paulo,32,,"32ª Bienal de São Paulo «Incerteza Viva» (2016, Volz)"
2737,Henrik Olesen,Bienal de Venecia,,,"Bienal de Venecia 2013 «Il Palazzo Enciclopedico», muestra internacional (Gioni)"
2738,John Outterbridge,Bienal de Venecia,,,"Bienal de Venecia 2013 «Il Palazzo Enciclopedico», muestra internacional (Gioni)"
2739,Marco Paolini,Bienal de Venecia,,,"Bienal de Venecia 2013 «Il Palazzo Enciclopedico», muestra internacional (Gioni)"
2740,Diego Perrone,Bienal de Venecia,,,"Bienal de Venecia 2013 «Il Palazzo Enciclopedico», muestra internacional (Gioni)"
2741,Otto Piene,Bienal de Venecia,,,"Bienal de Venecia 2013 «Il Palazzo Enciclopedico», muestra internacional (Gioni)"
2742,Carol Rama,Bienal de Venecia,,,"Bienal de Venecia 2013 «Il Palazzo Enciclopedico», muestra internacional (Gioni)"
2743,Pamela Rosenkranz,Bienal de Venecia,,,"Bienal de Venecia 2013 «Il Palazzo Enciclopedico», muestra internacional (Gioni)"
2744,Viviane Sassen,Bienal de Venecia,,,"Bienal de Venecia 2013 «Il Palazzo Enciclopedico», muestra internacional (Gioni)"
2744,Viviane Sassen,Bienal do Mercosul,11,,"11ª Bienal do Mercosul «O Triângulo Atlântico» (2018, Hug/Borghi)"
2745,Shinichi Sawada,Bienal de Venecia,,,"Bienal de Venecia 2013 «Il Palazzo Enciclopedico», muestra internacional (Gioni)"
2746,Michael Schmidt,Bienal de Venecia,,,"Bienal de Venecia 2013 «Il Palazzo Enciclopedico», muestra internacional (Gioni)"
2747,Jean-Frédéric Schnyder,Bienal de Venecia,,,"Bienal de Venecia 2013 «Il Palazzo Enciclopedico», muestra internacional (Gioni)"
2747,Jean-Frédéric Schnyder,When Attitudes Become Form,,1969,"When Attitudes Become Form «Live in Your Head», Kunsthalle Bern (1969, Harald Szeemann)"
2748,Jim Shaw,Bienal de Venecia,,,"Bienal de Venecia 2013 «Il Palazzo Enciclopedico», muestra internacional (Gioni)"
2749,Laurie Simmons,Bienal de Venecia,,,"Bienal de Venecia 2013 «Il Palazzo Enciclopedico», muestra internacional (Gioni)"
2750,Allan McCollum,Bienal de São Paulo,28,,"28ª Bienal de São Paulo «Em vivo contato» (2008, Mesquita/Cohen)"
2750,Allan McCollum,Bienal de Venecia,,,"Bienal de Venecia 2013 «Il Palazzo Enciclopedico», muestra internacional (Gioni)"
2750,Allan McCollum,Bienal do Mercosul,9,,"9ª Bienal do Mercosul «Se o clima for favorável» (2013, Hernández Chong Cuy)"
2751,Christiana Soulou,Bienal de Venecia,,,"Bienal de Venecia 2013 «Il Palazzo Enciclopedico», muestra internacional (Gioni)"
2752,Papa Ibra Tall,Bienal de Venecia,,,"Bienal de Venecia 2013 «Il Palazzo Enciclopedico», muestra internacional (Gioni)"
2753,Patrick Van Caeckenbergh,Bienal de Venecia,,,"Bienal de Venecia 2013 «Il Palazzo Enciclopedico», muestra internacional (Gioni)"
2754,Erik van Lieshout,Bienal de Venecia,,,"Bienal de Venecia 2013 «Il Palazzo Enciclopedico», muestra internacional (Gioni)"
2755,Günter Weseler,Bienal de Venecia,,,"Bienal de Venecia 2013 «Il Palazzo Enciclopedico», muestra internacional (Gioni)"
2756,Kohei Yoshiyuki,Bienal de Venecia,,,"Bienal de Venecia 2013 «Il Palazzo Enciclopedico», muestra internacional (Gioni)"
2757,Sergey Zarva,Bienal de Venecia,,,"Bienal de Venecia 2013 «Il Palazzo Enciclopedico», muestra internacional (Gioni)"
2758,Massimo Bartolini,Bienal de São Paulo,26,,"26ª Bienal de São Paulo «Território Livre» (2004, Hug)"
2758,Massimo Bartolini,Bienal de Venecia,,,"Bienal de Venecia 2009 «Fare Mondi / Making Worlds», muestra internacional (Birnbaum)"
2759,Simone Berti,Bienal de Venecia,,,"Bienal de Venecia 2009 «Fare Mondi / Making Worlds», muestra internacional (Birnbaum)"
2760,Bestué/Vives,Bienal de Venecia,,,"Bienal de Venecia 2009 «Fare Mondi / Making Worlds», muestra internacional (Birnbaum)"
2761,Mike Bouchet,Bienal de Venecia,,,"Bienal de Venecia 2009 «Fare Mondi / Making Worlds», muestra internacional (Birnbaum)"
2762,Ulla von Brandenburg,Bienal de Venecia,,,"Bienal de Venecia 2009 «Fare Mondi / Making Worlds», muestra internacional (Birnbaum)"
2763,Nathalie Djurberg,Bienal de Venecia,,,"Bienal de Venecia 2009 «Fare Mondi / Making Worlds», muestra internacional (Birnbaum)"
2763,Nathalie Djurberg,otro,,2009,"León de Plata al participante joven prometedor, Venecia (2009)"
2764,Anju Dodiya,Bienal de Sharjah,15,2023,"15ª Bienal de Sharjah «Thinking Historically in the Present» (2023, Hoor Al Qasimi)"
2764,Anju Dodiya,Bienal de Venecia,,,"Bienal de Venecia 2009 «Fare Mondi / Making Worlds», muestra internacional (Birnbaum)"
2765,Elena Elagina & Igor Makarevich,Bienal de Venecia,,,"Bienal de Venecia 2009 «Fare Mondi / Making Worlds», muestra internacional (Birnbaum)"
2766,William Forsythe,Bienal de Venecia,,,"Bienal de Venecia 2009 «Fare Mondi / Making Worlds», muestra internacional (Birnbaum)"
2767,Sunil Gawde,Bienal de Venecia,,,"Bienal de Venecia 2009 «Fare Mondi / Making Worlds», muestra internacional (Birnbaum)"
2768,Gilbert & George,Bienal de Venecia,,,"Bienal de Venecia 2009 «Fare Mondi / Making Worlds», muestra internacional (Birnbaum)"
2768,Gilbert & George,Information (MoMA 1970),,1970,"Information, The Museum of Modern Art, Nueva York (1970, Kynaston McShine)"
2768,Gilbert & George,Turner Prize,,1984,Turner Prize (nominación 1984)
2768,Gilbert & George,Turner Prize,,1986,Turner Prize (premio 1986)
2769,Tamara Grcic,Bienal de Venecia,,,"Bienal de Venecia 2009 «Fare Mondi / Making Worlds», muestra internacional (Birnbaum)"
2770,Guyton\Walker,Bienal de Venecia,,,"Bienal de Venecia 2009 «Fare Mondi / Making Worlds», muestra internacional (Birnbaum)"
2771,Gonkar Gyatso,Bienal de Venecia,,,"Bienal de Venecia 2009 «Fare Mondi / Making Worlds», muestra internacional (Birnbaum)"
2772,Jan Håfström,Bienal de Venecia,,,"Bienal de Venecia 2009 «Fare Mondi / Making Worlds», muestra internacional (Birnbaum)"
2773,Anawana Haloba,Artes Mundi,,2025,"Artes Mundi 11, finalista (2025-2026, Cardiff)"
2773,Anawana Haloba,Bienal de São Paulo,32,,"32ª Bienal de São Paulo «Incerteza Viva» (2016, Volz)"
2773,Anawana Haloba,Bienal de Venecia,,,"Bienal de Venecia 2009 «Fare Mondi / Making Worlds», muestra internacional (Birnbaum)"
2774,Susan Hefuna,Bienal de Venecia,,,"Bienal de Venecia 2009 «Fare Mondi / Making Worlds», muestra internacional (Birnbaum)"
2775,Rachel Khedoori,Bienal de Venecia,,,"Bienal de Venecia 2009 «Fare Mondi / Making Worlds», muestra internacional (Birnbaum)"
2776,Koo Jeong A,Bienal de São Paulo,32,,"32ª Bienal de São Paulo «Incerteza Viva» (2016, Volz)"
2776,Koo Jeong A,Bienal de Venecia,,,"Bienal de Venecia 2009 «Fare Mondi / Making Worlds», muestra internacional (Birnbaum)"
2776,Koo Jeong A,Cities on the Move,,1997,"Cities on the Move, Secession, Viena (1997, Hou Hanru y Hans Ulrich Obrist); itinerancia Burdeos, PS1, Louisiana, Hayward, Kiasma y Bangkok (1997-1999)"
2776,Koo Jeong A,Hugo Boss Prize,,2002,"Hugo Boss Prize, finalista (2002)"
2777,Arto Lindsay,Bienal de Venecia,,,"Bienal de Venecia 2009 «Fare Mondi / Making Worlds», muestra internacional (Birnbaum)"
2778,Moscow Poetry Club,Bienal de Venecia,,,"Bienal de Venecia 2009 «Fare Mondi / Making Worlds», muestra internacional (Birnbaum)"
2779,Yoko Ono,Bienal de Venecia,,,"Bienal de Venecia 2009 «Fare Mondi / Making Worlds», muestra internacional (Birnbaum)"
2779,Yoko Ono,Global Conceptualism,,1999,"Global Conceptualism: Points of Origin 1950s-1980s, Queens Museum, Nueva York (1999, Farver/Camnitzer/Weiss y equipo de once curadores); itinerancia Walker/Miami/MIT List"
2779,Yoko Ono,otro,,2009,"León de Oro a la trayectoria, Venecia (2009)"
2780,Jorge Otero-Pailos,Bienal de Venecia,,,"Bienal de Venecia 2009 «Fare Mondi / Making Worlds», muestra internacional (Birnbaum)"
2781,Anna Parkina,Bienal de Venecia,,,"Bienal de Venecia 2009 «Fare Mondi / Making Worlds», muestra internacional (Birnbaum)"
2782,Michelangelo Pistoletto,Bienal de La Habana,12,2015,12ª Bienal de La Habana «Entre la idea y la experiencia» (2015)
2782,Michelangelo Pistoletto,Bienal de Venecia,,,"Bienal de Venecia 2009 «Fare Mondi / Making Worlds», muestra internacional (Birnbaum)"
2782,Michelangelo Pistoletto,Information (MoMA 1970),,1970,"Information, The Museum of Modern Art, Nueva York (1970, Kynaston McShine)"
2782,Michelangelo Pistoletto,Praemium Imperiale,,2013,"Praemium Imperiale, pintura (2013)"
2782,Michelangelo Pistoletto,When Attitudes Become Form,,1969,"When Attitudes Become Form «Live in Your Head», Kunsthalle Bern (1969, Harald Szeemann)"
2783,Att Poomtangon,Bienal de Venecia,,,"Bienal de Venecia 2009 «Fare Mondi / Making Worlds», muestra internacional (Birnbaum)"
2784,Marjetica Potrč,Bienal de Cuenca,15,,"15ª Bienal de Cuenca «Bienal del Bioceno» (2021, De la Torre)"
2784,Marjetica Potrč,Bienal de Estambul,8,2003,"8ª Bienal de Estambul «Poetic Justice» (2003, Dan Cameron)"
2784,Marjetica Potrč,Bienal de São Paulo,27,,"27ª Bienal de São Paulo «Como Viver Junto» (2006, Lagnado)"
2784,Marjetica Potrč,Bienal de Venecia,,,"Bienal de Venecia 2009 «Fare Mondi / Making Worlds», muestra internacional (Birnbaum)"
2784,Marjetica Potrč,Hugo Boss Prize,,2000,"Hugo Boss Prize, ganador/a (2000)"
2785,Sara Ramo,Bienal de São Paulo,33,,"33ª Bienal de São Paulo «Afinidades afetivas» (2018, Pérez-Barreiro)"
2785,Sara Ramo,Bienal de São Paulo,29,,"29ª Bienal de São Paulo «Há sempre um copo de mar para um homem navegar» (2010, dos Anjos/Farias)"
2785,Sara Ramo,Bienal de Venecia,,,"Bienal de Venecia 2009 «Fare Mondi / Making Worlds», muestra internacional (Birnbaum)"
2785,Sara Ramo,Bienal do Mercosul,6,,"6ª Bienal do Mercosul «A Terceira Margem do Rio» (2007, Pérez-Barreiro)"
2786,Pietro Roccasalva,Bienal de Venecia,,,"Bienal de Venecia 2009 «Fare Mondi / Making Worlds», muestra internacional (Birnbaum)"
2787,Amy Simon,Bienal de Venecia,,,"Bienal de Venecia 2009 «Fare Mondi / Making Worlds», muestra internacional (Birnbaum)"
2788,Madelon Vriesendorp,Bienal de Venecia,,,"Bienal de Venecia 2009 «Fare Mondi / Making Worlds», muestra internacional (Birnbaum)"
2789,Tian Tian Wang,Bienal de Venecia,,,"Bienal de Venecia 2009 «Fare Mondi / Making Worlds», muestra internacional (Birnbaum)"
2790,Richard Wentworth,Bienal de Venecia,,,"Bienal de Venecia 2009 «Fare Mondi / Making Worlds», muestra internacional (Birnbaum)"
2791,Florian Hecker,Bienal de Venecia,,,"Bienal de Venecia 2009 «Fare Mondi / Making Worlds», muestra internacional (Birnbaum)"
2792,Xu Tan,Bienal de Venecia,,,"Bienal de Venecia 2009 «Fare Mondi / Making Worlds», muestra internacional (Birnbaum)"
2793,Héctor Zamora,Bienal de La Habana,12,2015,12ª Bienal de La Habana «Entre la idea y la experiencia» (2015)
2793,Héctor Zamora,Bienal de São Paulo,27,,"27ª Bienal de São Paulo «Como Viver Junto» (2006, Lagnado)"
2793,Héctor Zamora,Bienal de Venecia,,,"Bienal de Venecia 2009 «Fare Mondi / Making Worlds», muestra internacional (Birnbaum)"
2793,Héctor Zamora,CIFO Grants & Commissions,,2007,"CIFO Grants & Commissions, premiado/a (2007)"
2794,Anya Zholud,Bienal de Venecia,,,"Bienal de Venecia 2009 «Fare Mondi / Making Worlds», muestra internacional (Birnbaum)"
2795,Ignasi Aballí,Bienal de Venecia,,,"Bienal de Venecia 2007 «Think with the Senses, Feel with the Mind», muestra internacional (Storr)"
2796,Alterazioni Video,Bienal de Venecia,,,"Bienal de Venecia 2007 «Think with the Senses, Feel with the Mind», muestra internacional (Storr)"
2797,Giovanni Anselmo,Bienal de Venecia,,,"Bienal de Venecia 2007 «Think with the Senses, Feel with the Mind», muestra internacional (Storr)"
2797,Giovanni Anselmo,Global Conceptualism,,1999,"Global Conceptualism: Points of Origin 1950s-1980s, Queens Museum, Nueva York (1999, Farver/Camnitzer/Weiss y equipo de once curadores); itinerancia Walker/Miami/MIT List"
2797,Giovanni Anselmo,Magiciens de la Terre,,1989,"Magiciens de la Terre, Centre Pompidou / Grande Halle de la Villette, París (1989, Jean-Hubert Martin)"
2797,Giovanni Anselmo,When Attitudes Become Form,,1969,"When Attitudes Become Form «Live in Your Head», Kunsthalle Bern (1969, Harald Szeemann)"
2798,Gabriele Basilico,Bienal de Venecia,,,"Bienal de Venecia 2007 «Think with the Senses, Feel with the Mind», muestra internacional (Storr)"
2799,Jan Christiaan Braun,Bienal de Venecia,,,"Bienal de Venecia 2007 «Think with the Senses, Feel with the Mind», muestra internacional (Storr)"
2800,Daniel Buren,Bienal de La Habana,12,2015,12ª Bienal de La Habana «Entre la idea y la experiencia» (2015)
2800,Daniel Buren,Bienal de Venecia,,,"Bienal de Venecia 2007 «Think with the Senses, Feel with the Mind», muestra internacional (Storr)"
2800,Daniel Buren,Global Conceptualism,,1999,"Global Conceptualism: Points of Origin 1950s-1980s, Queens Museum, Nueva York (1999, Farver/Camnitzer/Weiss y equipo de once curadores); itinerancia Walker/Miami/MIT List"
2800,Daniel Buren,Magiciens de la Terre,,1989,"Magiciens de la Terre, Centre Pompidou / Grande Halle de la Villette, París (1989, Jean-Hubert Martin)"
2800,Daniel Buren,Praemium Imperiale,,2007,"Praemium Imperiale, pintura (2007)"
2801,Luca Buvoli,Bienal de Venecia,,,"Bienal de Venecia 2007 «Think with the Senses, Feel with the Mind», muestra internacional (Storr)"
2802,Waltercio Caldas,Bienal de São Paulo,33,,"33ª Bienal de São Paulo «Afinidades afetivas» (2018, Pérez-Barreiro)"
2802,Waltercio Caldas,Bienal de Venecia,,,"Bienal de Venecia 2007 «Think with the Senses, Feel with the Mind», muestra internacional (Storr)"
2802,Waltercio Caldas,Bienal do Mercosul,1,,"1ª Bienal do Mercosul (1997, Porto Alegre)"
2802,Waltercio Caldas,Bienal do Mercosul,6,,"6ª Bienal do Mercosul «A Terceira Margem do Rio» (2007, Pérez-Barreiro)"
2802,Waltercio Caldas,Colección Daros Latinamerica,,,"Colección Daros Latinamerica, Zúrich"
2802,Waltercio Caldas,Global Conceptualism,,1999,"Global Conceptualism: Points of Origin 1950s-1980s, Queens Museum, Nueva York (1999, Farver/Camnitzer/Weiss y equipo de once curadores); itinerancia Walker/Miami/MIT List"
2803,Paolo Canevari,Bienal de Venecia,,,"Bienal de Venecia 2007 «Think with the Senses, Feel with the Mind», muestra internacional (Storr)"
2804,Christian Capurro,Bienal de Venecia,,,"Bienal de Venecia 2007 «Think with the Senses, Feel with the Mind», muestra internacional (Storr)"
2805,Raoul De Keyser,Bienal de Venecia,,,"Bienal de Venecia 2007 «Think with the Senses, Feel with the Mind», muestra internacional (Storr)"
2806,Angelo Filomeno,Bienal de Venecia,,,"Bienal de Venecia 2007 «Think with the Senses, Feel with the Mind», muestra internacional (Storr)"
2807,Yukio Fujimoto,Bienal de Venecia,,,"Bienal de Venecia 2007 «Think with the Senses, Feel with the Mind», muestra internacional (Storr)"
2808,Rainer Ganahl,Bienal de Estambul,10,2007,"10ª Bienal de Estambul «Not Only Possible, But Also Necessary» (2007, Hou Hanru)"
2808,Rainer Ganahl,Bienal de Venecia,,,"Bienal de Venecia 2007 «Think with the Senses, Feel with the Mind», muestra internacional (Storr)"
2809,Tomer Ganihar,Bienal de Venecia,,,"Bienal de Venecia 2007 «Think with the Senses, Feel with the Mind», muestra internacional (Storr)"
2810,Felix Gmelin,Bienal de Venecia,,,"Bienal de Venecia 2007 «Think with the Senses, Feel with the Mind», muestra internacional (Storr)"
2811,Neil Hamon,Bienal de Venecia,,,"Bienal de Venecia 2007 «Think with the Senses, Feel with the Mind», muestra internacional (Storr)"
2812,Christine Hill,Bienal de Venecia,,,"Bienal de Venecia 2007 «Think with the Senses, Feel with the Mind», muestra internacional (Storr)"
2813,Marine Hugonnier,Bienal de Venecia,,,"Bienal de Venecia 2007 «Think with the Senses, Feel with the Mind», muestra internacional (Storr)"
2814,Ilya & Emilia Kabakov,Bienal de La Habana,12,2015,12ª Bienal de La Habana «Entre la idea y la experiencia» (2015)
2814,Ilya & Emilia Kabakov,Bienal de La Habana,11,2012,11ª Bienal de La Habana «Prácticas artísticas e imaginarios sociales» (2012)
2814,Ilya & Emilia Kabakov,Bienal de São Paulo,29,,"29ª Bienal de São Paulo «Há sempre um copo de mar para um homem navegar» (2010, dos Anjos/Farias)"
2814,Ilya & Emilia Kabakov,Bienal de Venecia,,,"Bienal de Venecia 2007 «Think with the Senses, Feel with the Mind», muestra internacional (Storr)"
2814,Ilya & Emilia Kabakov,Global Conceptualism,,1999,"Global Conceptualism: Points of Origin 1950s-1980s, Queens Museum, Nueva York (1999, Farver/Camnitzer/Weiss y equipo de once curadores); itinerancia Walker/Miami/MIT List"
2814,Ilya & Emilia Kabakov,Praemium Imperiale,,2008,"Praemium Imperiale, escultura (2008)"
2815,Y.Z. Kami,Bienal de Estambul,9,2005,"9ª Bienal de Estambul «İstanbul» (2005, Esche/Kortun)"
2815,Y.Z. Kami,Bienal de Venecia,,,"Bienal de Venecia 2007 «Think with the Senses, Feel with the Mind», muestra internacional (Storr)"
2816,Izumi Kato,Bienal de Venecia,,,"Bienal de Venecia 2007 «Think with the Senses, Feel with the Mind», muestra internacional (Storr)"
2817,Ellsworth Kelly,Bienal de Venecia,,,"Bienal de Venecia 2007 «Think with the Senses, Feel with the Mind», muestra internacional (Storr)"
2817,Ellsworth Kelly,Praemium Imperiale,,2000,"Praemium Imperiale, pintura (2000)"
2818,Riyas Komu,Bienal de Venecia,,,"Bienal de Venecia 2007 «Think with the Senses, Feel with the Mind», muestra internacional (Storr)"
2819,Guillermo Kuitca,Bienal de La Habana,9,2006,9ª Bienal de La Habana «Dinámicas de la cultura urbana» (2006)
2819,Guillermo Kuitca,Bienal de Venecia,,,"Bienal de Venecia 2007 «Think with the Senses, Feel with the Mind», muestra internacional (Storr)"
2819,Guillermo Kuitca,Colección Daros Latinamerica,,,"Colección Daros Latinamerica, Zúrich"
2820,Rosemary Laing,Bienal de Venecia,,,"Bienal de Venecia 2007 «Think with the Senses, Feel with the Mind», muestra internacional (Storr)"
2821,Sol LeWitt,Bienal de Venecia,,,"Bienal de Venecia 2007 «Think with the Senses, Feel with the Mind», muestra internacional (Storr)"
2821,Sol LeWitt,Global Conceptualism,,1999,"Global Conceptualism: Points of Origin 1950s-1980s, Queens Museum, Nueva York (1999, Farver/Camnitzer/Weiss y equipo de once curadores); itinerancia Walker/Miami/MIT List"
2821,Sol LeWitt,Information (MoMA 1970),,1970,"Information, The Museum of Modern Art, Nueva York (1970, Kynaston McShine)"
2821,Sol LeWitt,When Attitudes Become Form,,1969,"When Attitudes Become Form «Live in Your Head», Kunsthalle Bern (1969, Harald Szeemann)"
2822,Rosario López,Bienal de Venecia,,,"Bienal de Venecia 2007 «Think with the Senses, Feel with the Mind», muestra internacional (Storr)"
2823,Hiroharu Mori,Bienal de Venecia,,,"Bienal de Venecia 2007 «Think with the Senses, Feel with the Mind», muestra internacional (Storr)"
2824,Projeto Morrinho,Bienal de Venecia,,,"Bienal de Venecia 2007 «Think with the Senses, Feel with the Mind», muestra internacional (Storr)"
2825,Oscar Muñoz,Bienal de La Habana,6,1997,6ª Bienal de La Habana «El individuo y su memoria» (1997)
2825,Oscar Muñoz,Bienal de Venecia,,,"Bienal de Venecia 2007 «Think with the Senses, Feel with the Mind», muestra internacional (Storr)"
2825,Oscar Muñoz,CIFO Grants & Commissions,,2009,"CIFO Grants & Commissions, premiado/a (2009)"
2825,Oscar Muñoz,Colección Daros Latinamerica,,,"Colección Daros Latinamerica, Zúrich"
2826,Elizabeth Murray,Bienal de Venecia,,,"Bienal de Venecia 2007 «Think with the Senses, Feel with the Mind», muestra internacional (Storr)"
2827,Zoran Naskovski,Bienal de Venecia,,,"Bienal de Venecia 2007 «Think with the Senses, Feel with the Mind», muestra internacional (Storr)"
2828,Éyoum Ngangué & Faustin Titi,Bienal de Venecia,,,"Bienal de Venecia 2007 «Think with the Senses, Feel with the Mind», muestra internacional (Storr)"
2829,Thomas Nozkowski,Bienal de Venecia,,,"Bienal de Venecia 2007 «Think with the Senses, Feel with the Mind», muestra internacional (Storr)"
2830,Melik Ohanian,Bienal de Venecia,,,"Bienal de Venecia 2007 «Think with the Senses, Feel with the Mind», muestra internacional (Storr)"
2831,Sigmar Polke,Bienal de Venecia,,,"Bienal de Venecia 2007 «Think with the Senses, Feel with the Mind», muestra internacional (Storr)"
2831,Sigmar Polke,Magiciens de la Terre,,1989,"Magiciens de la Terre, Centre Pompidou / Grande Halle de la Villette, París (1989, Jean-Hubert Martin)"
2831,Sigmar Polke,Praemium Imperiale,,2002,"Praemium Imperiale, pintura (2002)"
2832,Emily Prince,Bienal de Venecia,,,"Bienal de Venecia 2007 «Think with the Senses, Feel with the Mind», muestra internacional (Storr)"
2833,José Alejandro Restrepo,Bienal de La Habana,7,2000,7ª Bienal de La Habana «Uno más cerca del otro» (2000-2001)
2833,José Alejandro Restrepo,Bienal de Venecia,,,"Bienal de Venecia 2007 «Think with the Senses, Feel with the Mind», muestra internacional (Storr)"
2833,José Alejandro Restrepo,CIFO Grants & Commissions,,2007,"CIFO Grants & Commissions, premiado/a (2007)"
2833,José Alejandro Restrepo,Colección Cisneros (CPPC),,2018,"Donación CPPC al MoMA, Contemporary Gift (2018)"
2833,José Alejandro Restrepo,Colección Daros Latinamerica,,,"Colección Daros Latinamerica, Zúrich"
2834,David Riff,Bienal de Venecia,,,"Bienal de Venecia 2007 «Think with the Senses, Feel with the Mind», muestra internacional (Storr)"
2835,Susan Rothenberg,Bienal de Venecia,,,"Bienal de Venecia 2007 «Think with the Senses, Feel with the Mind», muestra internacional (Storr)"
2836,Robert Ryman,Bienal de Venecia,,,"Bienal de Venecia 2007 «Think with the Senses, Feel with the Mind», muestra internacional (Storr)"
2836,Robert Ryman,Praemium Imperiale,,2005,"Praemium Imperiale, pintura (2005)"
2836,Robert Ryman,When Attitudes Become Form,,1969,"When Attitudes Become Form «Live in Your Head», Kunsthalle Bern (1969, Harald Szeemann)"
2837,Margaret Salmon,Bienal de Venecia,,,"Bienal de Venecia 2007 «Think with the Senses, Feel with the Mind», muestra internacional (Storr)"
2838,Chéri Samba,Bienal de Venecia,,,"Bienal de Venecia 2007 «Think with the Senses, Feel with the Mind», muestra internacional (Storr)"
2838,Chéri Samba,Magiciens de la Terre,,1989,"Magiciens de la Terre, Centre Pompidou / Grande Halle de la Villette, París (1989, Jean-Hubert Martin)"
2839,Nancy Spero,Bienal de Venecia,,,"Bienal de Venecia 2007 «Think with the Senses, Feel with the Mind», muestra internacional (Storr)"
2839,Nancy Spero,Magiciens de la Terre,,1989,"Magiciens de la Terre, Centre Pompidou / Grande Halle de la Villette, París (1989, Jean-Hubert Martin)"
2840,Tabaimo,Bienal de Venecia,,,"Bienal de Venecia 2007 «Think with the Senses, Feel with the Mind», muestra internacional (Storr)"
2841,Elaine Tedesco,Bienal de Venecia,,,"Bienal de Venecia 2007 «Think with the Senses, Feel with the Mind», muestra internacional (Storr)"
2842,Paula Trope,Bienal de La Habana,6,1997,6ª Bienal de La Habana «El individuo y su memoria» (1997)
2842,Paula Trope,Bienal de São Paulo,27,,"27ª Bienal de São Paulo «Como Viver Junto» (2006, Lagnado)"
2842,Paula Trope,Bienal de Venecia,,,"Bienal de Venecia 2007 «Think with the Senses, Feel with the Mind», muestra internacional (Storr)"
2843,Franz West,Bienal de Venecia,,,"Bienal de Venecia 2007 «Think with the Senses, Feel with the Mind», muestra internacional (Storr)"
2844,Yang Zhenzhong,Bienal de Venecia,,,"Bienal de Venecia 2007 «Think with the Senses, Feel with the Mind», muestra internacional (Storr)"
2845,Tomoko Yoneda,Bienal de Estambul,10,2007,"10ª Bienal de Estambul «Not Only Possible, But Also Necessary» (2007, Hou Hanru)"
2845,Tomoko Yoneda,Bienal de Venecia,,,"Bienal de Venecia 2007 «Think with the Senses, Feel with the Mind», muestra internacional (Storr)"
2846,Aida Harika Yanomami,Bienal de São Paulo,35,,"35ª Bienal de São Paulo «coreografias do impossível» (2023, Lima/Kilomba/Menezes/Borja-Villel)"
2847,Edmar Tokorino Yanomami,Bienal de São Paulo,35,,"35ª Bienal de São Paulo «coreografias do impossível» (2023, Lima/Kilomba/Menezes/Borja-Villel)"
2848,Roseane Yariana Yanomami,Bienal de São Paulo,35,,"35ª Bienal de São Paulo «coreografias do impossível» (2023, Lima/Kilomba/Menezes/Borja-Villel)"
2849,Aline Motta,Bienal de Sharjah,15,2023,"15ª Bienal de Sharjah «Thinking Historically in the Present» (2023, Hoor Al Qasimi, comisión 30 aniversario)"
2849,Aline Motta,Bienal de São Paulo,35,,"35ª Bienal de São Paulo «coreografias do impossível» (2023, Lima/Kilomba/Menezes/Borja-Villel)"
2850,Amador e Jr. Segurança Patrimonial Ltda.,Bienal de São Paulo,35,,"35ª Bienal de São Paulo «coreografias do impossível» (2023, Lima/Kilomba/Menezes/Borja-Villel)"
2851,Amos Gitaï,Bienal de São Paulo,35,,"35ª Bienal de São Paulo «coreografias do impossível» (2023, Lima/Kilomba/Menezes/Borja-Villel)"
2852,Ana Pi & Taata Kwa Nkisi Mutá Imê,Bienal de São Paulo,35,,"35ª Bienal de São Paulo «coreografias do impossível» (2023, Lima/Kilomba/Menezes/Borja-Villel)"
2853,Archivo de la Memoria Trans,Bienal de São Paulo,35,,"35ª Bienal de São Paulo «coreografias do impossível» (2023, Lima/Kilomba/Menezes/Borja-Villel)"
2854,Ayrson Heráclito,Bienal de São Paulo,35,,"35ª Bienal de São Paulo «coreografias do impossível» (2023, Lima/Kilomba/Menezes/Borja-Villel)"
2854,Ayrson Heráclito,Bienal do Mercosul,10,,"10ª Bienal do Mercosul «Mensagens de uma Nova América» (2015, Fidelis)"
2855,Tiganá Santana,Bienal de São Paulo,35,,"35ª Bienal de São Paulo «coreografias do impossível» (2023, Lima/Kilomba/Menezes/Borja-Villel)"
2856,Benvenuto Chavajay,Bienal de Cuenca,14,,"14ª Bienal de Cuenca «Estructuras Vivientes» (2018, Fuenmayor)"
2856,Benvenuto Chavajay,Bienal de São Paulo,35,,"35ª Bienal de São Paulo «coreografias do impossível» (2023, Lima/Kilomba/Menezes/Borja-Villel)"
2857,Bouchra Ouizguen,Bienal de São Paulo,35,,"35ª Bienal de São Paulo «coreografias do impossível» (2023, Lima/Kilomba/Menezes/Borja-Villel)"
2858,Cabello/Carceller,Bienal de São Paulo,35,,"35ª Bienal de São Paulo «coreografias do impossível» (2023, Lima/Kilomba/Menezes/Borja-Villel)"
2859,Carlos Bunga,Bienal de São Paulo,35,,"35ª Bienal de São Paulo «coreografias do impossível» (2023, Lima/Kilomba/Menezes/Borja-Villel)"
2859,Carlos Bunga,Bienal de São Paulo,29,,"29ª Bienal de São Paulo «Há sempre um copo de mar para um homem navegar» (2010, dos Anjos/Farias)"
2860,Carmézia Emiliano,Bienal de São Paulo,35,,"35ª Bienal de São Paulo «coreografias do impossível» (2023, Lima/Kilomba/Menezes/Borja-Villel)"
2861,Castiel Vitorino Brasileiro,Bienal de São Paulo,35,,"35ª Bienal de São Paulo «coreografias do impossível» (2023, Lima/Kilomba/Menezes/Borja-Villel)"
2862,Citra Sasmita,Bienal de São Paulo,35,,"35ª Bienal de São Paulo «coreografias do impossível» (2023, Lima/Kilomba/Menezes/Borja-Villel)"
2863,Colectivo Ayllu,Bienal de São Paulo,35,,"35ª Bienal de São Paulo «coreografias do impossível» (2023, Lima/Kilomba/Menezes/Borja-Villel)"
2864,Cozinha Ocupação 9 de Julho – MSTC,Bienal de São Paulo,35,,"35ª Bienal de São Paulo «coreografias do impossível» (2023, Lima/Kilomba/Menezes/Borja-Villel)"
2865,Daniel Lie,Bienal de São Paulo,35,,"35ª Bienal de São Paulo «coreografias do impossível» (2023, Lima/Kilomba/Menezes/Borja-Villel)"
2866,Davi Pontes & Wallace Ferreira,Bienal de São Paulo,35,,"35ª Bienal de São Paulo «coreografias do impossível» (2023, Lima/Kilomba/Menezes/Borja-Villel)"
2867,Dayanita Singh,Bienal de São Paulo,35,,"35ª Bienal de São Paulo «coreografias do impossível» (2023, Lima/Kilomba/Menezes/Borja-Villel)"
2868,Deborah Anzinger,Bienal de São Paulo,35,,"35ª Bienal de São Paulo «coreografias do impossível» (2023, Lima/Kilomba/Menezes/Borja-Villel)"
2869,Denilson Baniwa,Bienal de São Paulo,35,,"35ª Bienal de São Paulo «coreografias do impossível» (2023, Lima/Kilomba/Menezes/Borja-Villel)"
2870,Denise Ferreira da Silva,Bienal de São Paulo,35,,"35ª Bienal de São Paulo «coreografias do impossível» (2023, Lima/Kilomba/Menezes/Borja-Villel)"
2871,Diego Araúja & Laís Machado,Bienal de São Paulo,35,,"35ª Bienal de São Paulo «coreografias do impossível» (2023, Lima/Kilomba/Menezes/Borja-Villel)"
2872,Edgar Calel,Bienal de São Paulo,35,,"35ª Bienal de São Paulo «coreografias do impossível» (2023, Lima/Kilomba/Menezes/Borja-Villel)"
2873,Elda Cerrato,Bienal de São Paulo,35,,"35ª Bienal de São Paulo «coreografias do impossível» (2023, Lima/Kilomba/Menezes/Borja-Villel)"
2873,Elda Cerrato,Premio Velázquez,,2022,Premio Velázquez de las Artes Plásticas (2022)
2874,Eustáquio Neves,Bienal de La Habana,6,1997,6ª Bienal de La Habana «El individuo y su memoria» (1997)
2874,Eustáquio Neves,Bienal de São Paulo,35,,"35ª Bienal de São Paulo «coreografias do impossível» (2023, Lima/Kilomba/Menezes/Borja-Villel)"
2875,flo6x8,Bienal de São Paulo,35,,"35ª Bienal de São Paulo «coreografias do impossível» (2023, Lima/Kilomba/Menezes/Borja-Villel)"
2876,Frente 3 de Fevereiro,Bienal de São Paulo,35,,"35ª Bienal de São Paulo «coreografias do impossível» (2023, Lima/Kilomba/Menezes/Borja-Villel)"
2877,Geraldine Javier,Bienal de São Paulo,35,,"35ª Bienal de São Paulo «coreografias do impossível» (2023, Lima/Kilomba/Menezes/Borja-Villel)"
2878,Grupo de Investigación en Arte y Política (GIAP),Bienal de São Paulo,35,,"35ª Bienal de São Paulo «coreografias do impossível» (2023, Lima/Kilomba/Menezes/Borja-Villel)"
2879,Guadalupe Maravilla,Bienal de São Paulo,35,,"35ª Bienal de São Paulo «coreografias do impossível» (2023, Lima/Kilomba/Menezes/Borja-Villel)"
2880,Ilze Wolff,Bienal de São Paulo,35,,"35ª Bienal de São Paulo «coreografias do impossível» (2023, Lima/Kilomba/Menezes/Borja-Villel)"
2881,Inaicyra Falcão,Bienal de São Paulo,35,,"35ª Bienal de São Paulo «coreografias do impossível» (2023, Lima/Kilomba/Menezes/Borja-Villel)"
2882,Januário Jano,Bienal de São Paulo,35,,"35ª Bienal de São Paulo «coreografias do impossível» (2023, Lima/Kilomba/Menezes/Borja-Villel)"
2883,Jesús Ruiz Durand,Bienal de São Paulo,35,,"35ª Bienal de São Paulo «coreografias do impossível» (2023, Lima/Kilomba/Menezes/Borja-Villel)"
2884,Jorge Ribalta,Bienal de São Paulo,35,,"35ª Bienal de São Paulo «coreografias do impossível» (2023, Lima/Kilomba/Menezes/Borja-Villel)"
2885,Julien Creuzet,Bienal de São Paulo,35,,"35ª Bienal de São Paulo «coreografias do impossível» (2023, Lima/Kilomba/Menezes/Borja-Villel)"
2886,Kamal Aljafari,Bienal de São Paulo,35,,"35ª Bienal de São Paulo «coreografias do impossível» (2023, Lima/Kilomba/Menezes/Borja-Villel)"
2887,Luana Vitra,Bienal de São Paulo,35,,"35ª Bienal de São Paulo «coreografias do impossível» (2023, Lima/Kilomba/Menezes/Borja-Villel)"
2888,Luiz de Abreu,Bienal de São Paulo,35,,"35ª Bienal de São Paulo «coreografias do impossível» (2023, Lima/Kilomba/Menezes/Borja-Villel)"
2889,Malu Avelar,Bienal de São Paulo,35,,"35ª Bienal de São Paulo «coreografias do impossível» (2023, Lima/Kilomba/Menezes/Borja-Villel)"
2890,Manuel Chavajay,Bienal de São Paulo,35,,"35ª Bienal de São Paulo «coreografias do impossível» (2023, Lima/Kilomba/Menezes/Borja-Villel)"
2891,Marilyn Boror Bor,Bienal de São Paulo,35,,"35ª Bienal de São Paulo «coreografias do impossível» (2023, Lima/Kilomba/Menezes/Borja-Villel)"
2892,M'barek Bouhchichi,Bienal de São Paulo,35,,"35ª Bienal de São Paulo «coreografias do impossível» (2023, Lima/Kilomba/Menezes/Borja-Villel)"
2893,Min Tanaka,Bienal de São Paulo,35,,"35ª Bienal de São Paulo «coreografias do impossível» (2023, Lima/Kilomba/Menezes/Borja-Villel)"
2894,François Pain,Bienal de São Paulo,35,,"35ª Bienal de São Paulo «coreografias do impossível» (2023, Lima/Kilomba/Menezes/Borja-Villel)"
2895,Morzaniel Ɨramari,Bienal de São Paulo,35,,"35ª Bienal de São Paulo «coreografias do impossível» (2023, Lima/Kilomba/Menezes/Borja-Villel)"
2896,Nadal Walcot,Bienal de São Paulo,35,,"35ª Bienal de São Paulo «coreografias do impossível» (2023, Lima/Kilomba/Menezes/Borja-Villel)"
2897,Nadir Bouhmouch & Soumeya Ait Ahmed,Bienal de São Paulo,35,,"35ª Bienal de São Paulo «coreografias do impossível» (2023, Lima/Kilomba/Menezes/Borja-Villel)"
2898,Nikau Hindin,Bienal de São Paulo,35,,"35ª Bienal de São Paulo «coreografias do impossível» (2023, Lima/Kilomba/Menezes/Borja-Villel)"
2899,Nontsikelelo Mutiti,Bienal de São Paulo,35,,"35ª Bienal de São Paulo «coreografias do impossível» (2023, Lima/Kilomba/Menezes/Borja-Villel)"
2900,Patricia Gómez & María Jesús González,Bienal de São Paulo,35,,"35ª Bienal de São Paulo «coreografias do impossível» (2023, Lima/Kilomba/Menezes/Borja-Villel)"
2901,Pauline Boudry / Renate Lorenz,Bienal de São Paulo,35,,"35ª Bienal de São Paulo «coreografias do impossível» (2023, Lima/Kilomba/Menezes/Borja-Villel)"
2902,Philip Rizk,Bienal de São Paulo,35,,"35ª Bienal de São Paulo «coreografias do impossível» (2023, Lima/Kilomba/Menezes/Borja-Villel)"
2903,Raquel Lima,Bienal de São Paulo,35,,"35ª Bienal de São Paulo «coreografias do impossível» (2023, Lima/Kilomba/Menezes/Borja-Villel)"
2904,Ricardo Aleixo,Bienal de São Paulo,35,,"35ª Bienal de São Paulo «coreografias do impossível» (2023, Lima/Kilomba/Menezes/Borja-Villel)"
2905,Rolando Castellón,Bienal de São Paulo,35,,"35ª Bienal de São Paulo «coreografias do impossível» (2023, Lima/Kilomba/Menezes/Borja-Villel)"
2906,Rommulo Vieira Conceição,Bienal de São Paulo,35,,"35ª Bienal de São Paulo «coreografias do impossível» (2023, Lima/Kilomba/Menezes/Borja-Villel)"
2907,Rosa Gauditano,Bienal de São Paulo,35,,"35ª Bienal de São Paulo «coreografias do impossível» (2023, Lima/Kilomba/Menezes/Borja-Villel)"
2908,Rubiane Maia,Bienal de São Paulo,35,,"35ª Bienal de São Paulo «coreografias do impossível» (2023, Lima/Kilomba/Menezes/Borja-Villel)"
2909,Tadáskía,Bienal de São Paulo,35,,"35ª Bienal de São Paulo «coreografias do impossível» (2023, Lima/Kilomba/Menezes/Borja-Villel)"
2910,The Living and the Dead Ensemble,Bienal de Sharjah,15,2023,"15ª Bienal de Sharjah «Thinking Historically in the Present» (2023, Hoor Al Qasimi)"
2910,The Living and the Dead Ensemble,Bienal de São Paulo,35,,"35ª Bienal de São Paulo «coreografias do impossível» (2023, Lima/Kilomba/Menezes/Borja-Villel)"
2911,Ventura Profana,Bienal de São Paulo,35,,"35ª Bienal de São Paulo «coreografias do impossível» (2023, Lima/Kilomba/Menezes/Borja-Villel)"
2912,Will Rawls,Bienal de São Paulo,35,,"35ª Bienal de São Paulo «coreografias do impossível» (2023, Lima/Kilomba/Menezes/Borja-Villel)"
2913,Zumví Arquivo Afro Fotográfico,Bienal de São Paulo,35,,"35ª Bienal de São Paulo «coreografias do impossível» (2023, Lima/Kilomba/Menezes/Borja-Villel)"
2914,Adrián Balseca,Bienal de Cuenca,14,,"14ª Bienal de Cuenca «Estructuras Vivientes» (2018, Fuenmayor)"
2914,Adrián Balseca,Bienal de São Paulo,34,,"34ª Bienal de São Paulo «Faz escuro mas eu canto» (2021, Crivelli Visconti)"
2914,Adrián Balseca,CIFO Grants & Commissions,,2015,"CIFO Grants & Commissions, premiado/a (2015)"
2914,Adrián Balseca,Colección Cisneros (CPPC),,2018,"Donación CPPC al MALI, Lima (2018)"
2915,Alex Katz,Bienal de São Paulo,34,,"34ª Bienal de São Paulo «Faz escuro mas eu canto» (2021, Crivelli Visconti)"
2916,Alice Shintani,Bienal de São Paulo,34,,"34ª Bienal de São Paulo «Faz escuro mas eu canto» (2021, Crivelli Visconti)"
2917,Ana Adamovic,Bienal de São Paulo,34,,"34ª Bienal de São Paulo «Faz escuro mas eu canto» (2021, Crivelli Visconti)"
2918,Arjan Martins,Bienal de São Paulo,34,,"34ª Bienal de São Paulo «Faz escuro mas eu canto» (2021, Crivelli Visconti)"
2918,Arjan Martins,Bienal do Mercosul,11,,"11ª Bienal do Mercosul «O Triângulo Atlântico» (2018, Hug/Borghi)"
2919,Clara Ianni,Bienal de São Paulo,34,,"34ª Bienal de São Paulo «Faz escuro mas eu canto» (2021, Crivelli Visconti)"
2919,Clara Ianni,Bienal de São Paulo,31,,"31ª Bienal de São Paulo «Como falar de coisas que não existem» (2014, Esche)"
2920,Daiara Tukano,Bienal de São Paulo,34,,"34ª Bienal de São Paulo «Faz escuro mas eu canto» (2021, Crivelli Visconti)"
2921,Daniel de Paula,Bienal de São Paulo,34,,"34ª Bienal de São Paulo «Faz escuro mas eu canto» (2021, Crivelli Visconti)"
2922,Dirk Braeckman,Bienal de São Paulo,34,,"34ª Bienal de São Paulo «Faz escuro mas eu canto» (2021, Crivelli Visconti)"
2923,E.B. Itso,Bienal de São Paulo,34,,"34ª Bienal de São Paulo «Faz escuro mas eu canto» (2021, Crivelli Visconti)"
2924,Edurne Rubio,Bienal de São Paulo,34,,"34ª Bienal de São Paulo «Faz escuro mas eu canto» (2021, Crivelli Visconti)"
2925,Eleonora Fabião,Bienal de São Paulo,34,,"34ª Bienal de São Paulo «Faz escuro mas eu canto» (2021, Crivelli Visconti)"
2926,Uýra,Bienal de São Paulo,34,,"34ª Bienal de São Paulo «Faz escuro mas eu canto» (2021, Crivelli Visconti)"
2927,Giorgio Griffa,Bienal de São Paulo,34,,"34ª Bienal de São Paulo «Faz escuro mas eu canto» (2021, Crivelli Visconti)"
2928,Grace Passô,Bienal de São Paulo,34,,"34ª Bienal de São Paulo «Faz escuro mas eu canto» (2021, Crivelli Visconti)"
2929,Guan Xiao,Bienal de São Paulo,34,,"34ª Bienal de São Paulo «Faz escuro mas eu canto» (2021, Crivelli Visconti)"
2930,Gustavo Caboco,Bienal de São Paulo,34,,"34ª Bienal de São Paulo «Faz escuro mas eu canto» (2021, Crivelli Visconti)"
2931,Hanni Kamaly,Bienal de Sharjah,15,2023,"15ª Bienal de Sharjah «Thinking Historically in the Present» (2023, Hoor Al Qasimi)"
2931,Hanni Kamaly,Bienal de São Paulo,34,,"34ª Bienal de São Paulo «Faz escuro mas eu canto» (2021, Crivelli Visconti)"
2932,Hsu Che-Yu,Bienal de São Paulo,34,,"34ª Bienal de São Paulo «Faz escuro mas eu canto» (2021, Crivelli Visconti)"
2933,Jaune Quick-to-See Smith,Bienal de São Paulo,34,,"34ª Bienal de São Paulo «Faz escuro mas eu canto» (2021, Crivelli Visconti)"
2934,José Antonio Vega Macotela,Bienal de São Paulo,34,,"34ª Bienal de São Paulo «Faz escuro mas eu canto» (2021, Crivelli Visconti)"
2934,José Antonio Vega Macotela,Bienal de São Paulo,29,,"29ª Bienal de São Paulo «Há sempre um copo de mar para um homem navegar» (2010, dos Anjos/Farias)"
2935,Jungjin Lee,Bienal de São Paulo,34,,"34ª Bienal de São Paulo «Faz escuro mas eu canto» (2021, Crivelli Visconti)"
2936,Juraci Dórea,Bienal de São Paulo,34,,"34ª Bienal de São Paulo «Faz escuro mas eu canto» (2021, Crivelli Visconti)"
2936,Juraci Dórea,Bienal do Mercosul,10,,"10ª Bienal do Mercosul «Mensagens de uma Nova América» (2015, Fidelis)"
2937,Kelly Sinnapah Mary,Bienal de São Paulo,34,,"34ª Bienal de São Paulo «Faz escuro mas eu canto» (2021, Crivelli Visconti)"
2938,Koki Tanaka,Bienal de São Paulo,34,,"34ª Bienal de São Paulo «Faz escuro mas eu canto» (2021, Crivelli Visconti)"
2939,Lee Scratch Perry,Bienal de São Paulo,34,,"34ª Bienal de São Paulo «Faz escuro mas eu canto» (2021, Crivelli Visconti)"
2940,Luisa Cunha,Bienal de São Paulo,34,,"34ª Bienal de São Paulo «Faz escuro mas eu canto» (2021, Crivelli Visconti)"
2941,Carmela Gross,Bienal de São Paulo,34,,"34ª Bienal de São Paulo «Faz escuro mas eu canto» (2021, Crivelli Visconti)"
2941,Carmela Gross,Radical Women,,2017,"Radical Women: Latin American Art 1960-1985, Hammer Museum (2017, Fajardo-Hill/Giunta); itinerancia Brooklyn Museum y Pinacoteca de São Paulo (2018)"
2942,Mariana Caló & Francisco Queimadela,Bienal de São Paulo,34,,"34ª Bienal de São Paulo «Faz escuro mas eu canto» (2021, Crivelli Visconti)"
2943,Marinella Senatore,Bienal de São Paulo,34,,"34ª Bienal de São Paulo «Faz escuro mas eu canto» (2021, Crivelli Visconti)"
2944,Marissa Lee Benedict & David Rueter,Bienal de São Paulo,34,,"34ª Bienal de São Paulo «Faz escuro mas eu canto» (2021, Crivelli Visconti)"
2945,Mette Edvardsen,Bienal de São Paulo,34,,"34ª Bienal de São Paulo «Faz escuro mas eu canto» (2021, Crivelli Visconti)"
2946,Musa Michelle Mattiuzzi,Bienal de São Paulo,34,,"34ª Bienal de São Paulo «Faz escuro mas eu canto» (2021, Crivelli Visconti)"
2947,Naomi Rincón Gallardo,Bienal de São Paulo,34,,"34ª Bienal de São Paulo «Faz escuro mas eu canto» (2021, Crivelli Visconti)"
2948,Neo Muyanga,Bienal de São Paulo,34,,"34ª Bienal de São Paulo «Faz escuro mas eu canto» (2021, Crivelli Visconti)"
2949,Nina Beier,Bienal de São Paulo,34,,"34ª Bienal de São Paulo «Faz escuro mas eu canto» (2021, Crivelli Visconti)"
2950,Olivia Plender,Bienal de São Paulo,34,,"34ª Bienal de São Paulo «Faz escuro mas eu canto» (2021, Crivelli Visconti)"
2951,Paulo Kapela,Bienal de São Paulo,34,,"34ª Bienal de São Paulo «Faz escuro mas eu canto» (2021, Crivelli Visconti)"
2952,Philipp Fleischmann,Bienal de São Paulo,34,,"34ª Bienal de São Paulo «Faz escuro mas eu canto» (2021, Crivelli Visconti)"
2953,Regina Silveira,Bienal de La Habana,12,2015,12ª Bienal de La Habana «Entre la idea y la experiencia» (2015)
2953,Regina Silveira,Bienal de São Paulo,34,,"34ª Bienal de São Paulo «Faz escuro mas eu canto» (2021, Crivelli Visconti)"
2953,Regina Silveira,Radical Women,,2017,"Radical Women: Latin American Art 1960-1985, Hammer Museum (2017, Fajardo-Hill/Giunta); itinerancia Brooklyn Museum y Pinacoteca de São Paulo (2018)"
2954,Sueli Maxakali,Bienal de São Paulo,34,,"34ª Bienal de São Paulo «Faz escuro mas eu canto» (2021, Crivelli Visconti)"
2955,Sung Tieu,Bienal de Gwangju,15,2024,"15ª Bienal de Gwangju «Pansori, a soundscape of the 21st century» (2024, Nicolas Bourriaud)"
2955,Sung Tieu,Bienal de São Paulo,34,,"34ª Bienal de São Paulo «Faz escuro mas eu canto» (2021, Crivelli Visconti)"
2956,Trajal Harrell,Bienal de Gwangju,13,2021,"13ª Bienal de Gwangju «Minds Rising, Spirits Tuning» (2021, Defne Ayas y Natasha Ginwala)"
2956,Trajal Harrell,Bienal de São Paulo,34,,"34ª Bienal de São Paulo «Faz escuro mas eu canto» (2021, Crivelli Visconti)"
2957,Victor Anicet,Bienal de São Paulo,34,,"34ª Bienal de São Paulo «Faz escuro mas eu canto» (2021, Crivelli Visconti)"
2958,Vincent Meessen,Bienal de Cuenca,16,,"16ª Bienal de Cuenca (2023, Barenblit)"
2958,Vincent Meessen,Bienal de São Paulo,34,,"34ª Bienal de São Paulo «Faz escuro mas eu canto» (2021, Crivelli Visconti)"
2959,Ximena Garrido-Lecca,Bienal de São Paulo,34,,"34ª Bienal de São Paulo «Faz escuro mas eu canto» (2021, Crivelli Visconti)"
2959,Ximena Garrido-Lecca,Premio Julius Baer,,2022,"Premio Julius Baer a las artistas latinoamericanas, finalista de la II edición (2022)"
2960,Yuko Mohri,Bienal de São Paulo,34,,"34ª Bienal de São Paulo «Faz escuro mas eu canto» (2021, Crivelli Visconti)"
2961,Zina Saro-Wiwa,Bienal de São Paulo,34,,"34ª Bienal de São Paulo «Faz escuro mas eu canto» (2021, Crivelli Visconti)"
2962,Wura-Natasha Ogunji,Bienal de São Paulo,33,,"33ª Bienal de São Paulo «Afinidades afetivas» (2018, Pérez-Barreiro)"
2963,Lhola Amira,Bienal de São Paulo,33,,"33ª Bienal de São Paulo «Afinidades afetivas» (2018, Pérez-Barreiro)"
2964,Mame-Diarra Niang,Bienal de Sharjah,15,2023,"15ª Bienal de Sharjah «Thinking Historically in the Present» (2023, Hoor Al Qasimi)"
2964,Mame-Diarra Niang,Bienal de São Paulo,33,,"33ª Bienal de São Paulo «Afinidades afetivas» (2018, Pérez-Barreiro)"
2964,Mame-Diarra Niang,Bienal do Mercosul,11,,"11ª Bienal do Mercosul «O Triângulo Atlântico» (2018, Hug/Borghi)"
2964,Mame-Diarra Niang,Dak'Art,,,"Dak'Art, 15ª Bienal de Dakar «The Wake» (2024, Salimata Diop)"
2965,Nicole Vlado,Bienal de São Paulo,33,,"33ª Bienal de São Paulo «Afinidades afetivas» (2018, Pérez-Barreiro)"
2966,ruby onyinyechi amanze,Bienal de São Paulo,33,,"33ª Bienal de São Paulo «Afinidades afetivas» (2018, Pérez-Barreiro)"
2967,Youmna Chlala,Bienal de São Paulo,33,,"33ª Bienal de São Paulo «Afinidades afetivas» (2018, Pérez-Barreiro)"
2968,Sofia Borges,Bienal de São Paulo,33,,"33ª Bienal de São Paulo «Afinidades afetivas» (2018, Pérez-Barreiro)"
2968,Sofia Borges,Bienal de São Paulo,30,,"30ª Bienal de São Paulo «A iminência das poéticas» (2012, Pérez-Oramas)"
2969,Ana Prata,Bienal de São Paulo,33,,"33ª Bienal de São Paulo «Afinidades afetivas» (2018, Pérez-Barreiro)"
2970,Antonio Malta Campos,Bienal de São Paulo,33,,"33ª Bienal de São Paulo «Afinidades afetivas» (2018, Pérez-Barreiro)"
2970,Antonio Malta Campos,Bienal de São Paulo,32,,"32ª Bienal de São Paulo «Incerteza Viva» (2016, Volz)"
2971,Bruno Dunley,Bienal de São Paulo,33,,"33ª Bienal de São Paulo «Afinidades afetivas» (2018, Pérez-Barreiro)"
2972,Jennifer Tee,Bienal de São Paulo,33,,"33ª Bienal de São Paulo «Afinidades afetivas» (2018, Pérez-Barreiro)"
2973,Leda Catunda,Bienal de São Paulo,33,,"33ª Bienal de São Paulo «Afinidades afetivas» (2018, Pérez-Barreiro)"
2974,Rafael Carneiro,Bienal de São Paulo,33,,"33ª Bienal de São Paulo «Afinidades afetivas» (2018, Pérez-Barreiro)"
2975,Tal Isaac Hadad,Bienal de São Paulo,33,,"33ª Bienal de São Paulo «Afinidades afetivas» (2018, Pérez-Barreiro)"
2976,Thomas Dupal,Bienal de São Paulo,33,,"33ª Bienal de São Paulo «Afinidades afetivas» (2018, Pérez-Barreiro)"
2977,Antonio Dias,Bienal de São Paulo,33,,"33ª Bienal de São Paulo «Afinidades afetivas» (2018, Pérez-Barreiro)"
2977,Antonio Dias,Bienal de São Paulo,29,,"29ª Bienal de São Paulo «Há sempre um copo de mar para um homem navegar» (2010, dos Anjos/Farias)"
2977,Antonio Dias,Bienal do Mercosul,1,,"1ª Bienal do Mercosul (1997, Porto Alegre)"
2977,Antonio Dias,Bienal do Mercosul,10,,"10ª Bienal do Mercosul «Mensagens de uma Nova América» (2015, Fidelis)"
2977,Antonio Dias,Colección Daros Latinamerica,,,"Colección Daros Latinamerica, Zúrich"
2977,Antonio Dias,Global Conceptualism,,1999,"Global Conceptualism: Points of Origin 1950s-1980s, Queens Museum, Nueva York (1999, Farver/Camnitzer/Weiss y equipo de once curadores); itinerancia Walker/Miami/MIT List"
2978,Cabelo,Bienal de São Paulo,33,,"33ª Bienal de São Paulo «Afinidades afetivas» (2018, Pérez-Barreiro)"
2978,Cabelo,Bienal de São Paulo,26,,"26ª Bienal de São Paulo «Território Livre» (2004, Hug)"
2979,José Resende,Bienal de São Paulo,33,,"33ª Bienal de São Paulo «Afinidades afetivas» (2018, Pérez-Barreiro)"
2980,Miguel Rio Branco,Bienal de São Paulo,33,,"33ª Bienal de São Paulo «Afinidades afetivas» (2018, Pérez-Barreiro)"
2980,Miguel Rio Branco,Bienal de São Paulo,29,,"29ª Bienal de São Paulo «Há sempre um copo de mar para um homem navegar» (2010, dos Anjos/Farias)"
2980,Miguel Rio Branco,Colección Cisneros (CPPC),,2018,"Donación CPPC al MoMA, Contemporary Gift (2018)"
2980,Miguel Rio Branco,Colección Daros Latinamerica,,,"Colección Daros Latinamerica, Zúrich"
2981,Claudia Fontes,Bienal de São Paulo,33,,"33ª Bienal de São Paulo «Afinidades afetivas» (2018, Pérez-Barreiro)"
2982,Ben Rivers,Bienal de São Paulo,33,,"33ª Bienal de São Paulo «Afinidades afetivas» (2018, Pérez-Barreiro)"
2983,Daniel Bozhkov,Bienal de Estambul,9,2005,"9ª Bienal de Estambul «İstanbul» (2005, Esche/Kortun)"
2983,Daniel Bozhkov,Bienal de São Paulo,33,,"33ª Bienal de São Paulo «Afinidades afetivas» (2018, Pérez-Barreiro)"
2983,Daniel Bozhkov,Bienal do Mercosul,6,,"6ª Bienal do Mercosul «A Terceira Margem do Rio» (2007, Pérez-Barreiro)"
2984,Elba Bairon,Bienal de São Paulo,33,,"33ª Bienal de São Paulo «Afinidades afetivas» (2018, Pérez-Barreiro)"
2985,Katrín Sigurdardóttir,Bienal de São Paulo,33,,"33ª Bienal de São Paulo «Afinidades afetivas» (2018, Pérez-Barreiro)"
2986,Pablo Martín Ruiz,Bienal de São Paulo,33,,"33ª Bienal de São Paulo «Afinidades afetivas» (2018, Pérez-Barreiro)"
2987,Paola Sferco,Bienal de São Paulo,33,,"33ª Bienal de São Paulo «Afinidades afetivas» (2018, Pérez-Barreiro)"
2988,Roderick Hietbrink,Bienal de São Paulo,33,,"33ª Bienal de São Paulo «Afinidades afetivas» (2018, Pérez-Barreiro)"
2989,Sebastián Castagna,Bienal de São Paulo,33,,"33ª Bienal de São Paulo «Afinidades afetivas» (2018, Pérez-Barreiro)"
2990,Žilvinas Landzbergas,Bienal de São Paulo,33,,"33ª Bienal de São Paulo «Afinidades afetivas» (2018, Pérez-Barreiro)"
2991,Mamma Andersson,Bienal de São Paulo,33,,"33ª Bienal de São Paulo «Afinidades afetivas» (2018, Pérez-Barreiro)"
2992,Gunvor Nelson,Bienal de São Paulo,33,,"33ª Bienal de São Paulo «Afinidades afetivas» (2018, Pérez-Barreiro)"
2993,José Moreno Cascales,Bienal de São Paulo,33,,"33ª Bienal de São Paulo «Afinidades afetivas» (2018, Pérez-Barreiro)"
2994,Rafael Sánchez-Mateos Paniagua,Bienal de São Paulo,33,,"33ª Bienal de São Paulo «Afinidades afetivas» (2018, Pérez-Barreiro)"
2995,John Miller,Bienal de São Paulo,33,,"33ª Bienal de São Paulo «Afinidades afetivas» (2018, Pérez-Barreiro)"
2996,Oliver Laric,Bienal de São Paulo,33,,"33ª Bienal de São Paulo «Afinidades afetivas» (2018, Pérez-Barreiro)"
2997,Siron Franco,Bienal de São Paulo,33,,"33ª Bienal de São Paulo «Afinidades afetivas» (2018, Pérez-Barreiro)"
2997,Siron Franco,Bienal do Mercosul,1,,"1ª Bienal do Mercosul (1997, Porto Alegre)"
2998,Maria Laet,Bienal de São Paulo,33,,"33ª Bienal de São Paulo «Afinidades afetivas» (2018, Pérez-Barreiro)"
2999,Tamar Guimarães,Bienal de São Paulo,33,,"33ª Bienal de São Paulo «Afinidades afetivas» (2018, Pérez-Barreiro)"
2999,Tamar Guimarães,Bienal de São Paulo,31,,"31ª Bienal de São Paulo «Como falar de coisas que não existem» (2014, Esche)"
2999,Tamar Guimarães,Bienal de São Paulo,29,,"29ª Bienal de São Paulo «Há sempre um copo de mar para um homem navegar» (2010, dos Anjos/Farias)"
2999,Tamar Guimarães,CIFO Grants & Commissions,,2012,"CIFO Grants & Commissions, premiado/a (2012)"
2999,Tamar Guimarães,Under the Same Sun,,2014,"Under the Same Sun: Art from Latin America Today, Guggenheim, Nueva York (2014, Pablo León de la Barra)"
3000,Nelson Felix,Bienal de São Paulo,33,,"33ª Bienal de São Paulo «Afinidades afetivas» (2018, Pérez-Barreiro)"
3001,Vânia Mignone,Bienal de São Paulo,33,,"33ª Bienal de São Paulo «Afinidades afetivas» (2018, Pérez-Barreiro)"
3002,Alejandro Corujeira,Bienal de São Paulo,33,,"33ª Bienal de São Paulo «Afinidades afetivas» (2018, Pérez-Barreiro)"
3003,Luiza Crosman,Bienal de São Paulo,33,,"33ª Bienal de São Paulo «Afinidades afetivas» (2018, Pérez-Barreiro)"
3004,Denise Milan,Bienal de São Paulo,33,,"33ª Bienal de São Paulo «Afinidades afetivas» (2018, Pérez-Barreiro)"
3004,Denise Milan,Bienal do Mercosul,13,,"13ª Bienal do Mercosul «Trauma, sonho e fuga» (2022, Dantas)"
3005,Bruno Moreschi,Bienal de São Paulo,33,,"33ª Bienal de São Paulo «Afinidades afetivas» (2018, Pérez-Barreiro)"
3006,Alicia Barney,Bienal de São Paulo,32,,"32ª Bienal de São Paulo «Incerteza Viva» (2016, Volz)"
3006,Alicia Barney,Radical Women,,2017,"Radical Women: Latin American Art 1960-1985, Hammer Museum (2017, Fajardo-Hill/Giunta); itinerancia Brooklyn Museum y Pinacoteca de São Paulo (2018)"
3007,Ana Mazzei,Bienal de Cuenca,14,,"14ª Bienal de Cuenca «Estructuras Vivientes» (2018, Fuenmayor)"
3007,Ana Mazzei,Bienal de São Paulo,32,,"32ª Bienal de São Paulo «Incerteza Viva» (2016, Volz)"
3008,Bárbara Wagner,Bienal de São Paulo,32,,"32ª Bienal de São Paulo «Incerteza Viva» (2016, Volz)"
3009,Bené Fonteles,Bienal de São Paulo,32,,"32ª Bienal de São Paulo «Incerteza Viva» (2016, Volz)"
3010,Carla Filipe,Bienal de São Paulo,32,,"32ª Bienal de São Paulo «Incerteza Viva» (2016, Volz)"
3011,Cecilia Bengolea,Bienal de Gwangju,13,2021,"13ª Bienal de Gwangju «Minds Rising, Spirits Tuning» (2021, Defne Ayas y Natasha Ginwala)"
3011,Cecilia Bengolea,Bienal de São Paulo,32,,"32ª Bienal de São Paulo «Incerteza Viva» (2016, Volz)"
3012,Cristiano Lenhardt,Bienal de São Paulo,32,,"32ª Bienal de São Paulo «Incerteza Viva» (2016, Volz)"
3013,Donna Kukama,Bienal de São Paulo,32,,"32ª Bienal de São Paulo «Incerteza Viva» (2016, Volz)"
3014,Ebony G. Patterson,Bienal de São Paulo,32,,"32ª Bienal de São Paulo «Incerteza Viva» (2016, Volz)"
3015,Eduardo Navarro,Bienal de São Paulo,32,,"32ª Bienal de São Paulo «Incerteza Viva» (2016, Volz)"
3015,Eduardo Navarro,Bienal de São Paulo,29,,"29ª Bienal de São Paulo «Há sempre um copo de mar para um homem navegar» (2010, dos Anjos/Farias)"
3015,Eduardo Navarro,Bienal do Mercosul,9,,"9ª Bienal do Mercosul «Se o clima for favorável» (2013, Hernández Chong Cuy)"
3015,Eduardo Navarro,Colección Cisneros (CPPC),,2018,Donación CPPC al Museo de Arte Moderno de Buenos Aires (2018)
3016,Em'kal Eyongakpa,Bienal de São Paulo,32,,"32ª Bienal de São Paulo «Incerteza Viva» (2016, Volz)"
3017,Erika Verzutti,Bienal de São Paulo,32,,"32ª Bienal de São Paulo «Incerteza Viva» (2016, Volz)"
3017,Erika Verzutti,Bienal do Mercosul,9,,"9ª Bienal do Mercosul «Se o clima for favorável» (2013, Hernández Chong Cuy)"
3017,Erika Verzutti,Under the Same Sun,,2014,"Under the Same Sun: Art from Latin America Today, Guggenheim, Nueva York (2014, Pablo León de la Barra)"
3018,Felipe Mujica,Bienal de São Paulo,32,,"32ª Bienal de São Paulo «Incerteza Viva» (2016, Volz)"
3019,Frans Krajcberg,Bienal de São Paulo,32,,"32ª Bienal de São Paulo «Incerteza Viva» (2016, Volz)"
3020,Gabriel Abrantes,Bienal de São Paulo,32,,"32ª Bienal de São Paulo «Incerteza Viva» (2016, Volz)"
3021,Grada Kilomba,Bienal de São Paulo,32,,"32ª Bienal de São Paulo «Incerteza Viva» (2016, Volz)"
3022,Heather Phillipson,Bienal de São Paulo,32,,"32ª Bienal de São Paulo «Incerteza Viva» (2016, Volz)"
3022,Heather Phillipson,Turner Prize,,2022,Turner Prize (nominación 2022)
3023,Helen Sebidi,Bienal de São Paulo,32,,"32ª Bienal de São Paulo «Incerteza Viva» (2016, Volz)"
3024,Iza Tarasewicz,Bienal de São Paulo,32,,"32ª Bienal de São Paulo «Incerteza Viva» (2016, Volz)"
3025,Jonathas de Andrade,Bienal de São Paulo,32,,"32ª Bienal de São Paulo «Incerteza Viva» (2016, Volz)"
3025,Jonathas de Andrade,Bienal de São Paulo,29,,"29ª Bienal de São Paulo «Há sempre um copo de mar para um homem navegar» (2010, dos Anjos/Farias)"
3025,Jonathas de Andrade,Under the Same Sun,,2014,"Under the Same Sun: Art from Latin America Today, Guggenheim, Nueva York (2014, Pablo León de la Barra)"
3026,Jorge Menna Barreto,Bienal de La Habana,7,2000,7ª Bienal de La Habana «Uno más cerca del otro» (2000-2001)
3026,Jorge Menna Barreto,Bienal de São Paulo,32,,"32ª Bienal de São Paulo «Incerteza Viva» (2016, Volz)"
3027,José Bento,Bienal de São Paulo,32,,"32ª Bienal de São Paulo «Incerteza Viva» (2016, Volz)"
3028,Kathy Barry,Bienal de São Paulo,32,,"32ª Bienal de São Paulo «Incerteza Viva» (2016, Volz)"
3029,Katia Sepúlveda,Bienal de São Paulo,32,,"32ª Bienal de São Paulo «Incerteza Viva» (2016, Volz)"
3030,Lais Myrrha,Bienal de São Paulo,32,,"32ª Bienal de São Paulo «Incerteza Viva» (2016, Volz)"
3031,Lourdes Castro,Bienal de São Paulo,32,,"32ª Bienal de São Paulo «Incerteza Viva» (2016, Volz)"
3032,Luke Willis Thompson,Bienal de São Paulo,32,,"32ª Bienal de São Paulo «Incerteza Viva» (2016, Volz)"
3032,Luke Willis Thompson,Turner Prize,,2018,Turner Prize (nominación 2018)
3033,Maryam Jafri,Bienal de São Paulo,32,,"32ª Bienal de São Paulo «Incerteza Viva» (2016, Volz)"
3034,Michael Linares,Bienal de São Paulo,32,,"32ª Bienal de São Paulo «Incerteza Viva» (2016, Volz)"
3035,Michal Helfman,Bienal de São Paulo,32,,"32ª Bienal de São Paulo «Incerteza Viva» (2016, Volz)"
3036,Misheck Masamvu,Bienal de São Paulo,32,,"32ª Bienal de São Paulo «Incerteza Viva» (2016, Volz)"
3037,Naufus Ramírez-Figueroa,Bienal de Cuenca,16,,"16ª Bienal de Cuenca (2023, Barenblit)"
3037,Naufus Ramírez-Figueroa,Bienal de São Paulo,32,,"32ª Bienal de São Paulo «Incerteza Viva» (2016, Volz)"
3037,Naufus Ramírez-Figueroa,CIFO Grants & Commissions,,2015,"CIFO Grants & Commissions, premiado/a (2015)"
3038,Oficina de imaginação política,Bienal de São Paulo,32,,"32ª Bienal de São Paulo «Incerteza Viva» (2016, Volz)"
3039,OPAVIVARÁ!,Bienal de La Habana,12,2015,12ª Bienal de La Habana «Entre la idea y la experiencia» (2015)
3039,OPAVIVARÁ!,Bienal de São Paulo,32,,"32ª Bienal de São Paulo «Incerteza Viva» (2016, Volz)"
3040,Pia Lindman,Bienal de São Paulo,32,,"32ª Bienal de São Paulo «Incerteza Viva» (2016, Volz)"
3041,Pilar Quinteros,Bienal de São Paulo,32,,"32ª Bienal de São Paulo «Incerteza Viva» (2016, Volz)"
3042,Priscila Fernandes,Bienal de São Paulo,32,,"32ª Bienal de São Paulo «Incerteza Viva» (2016, Volz)"
3043,Rikke Luther,Bienal de São Paulo,32,,"32ª Bienal de São Paulo «Incerteza Viva» (2016, Volz)"
3044,Rita Ponce de León,Bienal de São Paulo,32,,"32ª Bienal de São Paulo «Incerteza Viva» (2016, Volz)"
3045,Sandra Kranich,Bienal de São Paulo,32,,"32ª Bienal de São Paulo «Incerteza Viva» (2016, Volz)"
3046,Sonia Andrade,Bienal de São Paulo,32,,"32ª Bienal de São Paulo «Incerteza Viva» (2016, Volz)"
3047,Susan Jacobs,Bienal de São Paulo,32,,"32ª Bienal de São Paulo «Incerteza Viva» (2016, Volz)"
3048,Till Mycha,Bienal de São Paulo,32,,"32ª Bienal de São Paulo «Incerteza Viva» (2016, Volz)"
3049,Paulo Tavares,Bienal de São Paulo,32,,"32ª Bienal de São Paulo «Incerteza Viva» (2016, Volz)"
3050,Vídeo nas Aldeias,Bienal de São Paulo,32,,"32ª Bienal de São Paulo «Incerteza Viva» (2016, Volz)"
3051,Vivian Caccuri,Bienal de São Paulo,32,,"32ª Bienal de São Paulo «Incerteza Viva» (2016, Volz)"
3051,Vivian Caccuri,Bienal do Mercosul,13,,"13ª Bienal do Mercosul «Trauma, sonho e fuga» (2022, Dantas)"
3052,Wilma Martins,Bienal de São Paulo,32,,"32ª Bienal de São Paulo «Incerteza Viva» (2016, Volz)"
3052,Wilma Martins,Radical Women,,2017,"Radical Women: Latin American Art 1960-1985, Hammer Museum (2017, Fajardo-Hill/Giunta); itinerancia Brooklyn Museum y Pinacoteca de São Paulo (2018)"
3053,Wlademir Dias-Pino,Bienal de São Paulo,32,,"32ª Bienal de São Paulo «Incerteza Viva» (2016, Volz)"
3054,Xabier Salaberria,Bienal de São Paulo,32,,"32ª Bienal de São Paulo «Incerteza Viva» (2016, Volz)"
3055,Agnieszka Piksa,Bienal de São Paulo,31,,"31ª Bienal de São Paulo «Como falar de coisas que não existem» (2014, Esche)"
3056,Ana Lira,Bienal de São Paulo,31,,"31ª Bienal de São Paulo «Como falar de coisas que não existem» (2014, Esche)"
3057,Armando Queiroz,Bienal de São Paulo,31,,"31ª Bienal de São Paulo «Como falar de coisas que não existem» (2014, Esche)"
3058,Arthur Scovino,Bienal de São Paulo,31,,"31ª Bienal de São Paulo «Como falar de coisas que não existem» (2014, Esche)"
3059,Asier Mendizabal,Bienal de São Paulo,31,,"31ª Bienal de São Paulo «Como falar de coisas que não existem» (2014, Esche)"
3060,Basel Abbas and Ruanne Abou-Rahme,Bienal de Sharjah,15,2023,"15ª Bienal de Sharjah «Thinking Historically in the Present» (2023, Hoor Al Qasimi)"
3060,Basel Abbas and Ruanne Abou-Rahme,Bienal de São Paulo,31,,"31ª Bienal de São Paulo «Como falar de coisas que não existem» (2014, Esche)"
3061,Bik Van der Pol,Bienal de Estambul,10,2007,"10ª Bienal de Estambul «Not Only Possible, But Also Necessary» (2007, Hou Hanru)"
3061,Bik Van der Pol,Bienal de São Paulo,31,,"31ª Bienal de São Paulo «Como falar de coisas que não existem» (2014, Esche)"
3062,Chto Delat,Bienal de São Paulo,31,,"31ª Bienal de São Paulo «Como falar de coisas que não existem» (2014, Esche)"
3063,Erick Beltrán,Bienal de Cuenca,14,,"14ª Bienal de Cuenca «Estructuras Vivientes» (2018, Fuenmayor)"
3063,Erick Beltrán,Bienal de São Paulo,31,,"31ª Bienal de São Paulo «Como falar de coisas que não existem» (2014, Esche)"
3063,Erick Beltrán,Bienal de São Paulo,28,,"28ª Bienal de São Paulo «Em vivo contato» (2008, Mesquita/Cohen)"
3064,Etcétera,Bienal de São Paulo,31,,"31ª Bienal de São Paulo «Como falar de coisas que não existem» (2014, Esche)"
3065,Gabriel Mascaro,Bienal de São Paulo,31,,"31ª Bienal de São Paulo «Como falar de coisas que não existem» (2014, Esche)"
3066,Graziela Kunsch,Bienal de São Paulo,31,,"31ª Bienal de São Paulo «Como falar de coisas que não existem» (2014, Esche)"
3066,Graziela Kunsch,Bienal de São Paulo,29,,"29ª Bienal de São Paulo «Há sempre um copo de mar para um homem navegar» (2010, dos Anjos/Farias)"
3067,Gülsün Karamustafa,Bienal de La Habana,8,2003,8ª Bienal de La Habana (2003)
3067,Gülsün Karamustafa,Bienal de São Paulo,31,,"31ª Bienal de São Paulo «Como falar de coisas que não existem» (2014, Esche)"
3068,Ines Doujak & John Barker,Bienal de São Paulo,31,,"31ª Bienal de São Paulo «Como falar de coisas que não existem» (2014, Esche)"
3069,Jakob Jakobsen & María Berríos,Bienal de São Paulo,31,,"31ª Bienal de São Paulo «Como falar de coisas que não existem» (2014, Esche)"
3070,Johanna Calle,Bienal de São Paulo,31,,"31ª Bienal de São Paulo «Como falar de coisas que não existem» (2014, Esche)"
3070,Johanna Calle,CIFO Grants & Commissions,,2008,"CIFO Grants & Commissions, premiado/a (2008)"
3071,Jonas Staal,Bienal de São Paulo,31,,"31ª Bienal de São Paulo «Como falar de coisas que não existem» (2014, Esche)"
3072,Juan Carlos Romero,Bienal de La Habana,7,2000,7ª Bienal de La Habana «Uno más cerca del otro» (2000-2001)
3072,Juan Carlos Romero,Bienal de São Paulo,31,,"31ª Bienal de São Paulo «Como falar de coisas que não existem» (2014, Esche)"
3073,Juan Pérez Agirregoikoa,Bienal de São Paulo,31,,"31ª Bienal de São Paulo «Como falar de coisas que não existem» (2014, Esche)"
3074,Kasper Akhøj,Bienal de São Paulo,31,,"31ª Bienal de São Paulo «Como falar de coisas que não existem» (2014, Esche)"
3075,Lázaro Saavedra,Bienal de La Habana,6,1997,6ª Bienal de La Habana «El individuo y su memoria» (1997)
3075,Lázaro Saavedra,Bienal de São Paulo,31,,"31ª Bienal de São Paulo «Como falar de coisas que não existem» (2014, Esche)"
3075,Lázaro Saavedra,CIFO Grants & Commissions,,2018,"CIFO Grants & Commissions, premiado/a (2018)"
3075,Lázaro Saavedra,Colección Daros Latinamerica,,,"Colección Daros Latinamerica, Zúrich"
3076,Leigh Orpaz,Bienal de São Paulo,31,,"31ª Bienal de São Paulo «Como falar de coisas que não existem» (2014, Esche)"
3077,Lia Perjovschi,Bienal de São Paulo,31,,"31ª Bienal de São Paulo «Como falar de coisas que não existem» (2014, Esche)"
3078,Mapa Teatro,Bienal de São Paulo,31,,"31ª Bienal de São Paulo «Como falar de coisas que não existem» (2014, Esche)"
3079,Mark Lewis,Bienal de São Paulo,31,,"31ª Bienal de São Paulo «Como falar de coisas que não existem» (2014, Esche)"
3080,Marta Neves,Bienal de São Paulo,31,,"31ª Bienal de São Paulo «Como falar de coisas que não existem» (2014, Esche)"
3081,Michael Kessus Gedalyovich,Bienal de São Paulo,31,,"31ª Bienal de São Paulo «Como falar de coisas que não existem» (2014, Esche)"
3082,Nahum Zenil,Bienal de São Paulo,31,,"31ª Bienal de São Paulo «Como falar de coisas que não existem» (2014, Esche)"
3083,Nilbar Güreş,Bienal de São Paulo,31,,"31ª Bienal de São Paulo «Como falar de coisas que não existem» (2014, Esche)"
3084,Nurit Sharett,Bienal de São Paulo,31,,"31ª Bienal de São Paulo «Como falar de coisas que não existem» (2014, Esche)"
3085,Romy Pocztaruk,Bienal de São Paulo,31,,"31ª Bienal de São Paulo «Como falar de coisas que não existem» (2014, Esche)"
3085,Romy Pocztaruk,Bienal do Mercosul,9,,"9ª Bienal do Mercosul «Se o clima for favorável» (2013, Hernández Chong Cuy)"
3085,Romy Pocztaruk,Bienal do Mercosul,11,,"11ª Bienal do Mercosul «O Triângulo Atlântico» (2018, Hug/Borghi)"
3086,ruangrupa,Bienal de Estambul,9,2005,"9ª Bienal de Estambul «İstanbul» (2005, Esche/Kortun)"
3086,ruangrupa,Bienal de São Paulo,31,,"31ª Bienal de São Paulo «Como falar de coisas que não existem» (2014, Esche)"
3087,Sandi Hilal & Alessandro Petti,Bienal de São Paulo,31,,"31ª Bienal de São Paulo «Como falar de coisas que não existem» (2014, Esche)"
3088,Grupo Contrafilé,Bienal de São Paulo,31,,"31ª Bienal de São Paulo «Como falar de coisas que não existem» (2014, Esche)"
3089,Teatro da Vertigem,Bienal de São Paulo,31,,"31ª Bienal de São Paulo «Como falar de coisas que não existem» (2014, Esche)"
3090,Thiago Martins de Melo,Bienal de São Paulo,31,,"31ª Bienal de São Paulo «Como falar de coisas que não existem» (2014, Esche)"
3091,Tiago Borges,Bienal de São Paulo,31,,"31ª Bienal de São Paulo «Como falar de coisas que não existem» (2014, Esche)"
3092,Yonamine,Bienal de São Paulo,31,,"31ª Bienal de São Paulo «Como falar de coisas que não existem» (2014, Esche)"
3092,Yonamine,Bienal de São Paulo,29,,"29ª Bienal de São Paulo «Há sempre um copo de mar para um homem navegar» (2010, dos Anjos/Farias)"
3093,Tony Chakar,Bienal de São Paulo,31,,"31ª Bienal de São Paulo «Como falar de coisas que não existem» (2014, Esche)"
3094,Virginia de Medeiros,Bienal de São Paulo,31,,"31ª Bienal de São Paulo «Como falar de coisas que não existem» (2014, Esche)"
3094,Virginia de Medeiros,Bienal de São Paulo,27,,"27ª Bienal de São Paulo «Como Viver Junto» (2006, Lagnado)"
3095,Voluspa Jarpa,Bienal de Cuenca,16,,"16ª Bienal de Cuenca (2023, Barenblit)"
3095,Voluspa Jarpa,Bienal de Cuenca,,2023,"Premio de adquisición, 16ª Bienal de Cuenca (2023)"
3095,Voluspa Jarpa,Bienal de La Habana,6,1997,6ª Bienal de La Habana «El individuo y su memoria» (1997)
3095,Voluspa Jarpa,Bienal de São Paulo,31,,"31ª Bienal de São Paulo «Como falar de coisas que não existem» (2014, Esche)"
3095,Voluspa Jarpa,CIFO Grants & Commissions,,2025,"CIFO Grants & Commissions, premiado/a (2025)"
3095,Voluspa Jarpa,Premio Julius Baer,,2020,"Premio Julius Baer a las artistas latinoamericanas, ganadora de la I edición (2020, MAMBO Bogotá)"
3096,Yuri Firmeza,Bienal de São Paulo,31,,"31ª Bienal de São Paulo «Como falar de coisas que não existem» (2014, Esche)"
3097,Yochai Avrahami,Bienal de Estambul,9,2005,"9ª Bienal de Estambul «İstanbul» (2005, Esche/Kortun)"
3097,Yochai Avrahami,Bienal de São Paulo,31,,"31ª Bienal de São Paulo «Como falar de coisas que não existem» (2014, Esche)"
3098,Alberto Bitar,Bienal de São Paulo,30,,"30ª Bienal de São Paulo «A iminência das poéticas» (2012, Pérez-Oramas)"
3098,Alberto Bitar,Bienal do Mercosul,10,,"10ª Bienal do Mercosul «Mensagens de uma Nova América» (2015, Fidelis)"
3099,Alexandre Moreira,Bienal de São Paulo,30,,"30ª Bienal de São Paulo «A iminência das poéticas» (2012, Pérez-Oramas)"
3100,Cadu,Bienal de São Paulo,30,,"30ª Bienal de São Paulo «A iminência das poéticas» (2012, Pérez-Oramas)"
3101,Eduardo Berliner,Bienal de São Paulo,30,,"30ª Bienal de São Paulo «A iminência das poéticas» (2012, Pérez-Oramas)"
3101,Eduardo Berliner,Colección Daros Latinamerica,,,"Colección Daros Latinamerica, Zúrich"
3102,f.marquespenteado,Bienal de São Paulo,30,,"30ª Bienal de São Paulo «A iminência das poéticas» (2012, Pérez-Oramas)"
3103,Hélio Fervenza,Bienal de São Paulo,30,,"30ª Bienal de São Paulo «A iminência das poéticas» (2012, Pérez-Oramas)"
3104,Lúcia Laguna,Bienal de São Paulo,30,,"30ª Bienal de São Paulo «A iminência das poéticas» (2012, Pérez-Oramas)"
3105,Marcelo Coutinho,Bienal de São Paulo,30,,"30ª Bienal de São Paulo «A iminência das poéticas» (2012, Pérez-Oramas)"
3106,Nino Cais,Bienal de São Paulo,30,,"30ª Bienal de São Paulo «A iminência das poéticas» (2012, Pérez-Oramas)"
3107,Nydia Negromonte,Bienal de São Paulo,30,,"30ª Bienal de São Paulo «A iminência das poéticas» (2012, Pérez-Oramas)"
3108,Odires Mlászho,Bienal de São Paulo,30,,"30ª Bienal de São Paulo «A iminência das poéticas» (2012, Pérez-Oramas)"
3109,Pablo Pijnappel,Bienal de São Paulo,30,,"30ª Bienal de São Paulo «A iminência das poéticas» (2012, Pérez-Oramas)"
3110,Paulo Vivacqua,Bienal de São Paulo,30,,"30ª Bienal de São Paulo «A iminência das poéticas» (2012, Pérez-Oramas)"
3111,Rodrigo Braga,Bienal de São Paulo,30,,"30ª Bienal de São Paulo «A iminência das poéticas» (2012, Pérez-Oramas)"
3112,Thiago Rocha Pitta,Bienal de São Paulo,30,,"30ª Bienal de São Paulo «A iminência das poéticas» (2012, Pérez-Oramas)"
3113,Tiago Carneiro da Cunha,Bienal de São Paulo,30,,"30ª Bienal de São Paulo «A iminência das poéticas» (2012, Pérez-Oramas)"
3114,PPPP (Productos Peruanos Para Pensar),Bienal de São Paulo,30,,"30ª Bienal de São Paulo «A iminência das poéticas» (2012, Pérez-Oramas)"
3115,Ali Kazma,Bienal de São Paulo,30,,"30ª Bienal de São Paulo «A iminência das poéticas» (2012, Pérez-Oramas)"
3116,Ambroise Ngaimoko,Bienal de São Paulo,30,,"30ª Bienal de São Paulo «A iminência das poéticas» (2012, Pérez-Oramas)"
3117,Andreas Eriksson,Bienal de São Paulo,30,,"30ª Bienal de São Paulo «A iminência das poéticas» (2012, Pérez-Oramas)"
3118,Athanasios Argianas,Bienal de São Paulo,30,,"30ª Bienal de São Paulo «A iminência das poéticas» (2012, Pérez-Oramas)"
3119,Benet Rossell,Bienal de São Paulo,30,,"30ª Bienal de São Paulo «A iminência das poéticas» (2012, Pérez-Oramas)"
3120,Bernardo Ortiz,Bienal de São Paulo,30,,"30ª Bienal de São Paulo «A iminência das poéticas» (2012, Pérez-Oramas)"
3121,Christian Vinck,Bienal de São Paulo,30,,"30ª Bienal de São Paulo «A iminência das poéticas» (2012, Pérez-Oramas)"
3122,Daniel Steegmann Mangrané,Bienal de São Paulo,30,,"30ª Bienal de São Paulo «A iminência das poéticas» (2012, Pérez-Oramas)"
3123,Dave Hullfish Bailey,Bienal de São Paulo,30,,"30ª Bienal de São Paulo «A iminência das poéticas» (2012, Pérez-Oramas)"
3124,David Moreno,Bienal de São Paulo,30,,"30ª Bienal de São Paulo «A iminência das poéticas» (2012, Pérez-Oramas)"
3125,Edi Hirose,Bienal de São Paulo,30,,"30ª Bienal de São Paulo «A iminência das poéticas» (2012, Pérez-Oramas)"
3126,Eduardo Gil,Bienal de São Paulo,30,,"30ª Bienal de São Paulo «A iminência das poéticas» (2012, Pérez-Oramas)"
3127,Eduardo Stupía,Bienal de São Paulo,30,,"30ª Bienal de São Paulo «A iminência das poéticas» (2012, Pérez-Oramas)"
3128,Fernando Ortega,Bienal de São Paulo,30,,"30ª Bienal de São Paulo «A iminência das poéticas» (2012, Pérez-Oramas)"
3128,Fernando Ortega,Bienal de São Paulo,27,,"27ª Bienal de São Paulo «Como Viver Junto» (2006, Lagnado)"
3129,Franz Mon,Bienal de São Paulo,30,,"30ª Bienal de São Paulo «A iminência das poéticas» (2012, Pérez-Oramas)"
3130,Guy Maddin,Bienal de São Paulo,30,,"30ª Bienal de São Paulo «A iminência das poéticas» (2012, Pérez-Oramas)"
3131,Horst Ademeit,Bienal de São Paulo,30,,"30ª Bienal de São Paulo «A iminência das poéticas» (2012, Pérez-Oramas)"
3132,Hreinn Fridfinnsson,Bienal de São Paulo,30,,"30ª Bienal de São Paulo «A iminência das poéticas» (2012, Pérez-Oramas)"
3133,Hugo Canoilas,Bienal de São Paulo,30,,"30ª Bienal de São Paulo «A iminência das poéticas» (2012, Pérez-Oramas)"
3134,Ilene Segalove,Bienal de São Paulo,30,,"30ª Bienal de São Paulo «A iminência das poéticas» (2012, Pérez-Oramas)"
3135,Pauline Bastard,Bienal de São Paulo,30,,"30ª Bienal de São Paulo «A iminência das poéticas» (2012, Pérez-Oramas)"
3136,Jerry Martin,Bienal de São Paulo,30,,"30ª Bienal de São Paulo «A iminência das poéticas» (2012, Pérez-Oramas)"
3137,José Arnaud-Bello,Bienal de São Paulo,30,,"30ª Bienal de São Paulo «A iminência das poéticas» (2012, Pérez-Oramas)"
3138,Juan Iribarren,Bienal de São Paulo,30,,"30ª Bienal de São Paulo «A iminência das poéticas» (2012, Pérez-Oramas)"
3139,Juan Nascimento,Bienal de São Paulo,30,,"30ª Bienal de São Paulo «A iminência das poéticas» (2012, Pérez-Oramas)"
3140,Daniela Lovera,Bienal de São Paulo,30,,"30ª Bienal de São Paulo «A iminência das poéticas» (2012, Pérez-Oramas)"
3141,Kirsten Pieroth,Bienal de São Paulo,30,,"30ª Bienal de São Paulo «A iminência das poéticas» (2012, Pérez-Oramas)"
3142,Ferdinand Kriwet,Bienal de São Paulo,30,,"30ª Bienal de São Paulo «A iminência das poéticas» (2012, Pérez-Oramas)"
3143,Leandro Tartaglia,Bienal de São Paulo,30,,"30ª Bienal de São Paulo «A iminência das poéticas» (2012, Pérez-Oramas)"
3144,Martín Legón,Bienal de São Paulo,30,,"30ª Bienal de São Paulo «A iminência das poéticas» (2012, Pérez-Oramas)"
3145,Meris Angioletti,Bienal de São Paulo,30,,"30ª Bienal de São Paulo «A iminência das poéticas» (2012, Pérez-Oramas)"
3146,Michel Aubry,Bienal de São Paulo,30,,"30ª Bienal de São Paulo «A iminência das poéticas» (2012, Pérez-Oramas)"
3147,Mobile Radio,Bienal de São Paulo,30,,"30ª Bienal de São Paulo «A iminência das poéticas» (2012, Pérez-Oramas)"
3148,Moris,Bienal de São Paulo,30,,"30ª Bienal de São Paulo «A iminência das poéticas» (2012, Pérez-Oramas)"
3149,Nicolás Paris,Bienal de La Habana,12,2015,12ª Bienal de La Habana «Entre la idea y la experiencia» (2015)
3149,Nicolás Paris,Bienal de São Paulo,30,,"30ª Bienal de São Paulo «A iminência das poéticas» (2012, Pérez-Oramas)"
3149,Nicolás Paris,CIFO Grants & Commissions,,2019,"CIFO Grants & Commissions, premiado/a (2019)"
3150,Olivier Nottellet,Bienal de São Paulo,30,,"30ª Bienal de São Paulo «A iminência das poéticas» (2012, Pérez-Oramas)"
3151,Pablo Accinelli,Bienal de São Paulo,30,,"30ª Bienal de São Paulo «A iminência das poéticas» (2012, Pérez-Oramas)"
3151,Pablo Accinelli,CIFO Grants & Commissions,,2014,"CIFO Grants & Commissions, premiado/a (2014)"
3152,Saul Fletcher,Bienal de São Paulo,30,,"30ª Bienal de São Paulo «A iminência das poéticas» (2012, Pérez-Oramas)"
3153,Savvas Christodoulides,Bienal de São Paulo,30,,"30ª Bienal de São Paulo «A iminência das poéticas» (2012, Pérez-Oramas)"
3154,Sigurdur Gudmundsson,Bienal de São Paulo,30,,"30ª Bienal de São Paulo «A iminência das poéticas» (2012, Pérez-Oramas)"
3155,Tehching Hsieh,Bienal de Gwangju,16,2026,"16ª Bienal de Gwangju «You Must Change Your Life» (2026, Ho Tzu Nyen)"
3155,Tehching Hsieh,Bienal de São Paulo,30,,"30ª Bienal de São Paulo «A iminência das poéticas» (2012, Pérez-Oramas)"
3156,Thomas Sipp,Bienal de São Paulo,30,,"30ª Bienal de São Paulo «A iminência das poéticas» (2012, Pérez-Oramas)"
3157,Viola Yesiltac,Bienal de São Paulo,30,,"30ª Bienal de São Paulo «A iminência das poéticas» (2012, Pérez-Oramas)"
3158,Yuki Kimura,Bienal de São Paulo,30,,"30ª Bienal de São Paulo «A iminência das poéticas» (2012, Pérez-Oramas)"
3159,Aernout Mik,Bienal de Estambul,8,2003,"8ª Bienal de Estambul «Poetic Justice» (2003, Dan Cameron)"
3159,Aernout Mik,Bienal de São Paulo,29,,"29ª Bienal de São Paulo «Há sempre um copo de mar para um homem navegar» (2010, dos Anjos/Farias)"
3159,Aernout Mik,Bienal de São Paulo,26,,"26ª Bienal de São Paulo «Território Livre» (2004, Hug)"
3160,Albano Afonso,Bienal de São Paulo,29,,"29ª Bienal de São Paulo «Há sempre um copo de mar para um homem navegar» (2010, dos Anjos/Farias)"
3160,Albano Afonso,Bienal do Mercosul,10,,"10ª Bienal do Mercosul «Mensagens de uma Nova América» (2015, Fidelis)"
3161,Alice Miceli,Bienal de São Paulo,29,,"29ª Bienal de São Paulo «Há sempre um copo de mar para um homem navegar» (2010, dos Anjos/Farias)"
3161,Alice Miceli,CIFO Grants & Commissions,,2015,"CIFO Grants & Commissions, premiado/a (2015)"
3162,Amélia Toledo,Bienal de São Paulo,29,,"29ª Bienal de São Paulo «Há sempre um copo de mar para um homem navegar» (2010, dos Anjos/Farias)"
3162,Amélia Toledo,Bienal do Mercosul,10,,"10ª Bienal do Mercosul «Mensagens de uma Nova América» (2015, Fidelis)"
3162,Amélia Toledo,Radical Women,,2017,"Radical Women: Latin American Art 1960-1985, Hammer Museum (2017, Fajardo-Hill/Giunta); itinerancia Brooklyn Museum y Pinacoteca de São Paulo (2018)"
3163,Andrew Esiebo,Bienal de São Paulo,29,,"29ª Bienal de São Paulo «Há sempre um copo de mar para um homem navegar» (2010, dos Anjos/Farias)"
3164,Antonieta Sosa,Bienal de São Paulo,29,,"29ª Bienal de São Paulo «Há sempre um copo de mar para um homem navegar» (2010, dos Anjos/Farias)"
3164,Antonieta Sosa,CIFO Grants & Commissions,,2014,"CIFO Grants & Commissions, premiado/a (2014)"
3164,Antonieta Sosa,Colección Cisneros (CPPC),,2016,"Donación CPPC al MoMA, Modern Gift (2016)"
3164,Antonieta Sosa,Radical Women,,2017,"Radical Women: Latin American Art 1960-1985, Hammer Museum (2017, Fajardo-Hill/Giunta); itinerancia Brooklyn Museum y Pinacoteca de São Paulo (2018)"
3165,Antonio Manuel,Bienal de São Paulo,29,,"29ª Bienal de São Paulo «Há sempre um copo de mar para um homem navegar» (2010, dos Anjos/Farias)"
3165,Antonio Manuel,Bienal do Mercosul,1,,"1ª Bienal do Mercosul (1997, Porto Alegre)"
3165,Antonio Manuel,Global Conceptualism,,1999,"Global Conceptualism: Points of Origin 1950s-1980s, Queens Museum, Nueva York (1999, Farver/Camnitzer/Weiss y equipo de once curadores); itinerancia Walker/Miami/MIT List"
3166,Bofa da Cara,Bienal de São Paulo,29,,"29ª Bienal de São Paulo «Há sempre um copo de mar para um homem navegar» (2010, dos Anjos/Farias)"
3167,Carlos Teixeira,Bienal de São Paulo,29,,"29ª Bienal de São Paulo «Há sempre um copo de mar para um homem navegar» (2010, dos Anjos/Farias)"
3168,Carlos Vergara,Bienal de São Paulo,29,,"29ª Bienal de São Paulo «Há sempre um copo de mar para um homem navegar» (2010, dos Anjos/Farias)"
3168,Carlos Vergara,Bienal do Mercosul,1,,"1ª Bienal do Mercosul (1997, Porto Alegre)"
3169,Carlos Zilio,Bienal de São Paulo,29,,"29ª Bienal de São Paulo «Há sempre um copo de mar para um homem navegar» (2010, dos Anjos/Farias)"
3170,Cinthia Marcelle,Bienal de Gwangju,15,2024,"15ª Bienal de Gwangju «Pansori, a soundscape of the 21st century» (2024, Nicolas Bourriaud)"
3170,Cinthia Marcelle,Bienal de São Paulo,29,,"29ª Bienal de São Paulo «Há sempre um copo de mar para um homem navegar» (2010, dos Anjos/Farias)"
3170,Cinthia Marcelle,Bienal do Mercosul,9,,"9ª Bienal do Mercosul «Se o clima for favorável» (2013, Hernández Chong Cuy)"
3170,Cinthia Marcelle,Colección Cisneros (CPPC),,2018,"Donación CPPC al MoMA, Contemporary Gift (2018)"
3170,Cinthia Marcelle,Colección Daros Latinamerica,,,"Colección Daros Latinamerica, Zúrich"
3171,Claudia Joskowicz,Bienal de São Paulo,29,,"29ª Bienal de São Paulo «Há sempre um copo de mar para um homem navegar» (2010, dos Anjos/Farias)"
3171,Claudia Joskowicz,CIFO Grants & Commissions,,2014,"CIFO Grants & Commissions, premiado/a (2014)"
3171,Claudia Joskowicz,Under the Same Sun,,2014,"Under the Same Sun: Art from Latin America Today, Guggenheim, Nueva York (2014, Pablo León de la Barra)"
3172,Daniel Senise,Bienal de São Paulo,29,,"29ª Bienal de São Paulo «Há sempre um copo de mar para um homem navegar» (2010, dos Anjos/Farias)"
3172,Daniel Senise,Bienal do Mercosul,13,,"13ª Bienal do Mercosul «Trauma, sonho e fuga» (2022, Dantas)"
3173,David Cury,Bienal de São Paulo,29,,"29ª Bienal de São Paulo «Há sempre um copo de mar para um homem navegar» (2010, dos Anjos/Farias)"
3174,Deimantas Narkevičius,Bienal de São Paulo,29,,"29ª Bienal de São Paulo «Há sempre um copo de mar para um homem navegar» (2010, dos Anjos/Farias)"
3175,Eduardo Coimbra,Bienal de São Paulo,29,,"29ª Bienal de São Paulo «Há sempre um copo de mar para um homem navegar» (2010, dos Anjos/Farias)"
3176,Efrain Almeida,Bienal de São Paulo,29,,"29ª Bienal de São Paulo «Há sempre um copo de mar para um homem navegar» (2010, dos Anjos/Farias)"
3176,Efrain Almeida,Bienal do Mercosul,1,,"1ª Bienal do Mercosul (1997, Porto Alegre)"
3177,Enrique Jezik,Bienal de São Paulo,29,,"29ª Bienal de São Paulo «Há sempre um copo de mar para um homem navegar» (2010, dos Anjos/Farias)"
3178,Fernando Lindote,Bienal de São Paulo,29,,"29ª Bienal de São Paulo «Há sempre um copo de mar para um homem navegar» (2010, dos Anjos/Farias)"
3179,Filipa César,Bienal de Estambul,8,2003,"8ª Bienal de Estambul «Poetic Justice» (2003, Dan Cameron)"
3179,Filipa César,Bienal de São Paulo,29,,"29ª Bienal de São Paulo «Há sempre um copo de mar para um homem navegar» (2010, dos Anjos/Farias)"
3180,Gabriel Acevedo Velarde,Bienal de São Paulo,29,,"29ª Bienal de São Paulo «Há sempre um copo de mar para um homem navegar» (2010, dos Anjos/Farias)"
3181,Gil Vicente,Bienal de São Paulo,29,,"29ª Bienal de São Paulo «Há sempre um copo de mar para um homem navegar» (2010, dos Anjos/Farias)"
3182,Guy Veloso,Bienal de São Paulo,29,,"29ª Bienal de São Paulo «Há sempre um copo de mar para um homem navegar» (2010, dos Anjos/Farias)"
3183,Henrique Oliveira,Bienal de São Paulo,29,,"29ª Bienal de São Paulo «Há sempre um copo de mar para um homem navegar» (2010, dos Anjos/Farias)"
3184,Jacobo Borges,Bienal de São Paulo,29,,"29ª Bienal de São Paulo «Há sempre um copo de mar para um homem navegar» (2010, dos Anjos/Farias)"
3185,José Spaniol,Bienal de São Paulo,29,,"29ª Bienal de São Paulo «Há sempre um copo de mar para um homem navegar» (2010, dos Anjos/Farias)"
3186,Joseph Kosuth,Bienal de La Habana,12,2015,12ª Bienal de La Habana «Entre la idea y la experiencia» (2015)
3186,Joseph Kosuth,Bienal de São Paulo,29,,"29ª Bienal de São Paulo «Há sempre um copo de mar para um homem navegar» (2010, dos Anjos/Farias)"
3186,Joseph Kosuth,Global Conceptualism,,1999,"Global Conceptualism: Points of Origin 1950s-1980s, Queens Museum, Nueva York (1999, Farver/Camnitzer/Weiss y equipo de once curadores); itinerancia Walker/Miami/MIT List"
3186,Joseph Kosuth,When Attitudes Become Form,,1969,"When Attitudes Become Form «Live in Your Head», Kunsthalle Bern (1969, Harald Szeemann)"
3187,Juliana Stein,Bienal de São Paulo,29,,"29ª Bienal de São Paulo «Há sempre um copo de mar para um homem navegar» (2010, dos Anjos/Farias)"
3187,Juliana Stein,Bienal do Mercosul,11,,"11ª Bienal do Mercosul «O Triângulo Atlântico» (2018, Hug/Borghi)"
3188,Martin Beck,Bienal de São Paulo,29,,"29ª Bienal de São Paulo «Há sempre um copo de mar para um homem navegar» (2010, dos Anjos/Farias)"
3189,Karina Skvirsky Aguilera,Bienal de Cuenca,15,,"15ª Bienal de Cuenca «Bienal del Bioceno» (2021, De la Torre)"
3189,Karina Skvirsky Aguilera,Bienal de São Paulo,29,,"29ª Bienal de São Paulo «Há sempre um copo de mar para um homem navegar» (2010, dos Anjos/Farias)"
3190,Kboco & Roberto Loeb,Bienal de São Paulo,29,,"29ª Bienal de São Paulo «Há sempre um copo de mar para um homem navegar» (2010, dos Anjos/Farias)"
3191,Livio Tragtenberg,Bienal de São Paulo,29,,"29ª Bienal de São Paulo «Há sempre um copo de mar para um homem navegar» (2010, dos Anjos/Farias)"
3192,Marcelo Silveira,Bienal de São Paulo,29,,"29ª Bienal de São Paulo «Há sempre um copo de mar para um homem navegar» (2010, dos Anjos/Farias)"
3192,Marcelo Silveira,CIFO Grants & Commissions,,2026,"CIFO Grants & Commissions, premiado/a (2026)"
3193,Marcius Galan,Bienal de São Paulo,29,,"29ª Bienal de São Paulo «Há sempre um copo de mar para um homem navegar» (2010, dos Anjos/Farias)"
3193,Marcius Galan,CIFO Grants & Commissions,,2011,"CIFO Grants & Commissions, premiado/a (2011)"
3194,Marilá Dardot,Bienal de Cuenca,16,,"16ª Bienal de Cuenca (2023, Barenblit)"
3194,Marilá Dardot,Bienal de São Paulo,29,,"29ª Bienal de São Paulo «Há sempre um copo de mar para um homem navegar» (2010, dos Anjos/Farias)"
3194,Marilá Dardot,Bienal de São Paulo,27,,"27ª Bienal de São Paulo «Como Viver Junto» (2006, Lagnado)"
3195,Fábio Morais,Bienal de São Paulo,29,,"29ª Bienal de São Paulo «Há sempre um copo de mar para um homem navegar» (2010, dos Anjos/Farias)"
3196,Mateo López,Bienal de São Paulo,29,,"29ª Bienal de São Paulo «Há sempre um copo de mar para um homem navegar» (2010, dos Anjos/Farias)"
3196,Mateo López,CIFO Grants & Commissions,,2008,"CIFO Grants & Commissions, premiado/a (2008)"
3197,Matheus Rocha Pitta,Bienal de Cuenca,14,,"14ª Bienal de Cuenca «Estructuras Vivientes» (2018, Fuenmayor)"
3197,Matheus Rocha Pitta,Bienal de São Paulo,29,,"29ª Bienal de São Paulo «Há sempre um copo de mar para um homem navegar» (2010, dos Anjos/Farias)"
3198,Milton Machado,Bienal de São Paulo,29,,"29ª Bienal de São Paulo «Há sempre um copo de mar para um homem navegar» (2010, dos Anjos/Farias)"
3198,Milton Machado,Colección Daros Latinamerica,,,"Colección Daros Latinamerica, Zúrich"
3199,Nelson Leirner,Bienal de São Paulo,29,,"29ª Bienal de São Paulo «Há sempre um copo de mar para um homem navegar» (2010, dos Anjos/Farias)"
3199,Nelson Leirner,Bienal de São Paulo,25,,"25ª Bienal de São Paulo «Iconografias metropolitanas» (2002, Hug)"
3199,Nelson Leirner,Bienal do Mercosul,6,,"6ª Bienal do Mercosul «A Terceira Margem do Rio» (2007, Pérez-Barreiro)"
3199,Nelson Leirner,Colección Daros Latinamerica,,,"Colección Daros Latinamerica, Zúrich"
3200,NS Harsha,Bienal de São Paulo,29,,"29ª Bienal de São Paulo «Há sempre um copo de mar para um homem navegar» (2010, dos Anjos/Farias)"
3201,Nuno Ramos,Bienal de São Paulo,29,,"29ª Bienal de São Paulo «Há sempre um copo de mar para um homem navegar» (2010, dos Anjos/Farias)"
3201,Nuno Ramos,Colección Cisneros (CPPC),,2019,"Donación CPPC al Museo Reina Sofía, Madrid (2019)"
3202,Otolith Group,Bienal de São Paulo,29,,"29ª Bienal de São Paulo «Há sempre um copo de mar para um homem navegar» (2010, dos Anjos/Farias)"
3202,Otolith Group,Turner Prize,,2010,Turner Prize (nominación 2010)
3203,Palle Nielsen,Bienal de São Paulo,29,,"29ª Bienal de São Paulo «Há sempre um copo de mar para um homem navegar» (2010, dos Anjos/Farias)"
3204,Paulo Bruscky,Bienal de São Paulo,29,,"29ª Bienal de São Paulo «Há sempre um copo de mar para um homem navegar» (2010, dos Anjos/Farias)"
3204,Paulo Bruscky,Bienal do Mercosul,10,,"10ª Bienal do Mercosul «Mensagens de uma Nova América» (2015, Fidelis)"
3205,Pedro Barateiro,Bienal de São Paulo,29,,"29ª Bienal de São Paulo «Há sempre um copo de mar para um homem navegar» (2010, dos Anjos/Farias)"
3206,Pedro Costa,Bienal de São Paulo,29,,"29ª Bienal de São Paulo «Há sempre um copo de mar para um homem navegar» (2010, dos Anjos/Farias)"
3207,Pixação SP,Bienal de São Paulo,29,,"29ª Bienal de São Paulo «Há sempre um copo de mar para um homem navegar» (2010, dos Anjos/Farias)"
3208,Qiu Anxiong,Bienal de São Paulo,29,,"29ª Bienal de São Paulo «Há sempre um copo de mar para um homem navegar» (2010, dos Anjos/Farias)"
3209,Roberto Jacoby,Bienal de São Paulo,29,,"29ª Bienal de São Paulo «Há sempre um copo de mar para um homem navegar» (2010, dos Anjos/Farias)"
3209,Roberto Jacoby,Global Conceptualism,,1999,"Global Conceptualism: Points of Origin 1950s-1980s, Queens Museum, Nueva York (1999, Farver/Camnitzer/Weiss y equipo de once curadores); itinerancia Walker/Miami/MIT List"
3210,Rochele Costi,Bienal de La Habana,7,2000,7ª Bienal de La Habana «Uno más cerca del otro» (2000-2001)
3210,Rochele Costi,Bienal de La Habana,6,1997,6ª Bienal de La Habana «El individuo y su memoria» (1997)
3210,Rochele Costi,Bienal de São Paulo,29,,"29ª Bienal de São Paulo «Há sempre um copo de mar para um homem navegar» (2010, dos Anjos/Farias)"
3211,Rodrigo Andrade,Bienal de São Paulo,29,,"29ª Bienal de São Paulo «Há sempre um copo de mar para um homem navegar» (2010, dos Anjos/Farias)"
3212,Ronald Duarte,Bienal de São Paulo,29,,"29ª Bienal de São Paulo «Há sempre um copo de mar para um homem navegar» (2010, dos Anjos/Farias)"
3213,Simon Fujiwara,Bienal de São Paulo,29,,"29ª Bienal de São Paulo «Há sempre um copo de mar para um homem navegar» (2010, dos Anjos/Farias)"
3214,Sophie Ristelhueber,Bienal de São Paulo,29,,"29ª Bienal de São Paulo «Há sempre um copo de mar para um homem navegar» (2010, dos Anjos/Farias)"
3215,Sue Tompkins,Bienal de São Paulo,29,,"29ª Bienal de São Paulo «Há sempre um copo de mar para um homem navegar» (2010, dos Anjos/Farias)"
3216,Tatiana Blass,Bienal de São Paulo,29,,"29ª Bienal de São Paulo «Há sempre um copo de mar para um homem navegar» (2010, dos Anjos/Farias)"
3216,Tatiana Blass,CIFO Grants & Commissions,,2010,"CIFO Grants & Commissions, premiado/a (2010)"
3217,UNStudio,Bienal de São Paulo,29,,"29ª Bienal de São Paulo «Há sempre um copo de mar para um homem navegar» (2010, dos Anjos/Farias)"
3218,Wendelien van Oldenborgh,Bienal de São Paulo,29,,"29ª Bienal de São Paulo «Há sempre um copo de mar para um homem navegar» (2010, dos Anjos/Farias)"
3219,Yoel Vazquez,Bienal de São Paulo,29,,"29ª Bienal de São Paulo «Há sempre um copo de mar para um homem navegar» (2010, dos Anjos/Farias)"
3220,Vasco Araújo,Bienal de Cuenca,15,,"15ª Bienal de Cuenca «Bienal del Bioceno» (2021, De la Torre)"
3220,Vasco Araújo,Bienal de São Paulo,28,,"28ª Bienal de São Paulo «Em vivo contato» (2008, Mesquita/Cohen)"
3220,Vasco Araújo,Bienal do Mercosul,11,,"11ª Bienal do Mercosul «O Triângulo Atlântico» (2018, Hug/Borghi)"
3221,Sarnath Banerjee,Bienal de São Paulo,28,,"28ª Bienal de São Paulo «Em vivo contato» (2008, Mesquita/Cohen)"
3222,Mabe Bethônico,Bienal de São Paulo,28,,"28ª Bienal de São Paulo «Em vivo contato» (2008, Mesquita/Cohen)"
3222,Mabe Bethônico,Bienal de São Paulo,27,,"27ª Bienal de São Paulo «Como Viver Junto» (2006, Lagnado)"
3223,Leya Mira Brander,Bienal de São Paulo,28,,"28ª Bienal de São Paulo «Em vivo contato» (2008, Mesquita/Cohen)"
3224,Ângela Ferreira,Bienal de São Paulo,28,,"28ª Bienal de São Paulo «Em vivo contato» (2008, Mesquita/Cohen)"
3225,Fischerspooner,Bienal de São Paulo,28,,"28ª Bienal de São Paulo «Em vivo contato» (2008, Mesquita/Cohen)"
3226,Goldin+Senneby,Bienal de Gwangju,16,2026,"16ª Bienal de Gwangju «You Must Change Your Life» (2026, Ho Tzu Nyen)"
3226,Goldin+Senneby,Bienal de São Paulo,28,,"28ª Bienal de São Paulo «Em vivo contato» (2008, Mesquita/Cohen)"
3227,O Grivo,Bienal de São Paulo,28,,"28ª Bienal de São Paulo «Em vivo contato» (2008, Mesquita/Cohen)"
3228,Maurício Ianês,Bienal de São Paulo,28,,"28ª Bienal de São Paulo «Em vivo contato» (2008, Mesquita/Cohen)"
3229,Dora Longo Bahia,Bienal de La Habana,6,1997,6ª Bienal de La Habana «El individuo y su memoria» (1997)
3229,Dora Longo Bahia,Bienal de São Paulo,28,,"28ª Bienal de São Paulo «Em vivo contato» (2008, Mesquita/Cohen)"
3229,Dora Longo Bahia,CIFO Grants & Commissions,,2009,"CIFO Grants & Commissions, premiado/a (2009)"
3230,Cristina Lucas,Bienal de Cuenca,15,,"15ª Bienal de Cuenca «Bienal del Bioceno» (2021, De la Torre)"
3230,Cristina Lucas,Bienal de Cuenca,,2021,"Premio de adquisición, 15ª Bienal de Cuenca (2021)"
3230,Cristina Lucas,Bienal de Estambul,10,2007,"10ª Bienal de Estambul «Not Only Possible, But Also Necessary» (2007, Hou Hanru)"
3230,Cristina Lucas,Bienal de São Paulo,28,,"28ª Bienal de São Paulo «Em vivo contato» (2008, Mesquita/Cohen)"
3231,Rubens Mano,Bienal de São Paulo,28,,"28ª Bienal de São Paulo «Em vivo contato» (2008, Mesquita/Cohen)"
3231,Rubens Mano,CIFO Grants & Commissions,,2006,"CIFO Grants & Commissions, premiado/a (2006)"
3232,João Modé,Bienal de São Paulo,28,,"28ª Bienal de São Paulo «Em vivo contato» (2008, Mesquita/Cohen)"
3233,Carlos Navarrete,Bienal de São Paulo,28,,"28ª Bienal de São Paulo «Em vivo contato» (2008, Mesquita/Cohen)"
3234,Javier Peñafiel,Bienal de São Paulo,28,,"28ª Bienal de São Paulo «Em vivo contato» (2008, Mesquita/Cohen)"
3235,Alexander Pilis,Bienal de São Paulo,28,,"28ª Bienal de São Paulo «Em vivo contato» (2008, Mesquita/Cohen)"
3236,Paul Ramírez Jonas,Bienal de São Paulo,28,,"28ª Bienal de São Paulo «Em vivo contato» (2008, Mesquita/Cohen)"
3236,Paul Ramírez Jonas,Under the Same Sun,,2014,"Under the Same Sun: Art from Latin America Today, Guggenheim, Nueva York (2014, Pablo León de la Barra)"
3237,Nicolás Robbio,Bienal de São Paulo,28,,"28ª Bienal de São Paulo «Em vivo contato» (2008, Mesquita/Cohen)"
3238,Joe Sheehan,Bienal de São Paulo,28,,"28ª Bienal de São Paulo «Em vivo contato» (2008, Mesquita/Cohen)"
3239,Gabriel Sierra,Bienal de São Paulo,28,,"28ª Bienal de São Paulo «Em vivo contato» (2008, Mesquita/Cohen)"
3239,Gabriel Sierra,CIFO Grants & Commissions,,2010,"CIFO Grants & Commissions, premiado/a (2010)"
3239,Gabriel Sierra,Under the Same Sun,,2014,"Under the Same Sun: Art from Latin America Today, Guggenheim, Nueva York (2014, Pablo León de la Barra)"
3240,Vibeke Tandberg,Bienal de São Paulo,28,,"28ª Bienal de São Paulo «Em vivo contato» (2008, Mesquita/Cohen)"
3241,Anarcademia,Bienal de São Paulo,28,,"28ª Bienal de São Paulo «Em vivo contato» (2008, Mesquita/Cohen)"
3242,Alberto Baraya,Bienal de São Paulo,27,,"27ª Bienal de São Paulo «Como Viver Junto» (2006, Lagnado)"
3242,Alberto Baraya,Bienal do Mercosul,10,,"10ª Bienal do Mercosul «Mensagens de uma Nova América» (2015, Fidelis)"
3242,Alberto Baraya,CIFO Grants & Commissions,,2007,"CIFO Grants & Commissions, premiado/a (2007)"
3243,Andrew McLeod,Bienal de São Paulo,27,,"27ª Bienal de São Paulo «Como Viver Junto» (2006, Lagnado)"
3244,Ann Lislegaard,Bienal de São Paulo,27,,"27ª Bienal de São Paulo «Como Viver Junto» (2006, Lagnado)"
3245,Antal Lakner,Bienal de São Paulo,27,,"27ª Bienal de São Paulo «Como Viver Junto» (2006, Lagnado)"
3246,Antoni Miralda,Bienal de La Habana,9,2006,9ª Bienal de La Habana «Dinámicas de la cultura urbana» (2006)
3246,Antoni Miralda,Bienal de São Paulo,27,,"27ª Bienal de São Paulo «Como Viver Junto» (2006, Lagnado)"
3246,Antoni Miralda,Premio Velázquez,,2018,Premio Velázquez de las Artes Plásticas (2018)
3247,Aya Ben Ron,Bienal de São Paulo,27,,"27ª Bienal de São Paulo «Como Viver Junto» (2006, Lagnado)"
3248,Barbara Visser,Bienal de São Paulo,27,,"27ª Bienal de São Paulo «Como Viver Junto» (2006, Lagnado)"
3249,Bregtje van der Haak,Bienal de São Paulo,27,,"27ª Bienal de São Paulo «Como Viver Junto» (2006, Lagnado)"
3250,Brendon Wilkinson,Bienal de São Paulo,27,,"27ª Bienal de São Paulo «Como Viver Junto» (2006, Lagnado)"
3251,Cao Guimarães,Bienal de São Paulo,27,,"27ª Bienal de São Paulo «Como Viver Junto» (2006, Lagnado)"
3252,Cláudia Cristóvão,Bienal de São Paulo,27,,"27ª Bienal de São Paulo «Como Viver Junto» (2006, Lagnado)"
3253,Diango Hernández,Bienal de La Habana,8,2003,8ª Bienal de La Habana (2003)
3253,Diango Hernández,Bienal de São Paulo,27,,"27ª Bienal de São Paulo «Como Viver Junto» (2006, Lagnado)"
3254,Didier Faustino,Bienal de São Paulo,27,,"27ª Bienal de São Paulo «Como Viver Junto» (2006, Lagnado)"
3255,Esra Ersen,Bienal de Estambul,8,2003,"8ª Bienal de Estambul «Poetic Justice» (2003, Dan Cameron)"
3255,Esra Ersen,Bienal de São Paulo,27,,"27ª Bienal de São Paulo «Como Viver Junto» (2006, Lagnado)"
3256,Fastwürms,Bienal de São Paulo,27,,"27ª Bienal de São Paulo «Como Viver Junto» (2006, Lagnado)"
3257,Francesco Jodice,Bienal de São Paulo,27,,"27ª Bienal de São Paulo «Como Viver Junto» (2006, Lagnado)"
3258,Ivan Cardoso,Bienal de São Paulo,27,,"27ª Bienal de São Paulo «Como Viver Junto» (2006, Lagnado)"
3259,Jarbas Lopes,Bienal de Gwangju,7,2008,"7ª Bienal de Gwangju «Annual Report: A Year in Exhibitions» (2008, Okwui Enwezor)"
3259,Jarbas Lopes,Bienal de La Habana,8,2003,8ª Bienal de La Habana (2003)
3259,Jarbas Lopes,Bienal de São Paulo,27,,"27ª Bienal de São Paulo «Como Viver Junto» (2006, Lagnado)"
3259,Jarbas Lopes,CIFO Grants & Commissions,,2004,"CIFO Grants & Commissions, premiado/a (2004)"
3260,Jardim Miriam Arte Clube (JAMAC),Bienal de São Paulo,27,,"27ª Bienal de São Paulo «Como Viver Junto» (2006, Lagnado)"
3261,Jarosław Kozłowski,Bienal de São Paulo,27,,"27ª Bienal de São Paulo «Como Viver Junto» (2006, Lagnado)"
3262,Jean-Luc Godard,Bienal de São Paulo,27,,"27ª Bienal de São Paulo «Como Viver Junto» (2006, Lagnado)"
3263,Jeanne Faust,Bienal de São Paulo,27,,"27ª Bienal de São Paulo «Como Viver Junto» (2006, Lagnado)"
3264,Julio Bressane,Bienal de São Paulo,27,,"27ª Bienal de São Paulo «Como Viver Junto» (2006, Lagnado)"
3265,Kristina Solomoukha,Bienal de São Paulo,27,,"27ª Bienal de São Paulo «Como Viver Junto» (2006, Lagnado)"
3266,Lara Almarcegui,Bienal de Cuenca,14,,"14ª Bienal de Cuenca «Estructuras Vivientes» (2018, Fuenmayor)"
3266,Lara Almarcegui,Bienal de São Paulo,27,,"27ª Bienal de São Paulo «Como Viver Junto» (2006, Lagnado)"
3267,Lars Ramberg,Bienal de São Paulo,27,,"27ª Bienal de São Paulo «Como Viver Junto» (2006, Lagnado)"
3268,Loulou Cherinet,Bienal de São Paulo,27,,"27ª Bienal de São Paulo «Como Viver Junto» (2006, Lagnado)"
3269,Lu Chunsheng,Bienal de Estambul,10,2007,"10ª Bienal de Estambul «Not Only Possible, But Also Necessary» (2007, Hou Hanru)"
3269,Lu Chunsheng,Bienal de São Paulo,27,,"27ª Bienal de São Paulo «Como Viver Junto» (2006, Lagnado)"
3270,Lúcia Koch,Bienal de Estambul,8,2003,"8ª Bienal de Estambul «Poetic Justice» (2003, Dan Cameron)"
3270,Lúcia Koch,Bienal de São Paulo,27,,"27ª Bienal de São Paulo «Como Viver Junto» (2006, Lagnado)"
3271,Marcellvs L.,Bienal de São Paulo,27,,"27ª Bienal de São Paulo «Como Viver Junto» (2006, Lagnado)"
3271,Marcellvs L.,CIFO Grants & Commissions,,2014,"CIFO Grants & Commissions, premiado/a (2014)"
3272,Marcos Bonisson,Bienal de São Paulo,27,,"27ª Bienal de São Paulo «Como Viver Junto» (2006, Lagnado)"
3273,María Teresa Hincapié,Ante América,,1992,"Ante América, Biblioteca Luis Ángel Arango, Bogotá (1992, Mosquera/Ponce de León/Weiss)"
3273,María Teresa Hincapié,Bienal de São Paulo,27,,"27ª Bienal de São Paulo «Como Viver Junto» (2006, Lagnado)"
3274,Mario Navarro,Bienal de São Paulo,27,,"27ª Bienal de São Paulo «Como Viver Junto» (2006, Lagnado)"
3275,Martinho Patrício,Bienal de São Paulo,27,,"27ª Bienal de São Paulo «Como Viver Junto» (2006, Lagnado)"
3276,Marwan Rechmaoui,Bienal de São Paulo,27,,"27ª Bienal de São Paulo «Como Viver Junto» (2006, Lagnado)"
3277,Miki Kratsman,Bienal de São Paulo,27,,"27ª Bienal de São Paulo «Como Viver Junto» (2006, Lagnado)"
3278,Mustafa Maluka,Bienal de São Paulo,27,,"27ª Bienal de São Paulo «Como Viver Junto» (2006, Lagnado)"
3279,Narda Alvarado,Bienal de São Paulo,27,,"27ª Bienal de São Paulo «Como Viver Junto» (2006, Lagnado)"
3280,Nikos Charalambidis,Bienal de São Paulo,27,,"27ª Bienal de São Paulo «Como Viver Junto» (2006, Lagnado)"
3281,Ola Pehrson,Bienal de Estambul,9,2005,"9ª Bienal de Estambul «İstanbul» (2005, Esche/Kortun)"
3281,Ola Pehrson,Bienal de São Paulo,27,,"27ª Bienal de São Paulo «Como Viver Junto» (2006, Lagnado)"
3282,Pepón Osorio,Bienal de Gwangju,7,2008,"7ª Bienal de Gwangju «Annual Report: A Year in Exhibitions» (2008, Okwui Enwezor)"
3282,Pepón Osorio,Bienal de La Habana,6,1997,6ª Bienal de La Habana «El individuo y su memoria» (1997)
3282,Pepón Osorio,Bienal de São Paulo,27,,"27ª Bienal de São Paulo «Como Viver Junto» (2006, Lagnado)"
3283,Pieter Hugo,Bienal de São Paulo,27,,"27ª Bienal de São Paulo «Como Viver Junto» (2006, Lagnado)"
3284,Randa Shaat,Bienal de São Paulo,27,,"27ª Bienal de São Paulo «Como Viver Junto» (2006, Lagnado)"
3285,Sanghee Song,Bienal de São Paulo,27,,"27ª Bienal de São Paulo «Como Viver Junto» (2006, Lagnado)"
3286,Servet Kocyigit,Bienal de Estambul,9,2005,"9ª Bienal de Estambul «İstanbul» (2005, Esche/Kortun)"
3286,Servet Kocyigit,Bienal de São Paulo,27,,"27ª Bienal de São Paulo «Como Viver Junto» (2006, Lagnado)"
3287,Shaun Gladwell,Bienal de São Paulo,27,,"27ª Bienal de São Paulo «Como Viver Junto» (2006, Lagnado)"
3288,Shimabuku,Bienal de São Paulo,27,,"27ª Bienal de São Paulo «Como Viver Junto» (2006, Lagnado)"
3289,Vangelis Vlahos,Bienal de São Paulo,27,,"27ª Bienal de São Paulo «Como Viver Junto» (2006, Lagnado)"
3290,Vladimir Arkhipov,Bienal de São Paulo,27,,"27ª Bienal de São Paulo «Como Viver Junto» (2006, Lagnado)"
3291,Wang Youshen,Bienal de São Paulo,27,,"27ª Bienal de São Paulo «Como Viver Junto» (2006, Lagnado)"
3292,Ângela Detanico & Rafael Lain,Bienal de São Paulo,26,,"26ª Bienal de São Paulo «Território Livre» (2004, Hug)"
3293,Bruno Peinado,Bienal de Estambul,8,2003,"8ª Bienal de Estambul «Poetic Justice» (2003, Dan Cameron)"
3293,Bruno Peinado,Bienal de São Paulo,26,,"26ª Bienal de São Paulo «Território Livre» (2004, Hug)"
3294,Caio Reisewitz,Bienal de São Paulo,26,,"26ª Bienal de São Paulo «Território Livre» (2004, Hug)"
3295,Chelpa Ferro,Bienal de La Habana,8,2003,8ª Bienal de La Habana (2003)
3295,Chelpa Ferro,Bienal de São Paulo,26,,"26ª Bienal de São Paulo «Território Livre» (2004, Hug)"
3296,Chen Shaofeng,Bienal de São Paulo,26,,"26ª Bienal de São Paulo «Território Livre» (2004, Hug)"
3297,David Batchelor,Bienal de São Paulo,26,,"26ª Bienal de São Paulo «Território Livre» (2004, Hug)"
3298,Eduardo Kac,Bienal de La Habana,12,2015,12ª Bienal de La Habana «Entre la idea y la experiencia» (2015)
3298,Eduardo Kac,Bienal de São Paulo,26,,"26ª Bienal de São Paulo «Território Livre» (2004, Hug)"
3298,Eduardo Kac,Bienal do Mercosul,1,,"1ª Bienal do Mercosul (1997, Porto Alegre)"
3299,Eulàlia Valldosera,Bienal de São Paulo,26,,"26ª Bienal de São Paulo «Território Livre» (2004, Hug)"
3300,Fabiano Marques,Bienal de São Paulo,26,,"26ª Bienal de São Paulo «Território Livre» (2004, Hug)"
3301,Geysell Capetillo,Bienal de La Habana,8,2003,8ª Bienal de La Habana (2003)
3301,Geysell Capetillo,Bienal de São Paulo,26,,"26ª Bienal de São Paulo «Território Livre» (2004, Hug)"
3302,Hans Hamid Rasmussen,Bienal de São Paulo,26,,"26ª Bienal de São Paulo «Território Livre» (2004, Hug)"
3303,Henrik Håkansson,Bienal de São Paulo,26,,"26ª Bienal de São Paulo «Território Livre» (2004, Hug)"
3304,Ieda Oliveira,Bienal de São Paulo,26,,"26ª Bienal de São Paulo «Território Livre» (2004, Hug)"
3305,Jorge Pardo,Bienal de São Paulo,26,,"26ª Bienal de São Paulo «Território Livre» (2004, Hug)"
3306,Jorge Queiroz,Bienal de São Paulo,26,,"26ª Bienal de São Paulo «Território Livre» (2004, Hug)"
3307,João Paulo Feliciano,Bienal de São Paulo,26,,"26ª Bienal de São Paulo «Território Livre» (2004, Hug)"
3308,Juan Fernando Herrán,Bienal de São Paulo,26,,"26ª Bienal de São Paulo «Território Livre» (2004, Hug)"
3309,Julian Rosefeldt,Bienal de São Paulo,26,,"26ª Bienal de São Paulo «Território Livre» (2004, Hug)"
3310,Karim Aïnouz & Marcelo Gomes,Bienal de São Paulo,26,,"26ª Bienal de São Paulo «Território Livre» (2004, Hug)"
3311,Krzysztof Zieliński,Bienal de São Paulo,26,,"26ª Bienal de São Paulo «Território Livre» (2004, Hug)"
3312,Laura Vinci,Bienal de São Paulo,26,,"26ª Bienal de São Paulo «Território Livre» (2004, Hug)"
3313,Lois Renner,Bienal de São Paulo,26,,"26ª Bienal de São Paulo «Território Livre» (2004, Hug)"
3314,Lívia Flores,Bienal de São Paulo,26,,"26ª Bienal de São Paulo «Território Livre» (2004, Hug)"
3315,Maxim Malhado,Bienal de São Paulo,26,,"26ª Bienal de São Paulo «Território Livre» (2004, Hug)"
3315,Maxim Malhado,Bienal do Mercosul,11,,"11ª Bienal do Mercosul «O Triângulo Atlântico» (2018, Hug/Borghi)"
3316,Milton Marques,Bienal de São Paulo,26,,"26ª Bienal de São Paulo «Território Livre» (2004, Hug)"
3317,Moataz Nasr,Bienal de São Paulo,26,,"26ª Bienal de São Paulo «Território Livre» (2004, Hug)"
3317,Moataz Nasr,Dak'Art,,2004,"Dak'Art, 6ª Bienal de Dakar (2004)"
3317,Moataz Nasr,Dak'Art,,2002,"Dak'Art, 5ª Bienal de Dakar (2002)"
3318,Naoya Hatakeyama,Bienal de São Paulo,26,,"26ª Bienal de São Paulo «Território Livre» (2004, Hug)"
3319,Neistat Brothers,Bienal de São Paulo,26,,"26ª Bienal de São Paulo «Território Livre» (2004, Hug)"
3320,Pablo Vargas-Lugo,Bienal de São Paulo,26,,"26ª Bienal de São Paulo «Território Livre» (2004, Hug)"
3321,Paulo Climachauska,Bienal de La Habana,7,2000,7ª Bienal de La Habana «Uno más cerca del otro» (2000-2001)
3321,Paulo Climachauska,Bienal de São Paulo,26,,"26ª Bienal de São Paulo «Território Livre» (2004, Hug)"
3321,Paulo Climachauska,Colección Cisneros (CPPC),,2019,"Donación CPPC al Museo Reina Sofía, Madrid (2019)"
3322,Rachel Berwick,Bienal de São Paulo,26,,"26ª Bienal de São Paulo «Território Livre» (2004, Hug)"
3323,Rassim,Bienal de São Paulo,26,,"26ª Bienal de São Paulo «Território Livre» (2004, Hug)"
3324,René Francisco,Bienal de La Habana,6,1997,6ª Bienal de La Habana «El individuo y su memoria» (1997)
3324,René Francisco,Bienal de São Paulo,26,,"26ª Bienal de São Paulo «Território Livre» (2004, Hug)"
3324,René Francisco,Colección Daros Latinamerica,,,"Colección Daros Latinamerica, Zúrich"
3325,Su-Mei Tse,Bienal de São Paulo,26,,"26ª Bienal de São Paulo «Território Livre» (2004, Hug)"
3326,Tiago Bortolozzo,Bienal de São Paulo,26,,"26ª Bienal de São Paulo «Território Livre» (2004, Hug)"
3327,Tom Sachs,Bienal de São Paulo,26,,"26ª Bienal de São Paulo «Território Livre» (2004, Hug)"
3328,Veronika Zapletalová,Bienal de São Paulo,26,,"26ª Bienal de São Paulo «Território Livre» (2004, Hug)"
3329,Victor Mutale,Bienal de São Paulo,26,,"26ª Bienal de São Paulo «Território Livre» (2004, Hug)"
3330,Walmor Corrêa,Bienal de São Paulo,26,,"26ª Bienal de São Paulo «Território Livre» (2004, Hug)"
3331,Thomas Ruff,Bienal de São Paulo,25,,"25ª Bienal de São Paulo «Iconografias metropolitanas» (2002, Hug)"
3332,Jeff Koons,Bienal de São Paulo,25,,"25ª Bienal de São Paulo «Iconografias metropolitanas» (2002, Hug)"
3333,Carlos Fajardo,Bienal de São Paulo,25,,"25ª Bienal de São Paulo «Iconografias metropolitanas» (2002, Hug)"
3333,Carlos Fajardo,Bienal do Mercosul,1,,"1ª Bienal do Mercosul (1997, Porto Alegre)"
3334,Karin Lambrecht,Bienal de São Paulo,25,,"25ª Bienal de São Paulo «Iconografias metropolitanas» (2002, Hug)"
3334,Karin Lambrecht,Bienal do Mercosul,13,,"13ª Bienal do Mercosul «Trauma, sonho e fuga» (2022, Dantas)"
3335,Julião Sarmento,Bienal de São Paulo,25,,"25ª Bienal de São Paulo «Iconografias metropolitanas» (2002, Hug)"
3336,Adama Delphine Fawundu,Bienal de São Paulo,36,,"36ª Bienal de São Paulo «Nem todo viandante anda estradas» (2025, Ndikung)"
3337,Adjani Okpu-Egbe,Bienal de São Paulo,36,,"36ª Bienal de São Paulo «Nem todo viandante anda estradas» (2025, Ndikung)"
3338,Aislan Pankararu,Bienal de São Paulo,36,,"36ª Bienal de São Paulo «Nem todo viandante anda estradas» (2025, Ndikung)"
3339,Alain Padeau,Bienal de São Paulo,36,,"36ª Bienal de São Paulo «Nem todo viandante anda estradas» (2025, Ndikung)"
3340,Alberto Pitta,Bienal de São Paulo,36,,"36ª Bienal de São Paulo «Nem todo viandante anda estradas» (2025, Ndikung)"
3341,Aline Baiana,Bienal de São Paulo,36,,"36ª Bienal de São Paulo «Nem todo viandante anda estradas» (2025, Ndikung)"
3342,Amina Agueznay,Bienal de São Paulo,36,,"36ª Bienal de São Paulo «Nem todo viandante anda estradas» (2025, Ndikung)"
3343,Ana Raylander Mártis dos Anjos,Bienal de São Paulo,36,,"36ª Bienal de São Paulo «Nem todo viandante anda estradas» (2025, Ndikung)"
3344,Antonio Társis,Bienal de São Paulo,36,,"36ª Bienal de São Paulo «Nem todo viandante anda estradas» (2025, Ndikung)"
3345,Berenice Olmedo,Bienal de São Paulo,36,,"36ª Bienal de São Paulo «Nem todo viandante anda estradas» (2025, Ndikung)"
3345,Berenice Olmedo,Bienal do Mercosul,14,,"14ª Bienal do Mercosul «Estalo» (2025, Fonseca)"
3346,Camille Turner,Bienal de São Paulo,36,,"36ª Bienal de São Paulo «Nem todo viandante anda estradas» (2025, Ndikung)"
3347,Carla Gueye,Bienal de São Paulo,36,,"36ª Bienal de São Paulo «Nem todo viandante anda estradas» (2025, Ndikung)"
3348,Christopher Cozier,Bienal de La Habana,7,2000,7ª Bienal de La Habana «Uno más cerca del otro» (2000-2001)
3348,Christopher Cozier,Bienal de São Paulo,36,,"36ª Bienal de São Paulo «Nem todo viandante anda estradas» (2025, Ndikung)"
3349,Cici Wu,Bienal de São Paulo,36,,"36ª Bienal de São Paulo «Nem todo viandante anda estradas» (2025, Ndikung)"
3350,Cynthia Hawkins,Bienal de São Paulo,36,,"36ª Bienal de São Paulo «Nem todo viandante anda estradas» (2025, Ndikung)"
3351,Edival Ramosa,Bienal de São Paulo,36,,"36ª Bienal de São Paulo «Nem todo viandante anda estradas» (2025, Ndikung)"
3352,Frank Bowling,Bienal de São Paulo,36,,"36ª Bienal de São Paulo «Nem todo viandante anda estradas» (2025, Ndikung)"
3353,Frankétienne,Bienal de São Paulo,36,,"36ª Bienal de São Paulo «Nem todo viandante anda estradas» (2025, Ndikung)"
3354,Gê Viana,Bienal de São Paulo,36,,"36ª Bienal de São Paulo «Nem todo viandante anda estradas» (2025, Ndikung)"
3355,Gervane de Paula,Bienal de São Paulo,36,,"36ª Bienal de São Paulo «Nem todo viandante anda estradas» (2025, Ndikung)"
3356,Gōzō Yoshimasu,Bienal de São Paulo,36,,"36ª Bienal de São Paulo «Nem todo viandante anda estradas» (2025, Ndikung)"
3357,Hajra Waheed,Bienal de Sharjah,15,2023,"15ª Bienal de Sharjah «Thinking Historically in the Present» (2023, Hoor Al Qasimi, comisión 30 aniversario)"
3357,Hajra Waheed,Bienal de Sharjah,,2023,Premio de la Bienal de Sharjah (2023)
3357,Hajra Waheed,Bienal de São Paulo,36,,"36ª Bienal de São Paulo «Nem todo viandante anda estradas» (2025, Ndikung)"
3358,Hamedine Kane,Bienal de São Paulo,36,,"36ª Bienal de São Paulo «Nem todo viandante anda estradas» (2025, Ndikung)"
3359,Hao Jingban,Bienal de São Paulo,36,,"36ª Bienal de São Paulo «Nem todo viandante anda estradas» (2025, Ndikung)"
3360,Helena Uambembe,Bienal de São Paulo,36,,"36ª Bienal de São Paulo «Nem todo viandante anda estradas» (2025, Ndikung)"
3361,Josèfa Ntjam,Bienal de Gwangju,15,2024,"15ª Bienal de Gwangju «Pansori, a soundscape of the 21st century» (2024, Nicolas Bourriaud)"
3361,Josèfa Ntjam,Bienal de São Paulo,36,,"36ª Bienal de São Paulo «Nem todo viandante anda estradas» (2025, Ndikung)"
3362,Juliana dos Santos,Bienal de São Paulo,36,,"36ª Bienal de São Paulo «Nem todo viandante anda estradas» (2025, Ndikung)"
3363,Julianknxx,Bienal de São Paulo,36,,"36ª Bienal de São Paulo «Nem todo viandante anda estradas» (2025, Ndikung)"
3364,Kamala Ibrahim Ishag,Bienal de São Paulo,36,,"36ª Bienal de São Paulo «Nem todo viandante anda estradas» (2025, Ndikung)"
3365,Laila Hida,Bienal de São Paulo,36,,"36ª Bienal de São Paulo «Nem todo viandante anda estradas» (2025, Ndikung)"
3365,Laila Hida,Dak'Art,,,"Dak'Art, 14ª Bienal de Dakar «Ĩ NDAFFA # / Out of the Fire» (2022, Ndiaye)"
3366,Leiko Ikemura,Bienal de São Paulo,36,,"36ª Bienal de São Paulo «Nem todo viandante anda estradas» (2025, Ndikung)"
3367,Leo Asemota,Bienal de São Paulo,36,,"36ª Bienal de São Paulo «Nem todo viandante anda estradas» (2025, Ndikung)"
3368,Leonel Vásquez,Bienal de São Paulo,36,,"36ª Bienal de São Paulo «Nem todo viandante anda estradas» (2025, Ndikung)"
3369,Lidia Lisbôa,Bienal de São Paulo,36,,"36ª Bienal de São Paulo «Nem todo viandante anda estradas» (2025, Ndikung)"
3369,Lidia Lisbôa,Bienal do Mercosul,13,,"13ª Bienal do Mercosul «Trauma, sonho e fuga» (2022, Dantas)"
3370,Malika Agueznay,Bienal de São Paulo,36,,"36ª Bienal de São Paulo «Nem todo viandante anda estradas» (2025, Ndikung)"
3371,Mansour Ciss Kanakassy,Bienal de São Paulo,36,,"36ª Bienal de São Paulo «Nem todo viandante anda estradas» (2025, Ndikung)"
3371,Mansour Ciss Kanakassy,Dak'Art,,2002,"Dak'Art, 5ª Bienal de Dakar (2002)"
3372,Mao Ishikawa,Bienal de São Paulo,36,,"36ª Bienal de São Paulo «Nem todo viandante anda estradas» (2025, Ndikung)"
3373,Márcia Falcão,Bienal de São Paulo,36,,"36ª Bienal de São Paulo «Nem todo viandante anda estradas» (2025, Ndikung)"
3374,María Magdalena Campos-Pons,Bienal de La Habana,,,"Bienal de La Habana (participación documentada, edición por precisar)"
3374,María Magdalena Campos-Pons,Bienal de Sharjah,15,2023,"15ª Bienal de Sharjah «Thinking Historically in the Present» (2023, Hoor Al Qasimi, comisión 30 aniversario)"
3374,María Magdalena Campos-Pons,Bienal de São Paulo,36,,"36ª Bienal de São Paulo «Nem todo viandante anda estradas» (2025, Ndikung)"
3375,Marlene Almeida,Bienal de São Paulo,36,,"36ª Bienal de São Paulo «Nem todo viandante anda estradas» (2025, Ndikung)"
3376,Maxwell Alexandre,Bienal de São Paulo,36,,"36ª Bienal de São Paulo «Nem todo viandante anda estradas» (2025, Ndikung)"
3377,Metta Pracrutti,Bienal de São Paulo,36,,"36ª Bienal de São Paulo «Nem todo viandante anda estradas» (2025, Ndikung)"
3378,Michele Ciacciofera,Bienal de São Paulo,36,,"36ª Bienal de São Paulo «Nem todo viandante anda estradas» (2025, Ndikung)"
3379,Ming Smith,Bienal de São Paulo,36,,"36ª Bienal de São Paulo «Nem todo viandante anda estradas» (2025, Ndikung)"
3380,Minia Biabiany,Bienal de São Paulo,36,,"36ª Bienal de São Paulo «Nem todo viandante anda estradas» (2025, Ndikung)"
3380,Minia Biabiany,Bienal do Mercosul,14,,"14ª Bienal do Mercosul «Estalo» (2025, Fonseca)"
3381,Moffat Takadiwa,Bienal de São Paulo,36,,"36ª Bienal de São Paulo «Nem todo viandante anda estradas» (2025, Ndikung)"
3382,Moisés Patrício,Bienal de São Paulo,36,,"36ª Bienal de São Paulo «Nem todo viandante anda estradas» (2025, Ndikung)"
3383,Myriam Omar Awadi,Bienal de São Paulo,36,,"36ª Bienal de São Paulo «Nem todo viandante anda estradas» (2025, Ndikung)"
3384,Nádia Taquary,Bienal de São Paulo,36,,"36ª Bienal de São Paulo «Nem todo viandante anda estradas» (2025, Ndikung)"
3385,Noor Abed,Bienal de São Paulo,36,,"36ª Bienal de São Paulo «Nem todo viandante anda estradas» (2025, Ndikung)"
3386,Olivier Marboeuf,Bienal de São Paulo,36,,"36ª Bienal de São Paulo «Nem todo viandante anda estradas» (2025, Ndikung)"
3387,Pol Taburet,Bienal de São Paulo,36,,"36ª Bienal de São Paulo «Nem todo viandante anda estradas» (2025, Ndikung)"
3388,Raukura Turei,Bienal de São Paulo,36,,"36ª Bienal de São Paulo «Nem todo viandante anda estradas» (2025, Ndikung)"
3389,Rebeca Carapiá,Bienal de São Paulo,36,,"36ª Bienal de São Paulo «Nem todo viandante anda estradas» (2025, Ndikung)"
3390,Richianny Ratovo,Bienal de São Paulo,36,,"36ª Bienal de São Paulo «Nem todo viandante anda estradas» (2025, Ndikung)"
3391,Ruth Ige,Bienal de São Paulo,36,,"36ª Bienal de São Paulo «Nem todo viandante anda estradas» (2025, Ndikung)"
3392,Sadikou Oukpedjo,Bienal de São Paulo,36,,"36ª Bienal de São Paulo «Nem todo viandante anda estradas» (2025, Ndikung)"
3393,Sallisa Rosa,Bienal de São Paulo,36,,"36ª Bienal de São Paulo «Nem todo viandante anda estradas» (2025, Ndikung)"
3394,Sara Sejin Chang,Bienal de São Paulo,36,,"36ª Bienal de São Paulo «Nem todo viandante anda estradas» (2025, Ndikung)"
3395,Sérgio Soarez,Bienal de São Paulo,36,,"36ª Bienal de São Paulo «Nem todo viandante anda estradas» (2025, Ndikung)"
3396,Sertão Negro,Bienal de São Paulo,36,,"36ª Bienal de São Paulo «Nem todo viandante anda estradas» (2025, Ndikung)"
3397,Suchitra Mattai,Bienal de São Paulo,36,,"36ª Bienal de São Paulo «Nem todo viandante anda estradas» (2025, Ndikung)"
3398,Tanka Fonta,Bienal de São Paulo,36,,"36ª Bienal de São Paulo «Nem todo viandante anda estradas» (2025, Ndikung)"
3399,Thania Petersen,Bienal de São Paulo,36,,"36ª Bienal de São Paulo «Nem todo viandante anda estradas» (2025, Ndikung)"
3400,Théodore Diouf,Bienal de São Paulo,36,,"36ª Bienal de São Paulo «Nem todo viandante anda estradas» (2025, Ndikung)"
3401,Theresah Ankomah,Bienal de São Paulo,36,,"36ª Bienal de São Paulo «Nem todo viandante anda estradas» (2025, Ndikung)"
3402,Trương Công Tùng,Bienal de São Paulo,36,,"36ª Bienal de São Paulo «Nem todo viandante anda estradas» (2025, Ndikung)"
3403,Vilanismo,Bienal de São Paulo,36,,"36ª Bienal de São Paulo «Nem todo viandante anda estradas» (2025, Ndikung)"
3404,Werewere Liking,Bienal de São Paulo,36,,"36ª Bienal de São Paulo «Nem todo viandante anda estradas» (2025, Ndikung)"
3405,Alexandre Paulikevitch,Bienal de São Paulo,36,,"36ª Bienal de São Paulo «Nem todo viandante anda estradas» (2025, Ndikung)"
3406,Boxe Autônomo,Bienal de São Paulo,36,,"36ª Bienal de São Paulo «Nem todo viandante anda estradas» (2025, Ndikung)"
3407,Dorothée Munyaneza,Bienal de São Paulo,36,,"36ª Bienal de São Paulo «Nem todo viandante anda estradas» (2025, Ndikung)"
3408,Marcelo Evelin,Bienal de São Paulo,36,,"36ª Bienal de São Paulo «Nem todo viandante anda estradas» (2025, Ndikung)"
3409,MEXA,Bienal de São Paulo,36,,"36ª Bienal de São Paulo «Nem todo viandante anda estradas» (2025, Ndikung)"
3410,Abel Azcona,Bienal de La Habana,14,2021,14ª Bienal de La Habana «Futuro y contemporaneidad» (2021-2022)
3411,Isabel Muñoz,Bienal de La Habana,14,2021,14ª Bienal de La Habana «Futuro y contemporaneidad» (2021-2022)
3412,Sonia Cunliffe,Bienal de La Habana,14,2021,14ª Bienal de La Habana «Futuro y contemporaneidad» (2021-2022)
3413,La Usurpadora,Bienal de La Habana,14,2021,14ª Bienal de La Habana «Futuro y contemporaneidad» (2021-2022)
3414,Valérie Mréjen,Bienal de La Habana,14,2021,14ª Bienal de La Habana «Futuro y contemporaneidad» (2021-2022)
3415,Antoni Muntadas,Bienal de La Habana,7,2000,7ª Bienal de La Habana «Uno más cerca del otro» (2000-2001)
3415,Antoni Muntadas,Premio Velázquez,,2009,Premio Velázquez de las Artes Plásticas (2009)
3416,Marta Palau,Bienal de La Habana,,,"Bienal de La Habana (participación documentada, edición por precisar)"
3416,Marta Palau,Radical Women,,2017,"Radical Women: Latin American Art 1960-1985, Hammer Museum (2017, Fajardo-Hill/Giunta); itinerancia Brooklyn Museum y Pinacoteca de São Paulo (2018)"
3417,Liliana Porter,Bienal de La Habana,7,2000,7ª Bienal de La Habana «Uno más cerca del otro» (2000-2001)
3417,Liliana Porter,Bienal do Mercosul,6,,"6ª Bienal do Mercosul «A Terceira Margem do Rio» (2007, Pérez-Barreiro)"
3417,Liliana Porter,Colección Daros Latinamerica,,,"Colección Daros Latinamerica, Zúrich"
3417,Liliana Porter,Global Conceptualism,,1999,"Global Conceptualism: Points of Origin 1950s-1980s, Queens Museum, Nueva York (1999, Farver/Camnitzer/Weiss y equipo de once curadores); itinerancia Walker/Miami/MIT List"
3417,Liliana Porter,Radical Women,,2017,"Radical Women: Latin American Art 1960-1985, Hammer Museum (2017, Fajardo-Hill/Giunta); itinerancia Brooklyn Museum y Pinacoteca de São Paulo (2018)"
3418,José Bedia,Ante América,,1992,"Ante América, Biblioteca Luis Ángel Arango, Bogotá (1992, Mosquera/Ponce de León/Weiss)"
3418,José Bedia,Bienal de La Habana,,,"Bienal de La Habana (participación documentada, edición por precisar)"
3418,José Bedia,Colección Daros Latinamerica,,,"Colección Daros Latinamerica, Zúrich"
3418,José Bedia,Dak'Art,,2004,"Dak'Art, 6ª Bienal de Dakar (2004)"
3418,José Bedia,Magiciens de la Terre,,1989,"Magiciens de la Terre, Centre Pompidou / Grande Halle de la Villette, París (1989, Jean-Hubert Martin)"
3419,Nadín Ospina,Bienal de La Habana,7,2000,7ª Bienal de La Habana «Uno más cerca del otro» (2000-2001)
3419,Nadín Ospina,Colección Daros Latinamerica,,,"Colección Daros Latinamerica, Zúrich"
3420,Juvenal Ravelo,Bienal de La Habana,,,"Bienal de La Habana (participación documentada, edición por precisar)"
3421,Rachel Valdés,Bienal de La Habana,11,2012,11ª Bienal de La Habana «Prácticas artísticas e imaginarios sociales» (2012)
3422,Manuel Mendive,Bienal de La Habana,6,1997,6ª Bienal de La Habana «El individuo y su memoria» (1997)
3423,Roberto Fabelo,Bienal de La Habana,,,"Bienal de La Habana (participación documentada, edición por precisar)"
3424,José A. Toirac,Bienal de La Habana,6,1997,6ª Bienal de La Habana «El individuo y su memoria» (1997)
3425,Eduardo Ponjuán,Bienal de La Habana,6,1997,6ª Bienal de La Habana «El individuo y su memoria» (1997)
3425,Eduardo Ponjuán,Bienal de La Habana,12,2015,12ª Bienal de La Habana «Entre la idea y la experiencia» (2015)
3426,Alexia Miranda,Bienal de La Habana,,,"Bienal de La Habana (participación documentada, edición por precisar)"
3427,Roberto Behar,Bienal de La Habana,8,2003,8ª Bienal de La Habana (2003)
3428,Edgardo Madanes,Bienal de La Habana,8,2003,8ª Bienal de La Habana (2003)
3429,Rosario Marquardt,Bienal de La Habana,8,2003,8ª Bienal de La Habana (2003)
3430,Jorge Orta,Bienal de La Habana,8,2003,8ª Bienal de La Habana (2003)
3431,Silvia Rivas,Bienal de La Habana,8,2003,8ª Bienal de La Habana (2003)
3432,Taller La Estampa,Bienal de La Habana,8,2003,8ª Bienal de La Habana (2003)
3433,Gabriel Valansi,Bienal de La Habana,8,2003,8ª Bienal de La Habana (2003)
3434,Patricia Piccinini,Bienal de La Habana,8,2003,8ª Bienal de La Habana (2003)
3435,Craig Walsh,Bienal de La Habana,8,2003,8ª Bienal de La Habana (2003)
3436,Ariane Müller,Bienal de La Habana,8,2003,8ª Bienal de La Habana (2003)
3437,Karina Nimmerfall,Bienal de La Habana,8,2003,8ª Bienal de La Habana (2003)
3438,Yasser Musa,Bienal de La Habana,8,2003,8ª Bienal de La Habana (2003)
3439,Gilvano Swasey,Bienal de La Habana,8,2003,8ª Bienal de La Habana (2003)
3440,Dominique Zinkpé,Bienal de La Habana,8,2003,8ª Bienal de La Habana (2003)
3440,Dominique Zinkpé,Dak'Art,,2002,"Dak'Art, 5ª Bienal de Dakar (2002)"
3440,Dominique Zinkpé,Dak'Art,,,"Dak'Art, 15ª Bienal de Dakar «The Wake» (2024, Salimata Diop)"
3441,José Patrício Bezerra,Bienal de La Habana,8,2003,8ª Bienal de La Habana (2003)
3442,Guaraci Gabriel Campo,Bienal de La Habana,8,2003,8ª Bienal de La Habana (2003)
3443,Grupo Bijarí,Bienal de La Habana,8,2003,8ª Bienal de La Habana (2003)
3444,Daniel Lima,Bienal de La Habana,8,2003,8ª Bienal de La Habana (2003)
3445,Pazé,Bienal de La Habana,8,2003,8ª Bienal de La Habana (2003)
3446,Courtney Smith,Bienal de La Habana,8,2003,8ª Bienal de La Habana (2003)
3447,Jayce Salloum,Bienal de La Habana,8,2003,8ª Bienal de La Habana (2003)
3448,Claudio Correa,Bienal de La Habana,8,2003,8ª Bienal de La Habana (2003)
3449,Patrick Hamilton,Bienal de La Habana,8,2003,8ª Bienal de La Habana (2003)
3450,Sebastián Preece,Bienal de La Habana,8,2003,8ª Bienal de La Habana (2003)
3451,Juan Castillo,Bienal de La Habana,8,2003,8ª Bienal de La Habana (2003)
3452,Qiu Ping,Bienal de La Habana,8,2003,8ª Bienal de La Habana (2003)
3453,Fernando Arias Gaviria,Bienal de La Habana,8,2003,8ª Bienal de La Habana (2003)
3454,Alejandro Castaño,Bienal de La Habana,8,2003,8ª Bienal de La Habana (2003)
3455,Grupo Nómada,Bienal de La Habana,8,2003,8ª Bienal de La Habana (2003)
3456,Oswaldo Macià,Bienal de Gwangju,15,2024,"15ª Bienal de Gwangju «Pansori, a soundscape of the 21st century» (2024, Nicolas Bourriaud)"
3456,Oswaldo Macià,Bienal de La Habana,8,2003,8ª Bienal de La Habana (2003)
3456,Oswaldo Macià,Colección Daros Latinamerica,,,"Colección Daros Latinamerica, Zúrich"
3457,MMJ,Bienal de La Habana,8,2003,8ª Bienal de La Habana (2003)
3458,Beatriz Olano,Bienal de La Habana,8,2003,8ª Bienal de La Habana (2003)
3459,Libia Posada,Bienal de La Habana,8,2003,8ª Bienal de La Habana (2003)
3460,Guillermo Quintero,Bienal de La Habana,8,2003,8ª Bienal de La Habana (2003)
3461,Alfonso Suárez,Bienal de La Habana,8,2003,8ª Bienal de La Habana (2003)
3462,Iván Capote,Bienal de La Habana,8,2003,8ª Bienal de La Habana (2003)
3462,Iván Capote,Colección Daros Latinamerica,,,"Colección Daros Latinamerica, Zúrich"
3463,Yoan Capote,Bienal de La Habana,8,2003,8ª Bienal de La Habana (2003)
3463,Yoan Capote,Colección Daros Latinamerica,,,"Colección Daros Latinamerica, Zúrich"
3464,Liset Castillo,Bienal de La Habana,8,2003,8ª Bienal de La Habana (2003)
3465,Colectivo Enema,Bienal de La Habana,8,2003,8ª Bienal de La Habana (2003)
3466,Departamento de Intervenciones Públicas,Bienal de La Habana,8,2003,8ª Bienal de La Habana (2003)
3467,Aimée García,Bienal de La Habana,8,2003,8ª Bienal de La Habana (2003)
3468,Alexander Guerra,Bienal de La Habana,8,2003,8ª Bienal de La Habana (2003)
3469,Glenda León,Bienal de Cuenca,15,,"15ª Bienal de Cuenca «Bienal del Bioceno» (2021, De la Torre)"
3469,Glenda León,Bienal de La Habana,8,2003,8ª Bienal de La Habana (2003)
3469,Glenda León,Bienal de La Habana,12,2015,12ª Bienal de La Habana «Entre la idea y la experiencia» (2015)
3469,Glenda León,CIFO Grants & Commissions,,2024,"CIFO Grants & Commissions, premiado/a (2024)"
3470,Armando Mariño,Bienal de La Habana,8,2003,8ª Bienal de La Habana (2003)
3470,Armando Mariño,Bienal de La Habana,6,1997,6ª Bienal de La Habana «El individuo y su memoria» (1997)
3471,Alain Pino,Bienal de La Habana,8,2003,8ª Bienal de La Habana (2003)
3472,Nelson Ramírez,Bienal de La Habana,8,2003,8ª Bienal de La Habana (2003)
3473,Ángel Ricardo Ríos,Bienal de La Habana,8,2003,8ª Bienal de La Habana (2003)
3474,Adrián Rumbaut,Bienal de La Habana,8,2003,8ª Bienal de La Habana (2003)
3475,Jorge Luis Santana,Bienal de La Habana,8,2003,8ª Bienal de La Habana (2003)
3476,David Sardiñas,Bienal de La Habana,8,2003,8ª Bienal de La Habana (2003)
3477,Liudmila Velazco,Bienal de La Habana,8,2003,8ª Bienal de La Habana (2003)
3478,José Ángel Vincench,Bienal de La Habana,8,2003,8ª Bienal de La Habana (2003)
3479,Darío Oleaga,Bienal de La Habana,8,2003,8ª Bienal de La Habana (2003)
3480,Raquel Paiewonsky,Bienal de La Habana,8,2003,8ª Bienal de La Habana (2003)
3480,Raquel Paiewonsky,Colección Daros Latinamerica,,,"Colección Daros Latinamerica, Zúrich"
3481,Jorge Pineda,Bienal de La Habana,8,2003,8ª Bienal de La Habana (2003)
3482,Artes No Decorativas S.A.,Bienal de La Habana,8,2003,8ª Bienal de La Habana (2003)
3483,Mohamed Abla,Bienal de La Habana,8,2003,8ª Bienal de La Habana (2003)
3484,Sabah Naim,Bienal de La Habana,8,2003,8ª Bienal de La Habana (2003)
3485,Kaarina Kaikkonen,Bienal de La Habana,8,2003,8ª Bienal de La Habana (2003)
3486,Claude Levêque,Bienal de La Habana,8,2003,8ª Bienal de La Habana (2003)
3487,AnArchitektur,Bienal de La Habana,8,2003,8ª Bienal de La Habana (2003)
3488,Helga Griffiths,Bienal de La Habana,8,2003,8ª Bienal de La Habana (2003)
3489,Jens J. Meyer,Bienal de La Habana,8,2003,8ª Bienal de La Habana (2003)
3490,Katrin Pesh,Bienal de La Habana,8,2003,8ª Bienal de La Habana (2003)
3491,Theoretical TV,Bienal de La Habana,8,2003,8ª Bienal de La Habana (2003)
3492,Simon Tegala,Bienal de La Habana,8,2003,8ª Bienal de La Habana (2003)
3493,Darío Escobar,Bienal de La Habana,8,2003,8ª Bienal de La Habana (2003)
3493,Darío Escobar,Colección Daros Latinamerica,,,"Colección Daros Latinamerica, Zúrich"
3494,Navjot Altaf,Bienal de La Habana,8,2003,8ª Bienal de La Habana (2003)
3495,Subodh Gupta,Bienal de La Habana,8,2003,8ª Bienal de La Habana (2003)
3496,Open Circle,Bienal de La Habana,8,2003,8ª Bienal de La Habana (2003)
3497,Ghazel,Bienal de La Habana,8,2003,8ª Bienal de La Habana (2003)
3498,Grupo A12,Bienal de La Habana,8,2003,8ª Bienal de La Habana (2003)
3499,Jems Robert Koko-Bi,Bienal de La Habana,8,2003,8ª Bienal de La Habana (2003)
3499,Jems Robert Koko-Bi,Dak'Art,,2002,"Dak'Art, 5ª Bienal de Dakar (2002)"
3500,Norbert Francis Attard,Bienal de La Habana,8,2003,8ª Bienal de La Habana (2003)
3501,Ernest Breleur,Bienal de La Habana,8,2003,8ª Bienal de La Habana (2003)
3502,Mauricio Alejo,Bienal de La Habana,8,2003,8ª Bienal de La Habana (2003)
3502,Mauricio Alejo,Colección Daros Latinamerica,,,"Colección Daros Latinamerica, Zúrich"
3503,Grupo Torolab,Bienal de La Habana,8,2003,8ª Bienal de La Habana (2003)
3504,Ariel Guzik,Bienal de La Habana,8,2003,8ª Bienal de La Habana (2003)
3505,Pablo Helguera,Bienal de Cuenca,14,,"14ª Bienal de Cuenca «Estructuras Vivientes» (2018, Fuenmayor)"
3505,Pablo Helguera,Bienal de La Habana,8,2003,8ª Bienal de La Habana (2003)
3506,Richard Moszka,Bienal de La Habana,8,2003,8ª Bienal de La Habana (2003)
3507,Betsabeé Romero,Bienal de La Habana,8,2003,8ª Bienal de La Habana (2003)
3507,Betsabeé Romero,Colección Daros Latinamerica,,,"Colección Daros Latinamerica, Zúrich"
3508,Melanie Smith,Bienal de La Habana,8,2003,8ª Bienal de La Habana (2003)
3508,Melanie Smith,Colección Daros Latinamerica,,,"Colección Daros Latinamerica, Zúrich"
3509,José Ferreira,Bienal de La Habana,8,2003,8ª Bienal de La Habana (2003)
3510,Luis Basto,Bienal de La Habana,8,2003,8ª Bienal de La Habana (2003)
3511,Zeger Reyers,Bienal de La Habana,8,2003,8ª Bienal de La Habana (2003)
3512,Emeka Udemba,Bienal de La Habana,8,2003,8ª Bienal de La Habana (2003)
3512,Emeka Udemba,Dak'Art,,2002,"Dak'Art, 5ª Bienal de Dakar (2002)"
3513,Gustavo Araujo,Bienal de La Habana,8,2003,8ª Bienal de La Habana (2003)
3514,Humberto Vélez,Bienal de La Habana,8,2003,8ª Bienal de La Habana (2003)
3514,Humberto Vélez,Colección Daros Latinamerica,,,"Colección Daros Latinamerica, Zúrich"
3515,Christian Ceuppens,Bienal de La Habana,8,2003,8ª Bienal de La Habana (2003)
3516,Adriana González Brun,Bienal de La Habana,8,2003,8ª Bienal de La Habana (2003)
3516,Adriana González Brun,Bienal de La Habana,7,2000,7ª Bienal de La Habana «Uno más cerca del otro» (2000-2001)
3517,Ricardo Migliorisi,Bienal de La Habana,8,2003,8ª Bienal de La Habana (2003)
3518,Luis García Zapatero,Bienal de La Habana,8,2003,8ª Bienal de La Habana (2003)
3519,Emilio Santiesteban,Bienal de La Habana,8,2003,8ª Bienal de La Habana (2003)
3520,Alma Quinto,Bienal de La Habana,8,2003,8ª Bienal de La Habana (2003)
3521,Rosa Irigoyen,Bienal de La Habana,8,2003,8ª Bienal de La Habana (2003)
3521,Rosa Irigoyen,Bienal de La Habana,6,1997,6ª Bienal de La Habana «El individuo y su memoria» (1997)
3522,Charles Juhasz-Alvarado,Bienal de La Habana,8,2003,8ª Bienal de La Habana (2003)
3522,Charles Juhasz-Alvarado,Colección Daros Latinamerica,,,"Colección Daros Latinamerica, Zúrich"
3523,Arnaldo Morales,Bienal de La Habana,8,2003,8ª Bienal de La Habana (2003)
3524,Carlos Rivera,Bienal de La Habana,8,2003,8ª Bienal de La Habana (2003)
3525,Ousmane Ndiaye Dago,Bienal de La Habana,8,2003,8ª Bienal de La Habana (2003)
3525,Ousmane Ndiaye Dago,Dak'Art,,2002,"Dak'Art, 5ª Bienal de Dakar (2002)"
3526,Noni Kaur,Bienal de La Habana,8,2003,8ª Bienal de La Habana (2003)
3527,Oláfur Arni-Olafsson,Bienal de La Habana,8,2003,8ª Bienal de La Habana (2003)
3528,Lluis Barba,Bienal de La Habana,8,2003,8ª Bienal de La Habana (2003)
3529,José A. Martín,Bienal de La Habana,8,2003,8ª Bienal de La Habana (2003)
3530,Libia Pérez,Bienal de La Habana,8,2003,8ª Bienal de La Habana (2003)
3531,Javier Sicilia,Bienal de La Habana,8,2003,8ª Bienal de La Habana (2003)
3532,Néstor Torrens,Bienal de La Habana,8,2003,8ª Bienal de La Habana (2003)
3533,Arlene Amaler-Raviv,Bienal de La Habana,8,2003,8ª Bienal de La Habana (2003)
3534,Sam Nhlengethwa,Bienal de La Habana,8,2003,8ª Bienal de La Habana (2003)
3535,Rodney Place,Bienal de La Habana,8,2003,8ª Bienal de La Habana (2003)
3535,Rodney Place,Dak'Art,,2002,"Dak'Art, 5ª Bienal de Dakar (2002)"
3536,Dale Yudelman,Bienal de La Habana,8,2003,8ª Bienal de La Habana (2003)
3537,Fabiana de Barros,Bienal de La Habana,8,2003,8ª Bienal de La Habana (2003)
3538,Yute Sailer,Bienal de La Habana,8,2003,8ª Bienal de La Habana (2003)
3539,Sutee Kunavichayanont,Bienal de La Habana,8,2003,8ª Bienal de La Habana (2003)
3540,Surasi Kusolwong,Bienal de Estambul,8,2003,"8ª Bienal de Estambul «Poetic Justice» (2003, Dan Cameron)"
3540,Surasi Kusolwong,Bienal de La Habana,8,2003,8ª Bienal de La Habana (2003)
3540,Surasi Kusolwong,Cities on the Move,,1997,"Cities on the Move, Secession, Viena (1997, Hou Hanru y Hans Ulrich Obrist); itinerancia Burdeos, PS1, Louisiana, Hayward, Kiasma y Bangkok (1997-1999)"
3541,Nipan Oranniwesna,Bienal de La Habana,8,2003,8ª Bienal de La Habana (2003)
3542,Kamol Phaosavasdi,Bienal de La Habana,8,2003,8ª Bienal de La Habana (2003)
3543,Can Altay,Bienal de Estambul,8,2003,"8ª Bienal de Estambul «Poetic Justice» (2003, Dan Cameron)"
3543,Can Altay,Bienal de La Habana,8,2003,8ª Bienal de La Habana (2003)
3544,Oda Projesi,Bienal de Estambul,8,2003,"8ª Bienal de Estambul «Poetic Justice» (2003, Dan Cameron)"
3544,Oda Projesi,Bienal de Estambul,9,2005,"9ª Bienal de Estambul «İstanbul» (2005, Esche/Kortun)"
3544,Oda Projesi,Bienal de La Habana,8,2003,8ª Bienal de La Habana (2003)
3545,Levent Senturk,Bienal de La Habana,8,2003,8ª Bienal de La Habana (2003)
3546,Hale Tenger,Bienal de La Habana,8,2003,8ª Bienal de La Habana (2003)
3547,Mürüvvet Turkylmaz,Bienal de La Habana,8,2003,8ª Bienal de La Habana (2003)
3548,Martin Sastre,Bienal de La Habana,8,2003,8ª Bienal de La Habana (2003)
3548,Martin Sastre,Colección Daros Latinamerica,,,"Colección Daros Latinamerica, Zúrich"
3549,Alejandro Díaz,Bienal de La Habana,8,2003,8ª Bienal de La Habana (2003)
3550,Nan González,Bienal de La Habana,8,2003,8ª Bienal de La Habana (2003)
3551,José Luis López,Bienal de La Habana,8,2003,8ª Bienal de La Habana (2003)
3552,Mariana Monteagudo,Bienal de La Habana,8,2003,8ª Bienal de La Habana (2003)
3553,David Brazier,Bienal de La Habana,8,2003,8ª Bienal de La Habana (2003)
3554,Calvin Dondo,Bienal de La Habana,8,2003,8ª Bienal de La Habana (2003)
3555,Tapfuma Gutsa,Bienal de La Habana,8,2003,8ª Bienal de La Habana (2003)
3555,Tapfuma Gutsa,Dak'Art,,2004,"Dak'Art, 6ª Bienal de Dakar (2004)"
3556,Cirilio Julien Abath,Bienal de La Habana,7,2000,7ª Bienal de La Habana «Uno más cerca del otro» (2000-2001)
3557,Yaquelín Abdalá,Bienal de La Habana,7,2000,7ª Bienal de La Habana «Uno más cerca del otro» (2000-2001)
3558,Regina María Aguilar Pinel,Bienal de La Habana,7,2000,7ª Bienal de La Habana «Uno más cerca del otro» (2000-2001)
3559,Alfredo & Isabel Aquilizan,Bienal de La Habana,7,2000,7ª Bienal de La Habana «Uno más cerca del otro» (2000-2001)
3560,Gustavo Artigas,Bienal de La Habana,7,2000,7ª Bienal de La Habana «Uno más cerca del otro» (2000-2001)
3561,Nora Aslán,Bienal de La Habana,7,2000,7ª Bienal de La Habana «Uno más cerca del otro» (2000-2001)
3562,Asociación Incorpore,Bienal de La Habana,7,2000,7ª Bienal de La Habana «Uno más cerca del otro» (2000-2001)
3563,Emilia Azcárate,Bienal de La Habana,7,2000,7ª Bienal de La Habana «Uno más cerca del otro» (2000-2001)
3563,Emilia Azcárate,CIFO Grants & Commissions,,2006,"CIFO Grants & Commissions, premiado/a (2006)"
3564,Irwan Bagja Dermawan,Bienal de La Habana,7,2000,7ª Bienal de La Habana «Uno más cerca del otro» (2000-2001)
3565,Alessandro Balteo,Bienal de La Habana,7,2000,7ª Bienal de La Habana «Uno más cerca del otro» (2000-2001)
3566,Lucas Bambozzi,Bienal de La Habana,7,2000,7ª Bienal de La Habana «Uno más cerca del otro» (2000-2001)
3567,Enrique Banfi,Bienal de La Habana,7,2000,7ª Bienal de La Habana «Uno más cerca del otro» (2000-2001)
3568,Pedro Barrail,Bienal de La Habana,7,2000,7ª Bienal de La Habana «Uno más cerca del otro» (2000-2001)
3569,Fabiana Barreda,Bienal de La Habana,7,2000,7ª Bienal de La Habana «Uno más cerca del otro» (2000-2001)
3570,Abel Barroso,Bienal de La Habana,7,2000,7ª Bienal de La Habana «Uno más cerca del otro» (2000-2001)
3571,Javier Bassi,Bienal de La Habana,7,2000,7ª Bienal de La Habana «Uno más cerca del otro» (2000-2001)
3572,Tuly Bauman,Bienal de La Habana,7,2000,7ª Bienal de La Habana «Uno más cerca del otro» (2000-2001)
3573,Patricia Belli,Bienal de La Habana,7,2000,7ª Bienal de La Habana «Uno más cerca del otro» (2000-2001)
3573,Patricia Belli,CIFO Grants & Commissions,,2024,"CIFO Grants & Commissions, premiado/a (2024)"
3573,Patricia Belli,Premio Velázquez,,2025,Premio Velázquez de las Artes Plásticas (2025)
3574,Ricardo Benaim,Bienal de La Habana,7,2000,7ª Bienal de La Habana «Uno más cerca del otro» (2000-2001)
3575,Jack Damien Beng-Thi,Bienal de La Habana,7,2000,7ª Bienal de La Habana «Uno más cerca del otro» (2000-2001)
3575,Jack Damien Beng-Thi,Bienal de La Habana,6,1997,6ª Bienal de La Habana «El individuo y su memoria» (1997)
3576,Howard Ben-Tré,Bienal de La Habana,7,2000,7ª Bienal de La Habana «Uno más cerca del otro» (2000-2001)
3577,Juan Betancourt,Bienal de La Habana,7,2000,7ª Bienal de La Habana «Uno más cerca del otro» (2000-2001)
3578,Carlos Blanco,Bienal de La Habana,7,2000,7ª Bienal de La Habana «Uno más cerca del otro» (2000-2001)
3579,Willem Boshoff,Bienal de La Habana,7,2000,7ª Bienal de La Habana «Uno más cerca del otro» (2000-2001)
3579,Willem Boshoff,Global Conceptualism,,1999,"Global Conceptualism: Points of Origin 1950s-1980s, Queens Museum, Nueva York (1999, Farver/Camnitzer/Weiss y equipo de once curadores); itinerancia Walker/Miami/MIT List"
3579,Willem Boshoff,The Short Century,,2001,"The Short Century: Independence and Liberation Movements in Africa 1945-1994, Villa Stuck, Múnich (2001, Okwui Enwezor); itinerancia Berlín/Chicago/PS1-MoMA (2001-2002)"
3580,Kevin Brand,Bienal de La Habana,7,2000,7ª Bienal de La Habana «Uno más cerca del otro» (2000-2001)
3581,Alex Burke,Bienal de La Habana,7,2000,7ª Bienal de La Habana «Uno más cerca del otro» (2000-2001)
3582,Rodrigo Cabezas,Bienal de La Habana,7,2000,7ª Bienal de La Habana «Uno más cerca del otro» (2000-2001)
3583,Nelson Carrilho,Bienal de La Habana,7,2000,7ª Bienal de La Habana «Uno más cerca del otro» (2000-2001)
3584,Valia Carvalho,Bienal de La Habana,7,2000,7ª Bienal de La Habana «Uno más cerca del otro» (2000-2001)
3585,Claudia Casarino,Bienal de La Habana,7,2000,7ª Bienal de La Habana «Uno más cerca del otro» (2000-2001)
3586,Marlon Castellanos,Bienal de La Habana,7,2000,7ª Bienal de La Habana «Uno más cerca del otro» (2000-2001)
3587,Sila Chanto Quesada,Bienal de La Habana,7,2000,7ª Bienal de La Habana «Uno más cerca del otro» (2000-2001)
3588,Sheba Chhachhi,Bienal de La Habana,7,2000,7ª Bienal de La Habana «Uno más cerca del otro» (2000-2001)
3589,Albert Chong,Bienal de La Habana,7,2000,7ª Bienal de La Habana «Uno más cerca del otro» (2000-2001)
3590,José Antonio Choy,Bienal de La Habana,7,2000,7ª Bienal de La Habana «Uno más cerca del otro» (2000-2001)
3591,Osvaldo Cibils,Bienal de La Habana,7,2000,7ª Bienal de La Habana «Uno más cerca del otro» (2000-2001)
3592,Adolfo Cifuentes,Bienal de La Habana,7,2000,7ª Bienal de La Habana «Uno más cerca del otro» (2000-2001)
3593,Soly Cissé,Bienal de La Habana,7,2000,7ª Bienal de La Habana «Uno más cerca del otro» (2000-2001)
3593,Soly Cissé,Dak'Art,,2002,"Dak'Art, 5ª Bienal de Dakar (2002)"
3594,Raúl Cordero,Bienal de La Habana,7,2000,7ª Bienal de La Habana «Uno más cerca del otro» (2000-2001)
3594,Raúl Cordero,Colección Daros Latinamerica,,,"Colección Daros Latinamerica, Zúrich"
3595,José A. Cruz,Bienal de La Habana,7,2000,7ª Bienal de La Habana «Uno más cerca del otro» (2000-2001)
3596,Viyé Dibá,Bienal de La Habana,7,2000,7ª Bienal de La Habana «Uno más cerca del otro» (2000-2001)
3597,Diana Domingues,Bienal de La Habana,7,2000,7ª Bienal de La Habana «Uno más cerca del otro» (2000-2001)
3598,Godfried Donkor,Bienal de La Habana,7,2000,7ª Bienal de La Habana «Uno más cerca del otro» (2000-2001)
3599,Anita Dube,Bienal de La Habana,7,2000,7ª Bienal de La Habana «Uno más cerca del otro» (2000-2001)
3600,Youssef Dweik,Bienal de La Habana,7,2000,7ª Bienal de La Habana «Uno más cerca del otro» (2000-2001)
3601,Clemencia Echeverri,Bienal de Cuenca,16,,"16ª Bienal de Cuenca (2023, Barenblit)"
3601,Clemencia Echeverri,Bienal de La Habana,7,2000,7ª Bienal de La Habana «Uno más cerca del otro» (2000-2001)
3601,Clemencia Echeverri,Colección Daros Latinamerica,,,"Colección Daros Latinamerica, Zúrich"
3602,Benni Efrat,Bienal de La Habana,7,2000,7ª Bienal de La Habana «Uno más cerca del otro» (2000-2001)
3603,Carlos Estévez,Bienal de La Habana,7,2000,7ª Bienal de La Habana «Uno más cerca del otro» (2000-2001)
3603,Carlos Estévez,Bienal de La Habana,6,1997,6ª Bienal de La Habana «El individuo y su memoria» (1997)
3604,Rodrigo Facundo,Bienal de La Habana,7,2000,7ª Bienal de La Habana «Uno más cerca del otro» (2000-2001)
3605,Tonel (Antonio Eligio Fernández),Bienal de La Habana,7,2000,7ª Bienal de La Habana «Uno más cerca del otro» (2000-2001)
3606,Alain Fleischer,Bienal de La Habana,7,2000,7ª Bienal de La Habana «Uno más cerca del otro» (2000-2001)
3607,Patricia Furlong,Bienal de La Habana,7,2000,7ª Bienal de La Habana «Uno más cerca del otro» (2000-2001)
3608,Gabinete Ordo Amoris,Bienal de La Habana,7,2000,7ª Bienal de La Habana «Uno más cerca del otro» (2000-2001)
3609,Galería Dupp,Bienal de La Habana,7,2000,7ª Bienal de La Habana «Uno más cerca del otro» (2000-2001)
3610,Galería Metropolitana,Bienal de La Habana,7,2000,7ª Bienal de La Habana «Uno más cerca del otro» (2000-2001)
3611,María Francisca García,Bienal de La Habana,7,2000,7ª Bienal de La Habana «Uno más cerca del otro» (2000-2001)
3612,Juan García,Bienal de La Habana,7,2000,7ª Bienal de La Habana «Uno más cerca del otro» (2000-2001)
3613,Andrea Goic,Bienal de La Habana,7,2000,7ª Bienal de La Habana «Uno más cerca del otro» (2000-2001)
3614,Luis Gómez,Bienal de La Habana,7,2000,7ª Bienal de La Habana «Uno más cerca del otro» (2000-2001)
3615,José Gómez Fresquet (Frémez),Bienal de La Habana,7,2000,7ª Bienal de La Habana «Uno más cerca del otro» (2000-2001)
3616,Sid Gómez Hildawa,Bienal de La Habana,7,2000,7ª Bienal de La Habana «Uno más cerca del otro» (2000-2001)
3617,Mónica González,Bienal de La Habana,7,2000,7ª Bienal de La Habana «Uno más cerca del otro» (2000-2001)
3618,José Miguel González Casanova,Bienal de La Habana,7,2000,7ª Bienal de La Habana «Uno más cerca del otro» (2000-2001)
3619,Grupo Escombros,Bienal de La Habana,7,2000,7ª Bienal de La Habana «Uno más cerca del otro» (2000-2001)
3620,Grupo Grafito,Bienal de La Habana,7,2000,7ª Bienal de La Habana «Uno más cerca del otro» (2000-2001)
3621,Grupo Revarte,Bienal de La Habana,7,2000,7ª Bienal de La Habana «Uno más cerca del otro» (2000-2001)
3622,Serge Guodin-Thebia,Bienal de La Habana,7,2000,7ª Bienal de La Habana «Uno más cerca del otro» (2000-2001)
3623,Rubén Gutiérrez,Bienal de La Habana,7,2000,7ª Bienal de La Habana «Uno más cerca del otro» (2000-2001)
3623,Rubén Gutiérrez,CIFO Grants & Commissions,,2006,"CIFO Grants & Commissions, premiado/a (2006)"
3624,Amanda Heng,Bienal de Gwangju,16,2026,"16ª Bienal de Gwangju «You Must Change Your Life» (2026, Ho Tzu Nyen)"
3624,Amanda Heng,Bienal de La Habana,7,2000,7ª Bienal de La Habana «Uno más cerca del otro» (2000-2001)
3625,Mohammed Ahmed Ibrahim,Bienal de La Habana,7,2000,7ª Bienal de La Habana «Uno más cerca del otro» (2000-2001)
3626,Jaime Iregui,Bienal de La Habana,7,2000,7ª Bienal de La Habana «Uno más cerca del otro» (2000-2001)
3627,Shigeaki Iwai,Bienal de La Habana,7,2000,7ª Bienal de La Habana «Uno más cerca del otro» (2000-2001)
3628,Marisel Jiménez,Bienal de La Habana,7,2000,7ª Bienal de La Habana «Uno más cerca del otro» (2000-2001)
3629,Anomán Jonás,Bienal de La Habana,7,2000,7ª Bienal de La Habana «Uno más cerca del otro» (2000-2001)
3630,Remy Jungerman,Bienal de La Habana,7,2000,7ª Bienal de La Habana «Uno más cerca del otro» (2000-2001)
3630,Remy Jungerman,Bienal de La Habana,6,1997,6ª Bienal de La Habana «El individuo y su memoria» (1997)
3631,Godfried Kabjo (Goddy Leye),Bienal de La Habana,7,2000,7ª Bienal de La Habana «Uno más cerca del otro» (2000-2001)
3632,Mohammed Kazem,Bienal de La Habana,7,2000,7ª Bienal de La Habana «Uno más cerca del otro» (2000-2001)
3633,Jac Leirner,Bienal de La Habana,7,2000,7ª Bienal de La Habana «Uno más cerca del otro» (2000-2001)
3633,Jac Leirner,Colección Cisneros (CPPC),,2018,"Donación CPPC al MoMA, Contemporary Gift (2018)"
3634,Ndary Lo,Bienal de La Habana,7,2000,7ª Bienal de La Habana «Uno más cerca del otro» (2000-2001)
3634,Ndary Lo,Dak'Art,,2002,"Dak'Art, 5ª Bienal de Dakar (2002)"
3635,Julieta López Aranda,Bienal de La Habana,7,2000,7ª Bienal de La Habana «Uno más cerca del otro» (2000-2001)
3636,Angel Marcos,Bienal de La Habana,7,2000,7ª Bienal de La Habana «Uno más cerca del otro» (2000-2001)
3637,Alida Martínez,Bienal de La Habana,7,2000,7ª Bienal de La Habana «Uno más cerca del otro» (2000-2001)
3638,César Martínez,Bienal de La Habana,7,2000,7ª Bienal de La Habana «Uno más cerca del otro» (2000-2001)
3638,César Martínez,Bienal de La Habana,6,1997,6ª Bienal de La Habana «El individuo y su memoria» (1997)
3639,Anamaría McCarthy,Bienal de La Habana,7,2000,7ª Bienal de La Habana «Uno más cerca del otro» (2000-2001)
3639,Anamaría McCarthy,Bienal de La Habana,6,1997,6ª Bienal de La Habana «El individuo y su memoria» (1997)
3640,María Angélica Medina,Bienal de La Habana,7,2000,7ª Bienal de La Habana «Uno más cerca del otro» (2000-2001)
3641,Gonzalo Mezza,Bienal de La Habana,7,2000,7ª Bienal de La Habana «Uno más cerca del otro» (2000-2001)
3642,Peter Minshall,Bienal de La Habana,7,2000,7ª Bienal de La Habana «Uno más cerca del otro» (2000-2001)
3643,Luis Molina Pantin,Bienal de La Habana,7,2000,7ª Bienal de La Habana «Uno más cerca del otro» (2000-2001)
3644,Rosana Monnerat,Bienal de La Habana,7,2000,7ª Bienal de La Habana «Uno más cerca del otro» (2000-2001)
3645,Joel Mpah Dooh,Bienal de La Habana,7,2000,7ª Bienal de La Habana «Uno más cerca del otro» (2000-2001)
3645,Joel Mpah Dooh,Dak'Art,,2002,"Dak'Art, 5ª Bienal de Dakar (2002)"
3646,Krisna Murti,Bienal de La Habana,7,2000,7ª Bienal de La Habana «Uno más cerca del otro» (2000-2001)
3647,Mónica Nador,Bienal de La Habana,7,2000,7ª Bienal de La Habana «Uno más cerca del otro» (2000-2001)
3648,Arthur Omar,Bienal de La Habana,7,2000,7ª Bienal de La Habana «Uno más cerca del otro» (2000-2001)
3649,Néstor Otero,Bienal de La Habana,7,2000,7ª Bienal de La Habana «Uno más cerca del otro» (2000-2001)
3650,Clemente Padín,Bienal de La Habana,7,2000,7ª Bienal de La Habana «Uno más cerca del otro» (2000-2001)
3651,Shirley Paes Leme,Bienal de La Habana,7,2000,7ª Bienal de La Habana «Uno más cerca del otro» (2000-2001)
3651,Shirley Paes Leme,Bienal do Mercosul,10,,"10ª Bienal do Mercosul «Mensagens de uma Nova América» (2015, Fidelis)"
3652,Manisha Parekh,Bienal de La Habana,7,2000,7ª Bienal de La Habana «Uno más cerca del otro» (2000-2001)
3653,Silvana Pearl,Bienal de La Habana,7,2000,7ª Bienal de La Habana «Uno más cerca del otro» (2000-2001)
3654,William Pérez,Bienal de La Habana,7,2000,7ª Bienal de La Habana «Uno más cerca del otro» (2000-2001)
3655,Impy Pilapil,Bienal de La Habana,7,2000,7ª Bienal de La Habana «Uno más cerca del otro» (2000-2001)
3656,Barbara Prezeau,Bienal de La Habana,7,2000,7ª Bienal de La Habana «Uno más cerca del otro» (2000-2001)
3657,Marcos Ramírez,Bienal de La Habana,7,2000,7ª Bienal de La Habana «Uno más cerca del otro» (2000-2001)
3657,Marcos Ramírez,Bienal de La Habana,6,1997,6ª Bienal de La Habana «El individuo y su memoria» (1997)
3658,Jean Pierre Raynaud,Bienal de La Habana,7,2000,7ª Bienal de La Habana «Uno más cerca del otro» (2000-2001)
3659,Guy Raz,Bienal de La Habana,7,2000,7ª Bienal de La Habana «Uno más cerca del otro» (2000-2001)
3660,David Reeb,Bienal de La Habana,7,2000,7ª Bienal de La Habana «Uno más cerca del otro» (2000-2001)
3661,Ricardo Ribenboim,Bienal de La Habana,7,2000,7ª Bienal de La Habana «Uno más cerca del otro» (2000-2001)
3662,Miguel Angel Ríos,Bienal de La Habana,7,2000,7ª Bienal de La Habana «Uno más cerca del otro» (2000-2001)
3662,Miguel Angel Ríos,Bienal de La Habana,6,1997,6ª Bienal de La Habana «El individuo y su memoria» (1997)
3662,Miguel Angel Ríos,Colección Cisneros (CPPC),,2019,"Donación CPPC al Museo Reina Sofía, Madrid (2019)"
3662,Miguel Angel Ríos,Colección Daros Latinamerica,,,"Colección Daros Latinamerica, Zúrich"
3663,Dhara Rivera,Bienal de La Habana,7,2000,7ª Bienal de La Habana «Uno más cerca del otro» (2000-2001)
3664,Gustavo Romano,Bienal de La Habana,7,2000,7ª Bienal de La Habana «Uno más cerca del otro» (2000-2001)
3665,Nelbia Romero,Bienal de La Habana,7,2000,7ª Bienal de La Habana «Uno más cerca del otro» (2000-2001)
3665,Nelbia Romero,Radical Women,,2017,"Radical Women: Latin American Art 1960-1985, Hammer Museum (2017, Fajardo-Hill/Giunta); itinerancia Brooklyn Museum y Pinacoteca de São Paulo (2018)"
3666,Graciela Sacco,Bienal de La Habana,7,2000,7ª Bienal de La Habana «Uno más cerca del otro» (2000-2001)
3666,Graciela Sacco,Bienal de La Habana,6,1997,6ª Bienal de La Habana «El individuo y su memoria» (1997)
3667,Aaron I. Salabarrías,Bienal de La Habana,7,2000,7ª Bienal de La Habana «Uno más cerca del otro» (2000-2001)
3668,Osvaldo Salerno,Bienal de La Habana,7,2000,7ª Bienal de La Habana «Uno más cerca del otro» (2000-2001)
3668,Osvaldo Salerno,Bienal de La Habana,6,1997,6ª Bienal de La Habana «El individuo y su memoria» (1997)
3668,Osvaldo Salerno,Bienal do Mercosul,6,,"6ª Bienal do Mercosul «A Terceira Margem do Rio» (2007, Pérez-Barreiro)"
3669,Carolina Salinas,Bienal de La Habana,7,2000,7ª Bienal de La Habana «Uno más cerca del otro» (2000-2001)
3670,Esterio Segura,Bienal de La Habana,7,2000,7ª Bienal de La Habana «Uno más cerca del otro» (2000-2001)
3670,Esterio Segura,Dak'Art,,,"Dak'Art, 14ª Bienal de Dakar «Ĩ NDAFFA # / Out of the Fire» (2022, Ndiaye)"
3671,Mamady Seidy,Bienal de La Habana,7,2000,7ª Bienal de La Habana «Uno más cerca del otro» (2000-2001)
3671,Mamady Seidy,Dak'Art,,2002,"Dak'Art, 5ª Bienal de Dakar (2002)"
3672,Hassan Sharif,Bienal de La Habana,7,2000,7ª Bienal de La Habana «Uno más cerca del otro» (2000-2001)
3673,Cristian Silva,Bienal de La Habana,7,2000,7ª Bienal de La Habana «Uno más cerca del otro» (2000-2001)
3674,Diana Lisette de Solares,Bienal de La Habana,7,2000,7ª Bienal de La Habana «Uno más cerca del otro» (2000-2001)
3675,Auraeus Solito,Bienal de La Habana,7,2000,7ª Bienal de La Habana «Uno más cerca del otro» (2000-2001)
3676,Eliezer Sonnenschein,Bienal de La Habana,7,2000,7ª Bienal de La Habana «Uno más cerca del otro» (2000-2001)
3677,Ellen Francien Spijkstra,Bienal de La Habana,7,2000,7ª Bienal de La Habana «Uno más cerca del otro» (2000-2001)
3678,Jaime Suárez,Bienal de La Habana,7,2000,7ª Bienal de La Habana «Uno más cerca del otro» (2000-2001)
3679,Gerardo Suter,Bienal de La Habana,7,2000,7ª Bienal de La Habana «Uno más cerca del otro» (2000-2001)
3680,José Tence Ruíz,Bienal de La Habana,7,2000,7ª Bienal de La Habana «Uno más cerca del otro» (2000-2001)
3681,Diego Toledo,Bienal de La Habana,7,2000,7ª Bienal de La Habana «Uno más cerca del otro» (2000-2001)
3682,Bruna Truffa,Bienal de La Habana,7,2000,7ª Bienal de La Habana «Uno más cerca del otro» (2000-2001)
3683,Iké Udé,Bienal de La Habana,7,2000,7ª Bienal de La Habana «Uno más cerca del otro» (2000-2001)
3684,Pablo Uribe,Bienal de La Habana,7,2000,7ª Bienal de La Habana «Uno más cerca del otro» (2000-2001)
3685,Conny Viera,Bienal de La Habana,7,2000,7ª Bienal de La Habana «Uno más cerca del otro» (2000-2001)
3686,Páris Volta,Bienal de La Habana,7,2000,7ª Bienal de La Habana «Uno más cerca del otro» (2000-2001)
3687,Judi Werthein,Bienal de La Habana,7,2000,7ª Bienal de La Habana «Uno más cerca del otro» (2000-2001)
3687,Judi Werthein,Colección Cisneros (CPPC),,2018,Donación CPPC al Museo de Arte Moderno de Buenos Aires (2018)
3688,Junyee,Bienal de La Habana,7,2000,7ª Bienal de La Habana «Uno más cerca del otro» (2000-2001)
3688,Junyee,Cities on the Move,,1997,"Cities on the Move, Secession, Viena (1997, Hou Hanru y Hans Ulrich Obrist); itinerancia Burdeos, PS1, Louisiana, Hayward, Kiasma y Bangkok (1997-1999)"
3689,Enrique Zamudio,Bienal de La Habana,7,2000,7ª Bienal de La Habana «Uno más cerca del otro» (2000-2001)
3690,Manuel Zumbado Retana,Bienal de La Habana,7,2000,7ª Bienal de La Habana «Uno más cerca del otro» (2000-2001)
3691,Rachid Koraïchi,Bienal de La Habana,6,1997,6ª Bienal de La Habana «El individuo y su memoria» (1997)
3691,Rachid Koraïchi,Global Conceptualism,,1999,"Global Conceptualism: Points of Origin 1950s-1980s, Queens Museum, Nueva York (1999, Farver/Camnitzer/Weiss y equipo de once curadores); itinerancia Walker/Miami/MIT List"
3691,Rachid Koraïchi,The Short Century,,2001,"The Short Century: Independence and Liberation Movements in Africa 1945-1994, Villa Stuck, Múnich (2001, Okwui Enwezor); itinerancia Berlín/Chicago/PS1-MoMA (2001-2002)"
3692,Fernando Alvim,Bienal de La Habana,6,1997,6ª Bienal de La Habana «El individuo y su memoria» (1997)
3693,Antonio Ole,Bienal de La Habana,6,1997,6ª Bienal de La Habana «El individuo y su memoria» (1997)
3693,Antonio Ole,The Short Century,,2001,"The Short Century: Independence and Liberation Movements in Africa 1945-1994, Villa Stuck, Múnich (2001, Okwui Enwezor); itinerancia Berlín/Chicago/PS1-MoMA (2001-2002)"
3694,Claudia Aranovich,Bienal de La Habana,6,1997,6ª Bienal de La Habana «El individuo y su memoria» (1997)
3695,Luis Benedit,Bienal de La Habana,6,1997,6ª Bienal de La Habana «El individuo y su memoria» (1997)
3696,Kuki Benski,Bienal de La Habana,6,1997,6ª Bienal de La Habana «El individuo y su memoria» (1997)
3697,Pat Binder,Bienal de La Habana,6,1997,6ª Bienal de La Habana «El individuo y su memoria» (1997)
3698,Oscar Bony,Bienal de La Habana,6,1997,6ª Bienal de La Habana «El individuo y su memoria» (1997)
3698,Oscar Bony,Global Conceptualism,,1999,"Global Conceptualism: Points of Origin 1950s-1980s, Queens Museum, Nueva York (1999, Farver/Camnitzer/Weiss y equipo de once curadores); itinerancia Walker/Miami/MIT List"
3699,Guillermo Conte,Bienal de La Habana,6,1997,6ª Bienal de La Habana «El individuo y su memoria» (1997)
3700,Claudia Del Río,Bienal de La Habana,6,1997,6ª Bienal de La Habana «El individuo y su memoria» (1997)
3701,Roberto Fernández,Bienal de La Habana,6,1997,6ª Bienal de La Habana «El individuo y su memoria» (1997)
3702,Carlos Gallardo,Bienal de La Habana,6,1997,6ª Bienal de La Habana «El individuo y su memoria» (1997)
3703,Daniel García,Bienal de La Habana,6,1997,6ª Bienal de La Habana «El individuo y su memoria» (1997)
3704,Leandro Katz,Bienal de La Habana,6,1997,6ª Bienal de La Habana «El individuo y su memoria» (1997)
3704,Leandro Katz,CIFO Grants & Commissions,,2015,"CIFO Grants & Commissions, premiado/a (2015)"
3705,Marcos López,Bienal de La Habana,6,1997,6ª Bienal de La Habana «El individuo y su memoria» (1997)
3705,Marcos López,Colección Daros Latinamerica,,,"Colección Daros Latinamerica, Zúrich"
3706,Eduardo Medici,Bienal de La Habana,6,1997,6ª Bienal de La Habana «El individuo y su memoria» (1997)
3707,Marcela Moujan,Bienal de La Habana,6,1997,6ª Bienal de La Habana «El individuo y su memoria» (1997)
3708,Luis Niveiro,Bienal de La Habana,6,1997,6ª Bienal de La Habana «El individuo y su memoria» (1997)
3709,Daniel Ontiveros,Bienal de La Habana,6,1997,6ª Bienal de La Habana «El individuo y su memoria» (1997)
3710,Alfredo Portillos,Bienal de La Habana,6,1997,6ª Bienal de La Habana «El individuo y su memoria» (1997)
3711,Diana Schuffer,Bienal de La Habana,6,1997,6ª Bienal de La Habana «El individuo y su memoria» (1997)
3712,Raúl Stolkiner,Bienal de La Habana,6,1997,6ª Bienal de La Habana «El individuo y su memoria» (1997)
3713,Martín Weber,Bienal de La Habana,6,1997,6ª Bienal de La Habana «El individuo y su memoria» (1997)
3714,Glenda Heyleger,Bienal de La Habana,6,1997,6ª Bienal de La Habana «El individuo y su memoria» (1997)
3715,Elvis López,Bienal de La Habana,6,1997,6ª Bienal de La Habana «El individuo y su memoria» (1997)
3716,Osaira Muyale,Bienal de La Habana,6,1997,6ª Bienal de La Habana «El individuo y su memoria» (1997)
3717,Mike Parr,Bienal de La Habana,6,1997,6ª Bienal de La Habana «El individuo y su memoria» (1997)
3717,Mike Parr,Global Conceptualism,,1999,"Global Conceptualism: Points of Origin 1950s-1980s, Queens Museum, Nueva York (1999, Farver/Camnitzer/Weiss y equipo de once curadores); itinerancia Walker/Miami/MIT List"
3718,Sol Mateo,Bienal de La Habana,6,1997,6ª Bienal de La Habana «El individuo y su memoria» (1997)
3719,Gastón Ugalde,Bienal de La Habana,6,1997,6ª Bienal de La Habana «El individuo y su memoria» (1997)
3720,Arnaldo Antunes,Bienal de La Habana,6,1997,6ª Bienal de La Habana «El individuo y su memoria» (1997)
3721,Vicente De Mello,Bienal de La Habana,6,1997,6ª Bienal de La Habana «El individuo y su memoria» (1997)
3722,Alex Flemming,Bienal de La Habana,6,1997,6ª Bienal de La Habana «El individuo y su memoria» (1997)
3723,Angela Freiberger,Bienal de La Habana,6,1997,6ª Bienal de La Habana «El individuo y su memoria» (1997)
3724,Ana Bella Geiger,Bienal de La Habana,6,1997,6ª Bienal de La Habana «El individuo y su memoria» (1997)
3725,Rogerio Ghomes,Bienal de La Habana,6,1997,6ª Bienal de La Habana «El individuo y su memoria» (1997)
3726,Claudio Goulart,Bienal de La Habana,6,1997,6ª Bienal de La Habana «El individuo y su memoria» (1997)
3727,Sandra Kogut,Bienal de La Habana,6,1997,6ª Bienal de La Habana «El individuo y su memoria» (1997)
3728,Lia Mena Barreto,Bienal de La Habana,6,1997,6ª Bienal de La Habana «El individuo y su memoria» (1997)
3729,Nina Moraes,Bienal de La Habana,6,1997,6ª Bienal de La Habana «El individuo y su memoria» (1997)
3730,Jeanette Musatti,Bienal de La Habana,6,1997,6ª Bienal de La Habana «El individuo y su memoria» (1997)
3731,Flavio Pons,Bienal de La Habana,6,1997,6ª Bienal de La Habana «El individuo y su memoria» (1997)
3732,José Rufino,Bienal de La Habana,6,1997,6ª Bienal de La Habana «El individuo y su memoria» (1997)
3733,Antonio Saggese,Bienal de La Habana,6,1997,6ª Bienal de La Habana «El individuo y su memoria» (1997)
3734,Edilson Viriato,Bienal de La Habana,6,1997,6ª Bienal de La Habana «El individuo y su memoria» (1997)
3735,Marcia Xavier,Bienal de La Habana,6,1997,6ª Bienal de La Habana «El individuo y su memoria» (1997)
3736,Bill Akwa Betote,Bienal de La Habana,6,1997,6ª Bienal de La Habana «El individuo y su memoria» (1997)
3737,Billy Bidjocka,Bienal de La Habana,6,1997,6ª Bienal de La Habana «El individuo y su memoria» (1997)
3738,Carlos Altamirano,Bienal de La Habana,6,1997,6ª Bienal de La Habana «El individuo y su memoria» (1997)
3739,Francisco Casas,Bienal de La Habana,6,1997,6ª Bienal de La Habana «El individuo y su memoria» (1997)
3740,Arturo Duclos,Ante América,,1992,"Ante América, Biblioteca Luis Ángel Arango, Bogotá (1992, Mosquera/Ponce de León/Weiss)"
3740,Arturo Duclos,Bienal de La Habana,6,1997,6ª Bienal de La Habana «El individuo y su memoria» (1997)
3741,Ismael Frigerio,Bienal de La Habana,6,1997,6ª Bienal de La Habana «El individuo y su memoria» (1997)
3742,Pedro Lemebel,Bienal de La Habana,6,1997,6ª Bienal de La Habana «El individuo y su memoria» (1997)
3743,Macarena Oñate,Bienal de La Habana,6,1997,6ª Bienal de La Habana «El individuo y su memoria» (1997)
3744,Ian Szdylowski,Bienal de La Habana,6,1997,6ª Bienal de La Habana «El individuo y su memoria» (1997)
3745,Edith Arbeláez,Bienal de La Habana,6,1997,6ª Bienal de La Habana «El individuo y su memoria» (1997)
3746,Patricia Bravo,Bienal de La Habana,6,1997,6ª Bienal de La Habana «El individuo y su memoria» (1997)
3747,Victor Laignelet,Bienal de La Habana,6,1997,6ª Bienal de La Habana «El individuo y su memoria» (1997)
3748,Germán Martínez Cañas,Bienal de La Habana,6,1997,6ª Bienal de La Habana «El individuo y su memoria» (1997)
3749,Ana Claudia Múnera,Bienal de La Habana,6,1997,6ª Bienal de La Habana «El individuo y su memoria» (1997)
3750,Eduardo Pradilla,Bienal de La Habana,6,1997,6ª Bienal de La Habana «El individuo y su memoria» (1997)
3751,Víctor Robledo,Bienal de La Habana,6,1997,6ª Bienal de La Habana «El individuo y su memoria» (1997)
3752,Pablo Van Wong,Bienal de La Habana,6,1997,6ª Bienal de La Habana «El individuo y su memoria» (1997)
3753,Juan Carlos Alom,Bienal de La Habana,6,1997,6ª Bienal de La Habana «El individuo y su memoria» (1997)
3753,Juan Carlos Alom,Colección Daros Latinamerica,,,"Colección Daros Latinamerica, Zúrich"
3754,Lidzie Alvisa Jiménez,Bienal de La Habana,6,1997,6ª Bienal de La Habana «El individuo y su memoria» (1997)
3755,Agustín Bejarano,Bienal de La Habana,6,1997,6ª Bienal de La Habana «El individuo y su memoria» (1997)
3756,Yamilys Brito,Bienal de La Habana,6,1997,6ª Bienal de La Habana «El individuo y su memoria» (1997)
3757,José Manuel Fors,Bienal de La Habana,6,1997,6ª Bienal de La Habana «El individuo y su memoria» (1997)
3758,Ramón Pacheco,Bienal de La Habana,6,1997,6ª Bienal de La Habana «El individuo y su memoria» (1997)
3759,René Peña,Bienal de La Habana,6,1997,6ª Bienal de La Habana «El individuo y su memoria» (1997)
3760,Ernesto Pujol,Bienal de La Habana,6,1997,6ª Bienal de La Habana «El individuo y su memoria» (1997)
3761,Belkis Ramírez,Bienal de La Habana,6,1997,6ª Bienal de La Habana «El individuo y su memoria» (1997)
3762,Inés Tolentino,Bienal de La Habana,6,1997,6ª Bienal de La Habana «El individuo y su memoria» (1997)
3763,Lucía Chiriboga,Bienal de La Habana,6,1997,6ª Bienal de La Habana «El individuo y su memoria» (1997)
3764,Jenny Jaramillo,Bienal de Cuenca,14,,"14ª Bienal de Cuenca «Estructuras Vivientes» (2018, Fuenmayor)"
3764,Jenny Jaramillo,Bienal de La Habana,6,1997,6ª Bienal de La Habana «El individuo y su memoria» (1997)
3765,Luis Paredes,Bienal de La Habana,6,1997,6ª Bienal de La Habana «El individuo y su memoria» (1997)
3766,Owusu Ankomah,Bienal de La Habana,6,1997,6ª Bienal de La Habana «El individuo y su memoria» (1997)
3767,Bill Woodrow,Bienal de La Habana,6,1997,6ª Bienal de La Habana «El individuo y su memoria» (1997)
3767,Bill Woodrow,Turner Prize,,1986,Turner Prize (nominación 1986)
3768,Luis González Palma,Bienal de La Habana,6,1997,6ª Bienal de La Habana «El individuo y su memoria» (1997)
3768,Luis González Palma,Colección Daros Latinamerica,,,"Colección Daros Latinamerica, Zúrich"
3769,Mario Benjamín,Bienal de Gwangju,7,2008,"7ª Bienal de Gwangju «Annual Report: A Year in Exhibitions» (2008, Okwui Enwezor)"
3769,Mario Benjamín,Bienal de La Habana,6,1997,6ª Bienal de La Habana «El individuo y su memoria» (1997)
3770,Edouard Duval Carrié,Bienal de La Habana,6,1997,6ª Bienal de La Habana «El individuo y su memoria» (1997)
3771,Sutapa Biswas,Bienal de La Habana,6,1997,6ª Bienal de La Habana «El individuo y su memoria» (1997)
3772,Vivan Sundaram,Bienal de La Habana,6,1997,6ª Bienal de La Habana «El individuo y su memoria» (1997)
3772,Vivan Sundaram,Bienal de Sharjah,15,2023,"15ª Bienal de Sharjah «Thinking Historically in the Present» (2023, Hoor Al Qasimi, comisión 30 aniversario)"
3773,Nindityo Adipurnomo,Bienal de La Habana,6,1997,6ª Bienal de La Habana «El individuo y su memoria» (1997)
3774,Andar Manik,Bienal de La Habana,6,1997,6ª Bienal de La Habana «El individuo y su memoria» (1997)
3774,Andar Manik,Cities on the Move,,1997,"Cities on the Move, Secession, Viena (1997, Hou Hanru y Hans Ulrich Obrist); itinerancia Burdeos, PS1, Louisiana, Hayward, Kiasma y Bangkok (1997-1999)"
3775,Sirait Marintan,Bienal de La Habana,6,1997,6ª Bienal de La Habana «El individuo y su memoria» (1997)
3776,Agus Suwage,Bienal de La Habana,6,1997,6ª Bienal de La Habana «El individuo y su memoria» (1997)
3777,David Boxer,Bienal de La Habana,6,1997,6ª Bienal de La Habana «El individuo y su memoria» (1997)
3778,Laura Facey,Bienal de La Habana,6,1997,6ª Bienal de La Habana «El individuo y su memoria» (1997)
3779,Petrona Morrison,Bienal de La Habana,6,1997,6ª Bienal de La Habana «El individuo y su memoria» (1997)
3780,Tokihiro Sato,Bienal de La Habana,6,1997,6ª Bienal de La Habana «El individuo y su memoria» (1997)
3781,Marc Latamie,Bienal de La Habana,6,1997,6ª Bienal de La Habana «El individuo y su memoria» (1997)
3782,Lourdes Almeida,Bienal de La Habana,6,1997,6ª Bienal de La Habana «El individuo y su memoria» (1997)
3783,Laura Anderson,Bienal de La Habana,6,1997,6ª Bienal de La Habana «El individuo y su memoria» (1997)
3784,Tatiana Parcero,Bienal de La Habana,6,1997,6ª Bienal de La Habana «El individuo y su memoria» (1997)
3785,Joaquín Rodríguez del Paso,Bienal de La Habana,6,1997,6ª Bienal de La Habana «El individuo y su memoria» (1997)
3786,Teresa Serrano,Bienal de La Habana,6,1997,6ª Bienal de La Habana «El individuo y su memoria» (1997)
3786,Teresa Serrano,Colección Daros Latinamerica,,,"Colección Daros Latinamerica, Zúrich"
3787,Vida Yovanovich,Bienal de La Habana,6,1997,6ª Bienal de La Habana «El individuo y su memoria» (1997)
3788,Farid Belkahia,Bienal de Gwangju,13,2021,"13ª Bienal de Gwangju «Minds Rising, Spirits Tuning» (2021, Defne Ayas y Natasha Ginwala)"
3788,Farid Belkahia,Bienal de La Habana,6,1997,6ª Bienal de La Habana «El individuo y su memoria» (1997)
3789,Sokari Douglas Camp,Bienal de La Habana,6,1997,6ª Bienal de La Habana «El individuo y su memoria» (1997)
3790,Carlos Spatuzza,Bienal de La Habana,6,1997,6ª Bienal de La Habana «El individuo y su memoria» (1997)
3791,Karina Yaluk,Bienal de La Habana,6,1997,6ª Bienal de La Habana «El individuo y su memoria» (1997)
3792,Juan E. Bedoya,Bienal de La Habana,6,1997,6ª Bienal de La Habana «El individuo y su memoria» (1997)
3793,Milagros De la Torre,Bienal de La Habana,6,1997,6ª Bienal de La Habana «El individuo y su memoria» (1997)
3794,Roberto Huarcaya,Bienal de La Habana,6,1997,6ª Bienal de La Habana «El individuo y su memoria» (1997)
3795,Cecilia Paredes,Bienal de La Habana,6,1997,6ª Bienal de La Habana «El individuo y su memoria» (1997)
3795,Cecilia Paredes,Bienal de La Habana,12,2015,12ª Bienal de La Habana «Entre la idea y la experiencia» (2015)
3796,María Cecilia Piazza,Bienal de La Habana,6,1997,6ª Bienal de La Habana «El individuo y su memoria» (1997)
3797,Eduardo Tokeshi,Bienal de La Habana,6,1997,6ª Bienal de La Habana «El individuo y su memoria» (1997)
3798,Susana Torres,Bienal de La Habana,6,1997,6ª Bienal de La Habana «El individuo y su memoria» (1997)
3799,Alfredo Aquilizan,Bienal de La Habana,6,1997,6ª Bienal de La Habana «El individuo y su memoria» (1997)
3800,Agnes Arellano,Bienal de La Habana,6,1997,6ª Bienal de La Habana «El individuo y su memoria» (1997)
3801,Reamillo & Juliet,Bienal de La Habana,6,1997,6ª Bienal de La Habana «El individuo y su memoria» (1997)
3802,Victor Vázquez,Bienal de La Habana,6,1997,6ª Bienal de La Habana «El individuo y su memoria» (1997)
3803,Amadou Gayé,Bienal de La Habana,6,1997,6ª Bienal de La Habana «El individuo y su memoria» (1997)
3804,Bouma Medoune Seye,Bienal de La Habana,6,1997,6ª Bienal de La Habana «El individuo y su memoria» (1997)
3805,Djibril Sy,Bienal de La Habana,6,1997,6ª Bienal de La Habana «El individuo y su memoria» (1997)
3806,Chandrasekaran,Bienal de La Habana,6,1997,6ª Bienal de La Habana «El individuo y su memoria» (1997)
3807,Suzann Victor,Bienal de La Habana,6,1997,6ª Bienal de La Habana «El individuo y su memoria» (1997)
3808,Lee Weng,Bienal de La Habana,6,1997,6ª Bienal de La Habana «El individuo y su memoria» (1997)
3809,Wilma Cruise,Bienal de La Habana,6,1997,6ª Bienal de La Habana «El individuo y su memoria» (1997)
3810,Penny Siopis,Bienal de La Habana,6,1997,6ª Bienal de La Habana «El individuo y su memoria» (1997)
3811,Bernardí Roig,Bienal de La Habana,6,1997,6ª Bienal de La Habana «El individuo y su memoria» (1997)
3812,Hichem Driss,Bienal de La Habana,6,1997,6ª Bienal de La Habana «El individuo y su memoria» (1997)
3813,Pablo Conde,Bienal de La Habana,6,1997,6ª Bienal de La Habana «El individuo y su memoria» (1997)
3814,Gerardo Goldwasser,Bienal de La Habana,6,1997,6ª Bienal de La Habana «El individuo y su memoria» (1997)
3815,Ignacio Iturria,Bienal de La Habana,6,1997,6ª Bienal de La Habana «El individuo y su memoria» (1997)
3816,Jorge Francisco Soto,Bienal de La Habana,6,1997,6ª Bienal de La Habana «El individuo y su memoria» (1997)
3817,Ernesto Vila,Bienal de La Habana,6,1997,6ª Bienal de La Habana «El individuo y su memoria» (1997)
3818,Alvaro Zinno,Bienal de La Habana,6,1997,6ª Bienal de La Habana «El individuo y su memoria» (1997)
3819,Whitfield Lowell,Bienal de La Habana,6,1997,6ª Bienal de La Habana «El individuo y su memoria» (1997)
3820,Roger Welch,Bienal de La Habana,6,1997,6ª Bienal de La Habana «El individuo y su memoria» (1997)
3821,Esso Álvarez,Bienal de La Habana,6,1997,6ª Bienal de La Habana «El individuo y su memoria» (1997)
3822,Eduardo Bárcenas,Bienal de La Habana,6,1997,6ª Bienal de La Habana «El individuo y su memoria» (1997)
3823,Gloria Fiallo,Bienal de La Habana,6,1997,6ª Bienal de La Habana «El individuo y su memoria» (1997)
3824,Oscar Machado,Bienal de La Habana,6,1997,6ª Bienal de La Habana «El individuo y su memoria» (1997)
3824,Oscar Machado,Colección Cisneros (CPPC),,2019,"Donación CPPC al Museo Reina Sofía, Madrid (2019)"
3825,Edgar Moreno,Bienal de La Habana,6,1997,6ª Bienal de La Habana «El individuo y su memoria» (1997)
3826,Antonio Moya,Bienal de La Habana,6,1997,6ª Bienal de La Habana «El individuo y su memoria» (1997)
3827,Vasco Szinetar,Bienal de La Habana,6,1997,6ª Bienal de La Habana «El individuo y su memoria» (1997)
3828,Lihie Talmor,Bienal de La Habana,6,1997,6ª Bienal de La Habana «El individuo y su memoria» (1997)
3829,Braco Dimitrijevic,Bienal de La Habana,6,1997,6ª Bienal de La Habana «El individuo y su memoria» (1997)
3829,Braco Dimitrijevic,Magiciens de la Terre,,1989,"Magiciens de la Terre, Centre Pompidou / Grande Halle de la Villette, París (1989, Jean-Hubert Martin)"
3830,Humberto Díaz,Bienal de La Habana,12,2015,12ª Bienal de La Habana «Entre la idea y la experiencia» (2015)
3831,Francisca Benítez,Bienal de Cuenca,13,,"13ª Bienal de Cuenca «Impermanencia» (2016, Cameron)"
3831,Francisca Benítez,Bienal de La Habana,12,2015,12ª Bienal de La Habana «Entre la idea y la experiencia» (2015)
3832,CRAC Valparaíso,Bienal de La Habana,12,2015,12ª Bienal de La Habana «Entre la idea y la experiencia» (2015)
3833,Sandra Monterroso,Bienal de La Habana,12,2015,12ª Bienal de La Habana «Entre la idea y la experiencia» (2015)
3833,Sandra Monterroso,Premio Julius Baer,,2020,"Premio Julius Baer a las artistas latinoamericanas, finalista de la I edición (2020)"
3834,Anish Kapoor,Bienal de La Habana,12,2015,12ª Bienal de La Habana «Entre la idea y la experiencia» (2015)
3834,Anish Kapoor,Praemium Imperiale,,2011,"Praemium Imperiale, escultura (2011)"
3834,Anish Kapoor,Turner Prize,,1991,Turner Prize (premio 1991)
3835,Antonio José Guzmán,Bienal de La Habana,12,2015,12ª Bienal de La Habana «Entre la idea y la experiencia» (2015)
3836,José Carlos Martinat,Bienal de Cuenca,13,,"13ª Bienal de Cuenca «Impermanencia» (2016, Cameron)"
3836,José Carlos Martinat,Bienal de Cuenca,,2016,"Premio «Julián Matadero», 13ª Bienal de Cuenca (2016)"
3836,José Carlos Martinat,Bienal de La Habana,12,2015,12ª Bienal de La Habana «Entre la idea y la experiencia» (2015)
3837,Chemi Rosado,Bienal de La Habana,12,2015,12ª Bienal de La Habana «Entre la idea y la experiencia» (2015)
3838,Alonso + Craciun,Bienal de La Habana,12,2015,12ª Bienal de La Habana «Entre la idea y la experiencia» (2015)
3838,Alonso + Craciun,Bienal do Mercosul,11,,"11ª Bienal do Mercosul «O Triângulo Atlântico» (2018, Hug/Borghi)"
3839,Roberto Diago,Bienal de La Habana,12,2015,12ª Bienal de La Habana «Entre la idea y la experiencia» (2015)
3839,Roberto Diago,Bienal de La Habana,9,2006,9ª Bienal de La Habana «Dinámicas de la cultura urbana» (2006)
3839,Roberto Diago,Dak'Art,,,"Dak'Art, 14ª Bienal de Dakar «Ĩ NDAFFA # / Out of the Fire» (2022, Ndiaye)"
3840,Llobet y Pons,Bienal de La Habana,12,2015,12ª Bienal de La Habana «Entre la idea y la experiencia» (2015)
3841,Boamistura,Bienal de La Habana,12,2015,12ª Bienal de La Habana «Entre la idea y la experiencia» (2015)
3842,Museo Aero Solar,Bienal de La Habana,11,2012,11ª Bienal de La Habana «Prácticas artísticas e imaginarios sociales» (2012)
3843,Carlito Carvalhosa,Bienal de La Habana,11,2012,11ª Bienal de La Habana «Prácticas artísticas e imaginarios sociales» (2012)
3844,Hermann Nitsch,Bienal de La Habana,11,2012,11ª Bienal de La Habana «Prácticas artísticas e imaginarios sociales» (2012)
3845,Tony Labat,Bienal de La Habana,11,2012,11ª Bienal de La Habana «Prácticas artísticas e imaginarios sociales» (2012)
3846,Mauricio Abad,Bienal de La Habana,11,2012,11ª Bienal de La Habana «Prácticas artísticas e imaginarios sociales» (2012)
3847,Susana Delahante Matienzo,Bienal de La Habana,11,2012,11ª Bienal de La Habana «Prácticas artísticas e imaginarios sociales» (2012)
3847,Susana Delahante Matienzo,Dak'Art,,,"Dak'Art, 14ª Bienal de Dakar «Ĩ NDAFFA # / Out of the Fire» (2022, Ndiaye)"
3848,Rewell Altunaga,Bienal de La Habana,11,2012,11ª Bienal de La Habana «Prácticas artísticas e imaginarios sociales» (2012)
3849,Naivy Pérez,Bienal de La Habana,11,2012,11ª Bienal de La Habana «Prácticas artísticas e imaginarios sociales» (2012)
3850,Rafael Gómez Barros,Bienal de La Habana,11,2012,11ª Bienal de La Habana «Prácticas artísticas e imaginarios sociales» (2012)
3851,Camilo Martínez & Gabriel Zea,Bienal de La Habana,11,2012,11ª Bienal de La Habana «Prácticas artísticas e imaginarios sociales» (2012)
3852,Maksaens Denis,Bienal de La Habana,11,2012,11ª Bienal de La Habana «Prácticas artísticas e imaginarios sociales» (2012)
3853,Marcel Pinas,Bienal de La Habana,11,2012,11ª Bienal de La Habana «Prácticas artísticas e imaginarios sociales» (2012)
3854,Jean-François Boclé,Bienal de La Habana,11,2012,11ª Bienal de La Habana «Prácticas artísticas e imaginarios sociales» (2012)
3855,Joëlle Ferly,Bienal de La Habana,11,2012,11ª Bienal de La Habana «Prácticas artísticas e imaginarios sociales» (2012)
3856,Colectivo Quintapata,Bienal de La Habana,11,2012,11ª Bienal de La Habana «Prácticas artísticas e imaginarios sociales» (2012)
3857,Sheena Rose,Bienal de La Habana,11,2012,11ª Bienal de La Habana «Prácticas artísticas e imaginarios sociales» (2012)
3858,Marxz Rosado Ríos,Bienal de La Habana,11,2012,11ª Bienal de La Habana «Prácticas artísticas e imaginarios sociales» (2012)
3859,Aissa Santiso,Bienal de La Habana,11,2012,11ª Bienal de La Habana «Prácticas artísticas e imaginarios sociales» (2012)
3860,Octavio Irving,Bienal de La Habana,11,2012,11ª Bienal de La Habana «Prácticas artísticas e imaginarios sociales» (2012)
3861,Rafael García,Bienal de La Habana,11,2012,11ª Bienal de La Habana «Prácticas artísticas e imaginarios sociales» (2012)
3862,Jean Nouvel,Bienal de La Habana,9,2006,9ª Bienal de La Habana «Dinámicas de la cultura urbana» (2006)
3863,Lucy Orta,Bienal de La Habana,9,2006,9ª Bienal de La Habana «Dinámicas de la cultura urbana» (2006)
3864,Anne & Patrick Poirier,Bienal de La Habana,9,2006,9ª Bienal de La Habana «Dinámicas de la cultura urbana» (2006)
3865,Carlos Saura,Bienal de La Habana,9,2006,9ª Bienal de La Habana «Dinámicas de la cultura urbana» (2006)
3866,Spencer Tunick,Bienal de La Habana,9,2006,9ª Bienal de La Habana «Dinámicas de la cultura urbana» (2006)
3867,Laura Messing,Bienal de La Habana,9,2006,9ª Bienal de La Habana «Dinámicas de la cultura urbana» (2006)
3868,Michael Najjar,Bienal de La Habana,9,2006,9ª Bienal de La Habana «Dinámicas de la cultura urbana» (2006)
3869,Polibio Díaz,Bienal de La Habana,9,2006,9ª Bienal de La Habana «Dinámicas de la cultura urbana» (2006)
3870,Duvier del Dago,Bienal de La Habana,9,2006,9ª Bienal de La Habana «Dinámicas de la cultura urbana» (2006)
3871,Sze Tsung Leong,Bienal de La Habana,9,2006,9ª Bienal de La Habana «Dinámicas de la cultura urbana» (2006)
3872,Liu Guangyung,Bienal de La Habana,9,2006,9ª Bienal de La Habana «Dinámicas de la cultura urbana» (2006)
3873,Alejandro Ramírez,Bienal de La Habana,9,2006,9ª Bienal de La Habana «Dinámicas de la cultura urbana» (2006)
3874,Roberto Stephenson,Bienal de La Habana,9,2006,9ª Bienal de La Habana «Dinámicas de la cultura urbana» (2006)
3875,Yennyferth Becerra,Bienal de La Habana,9,2006,9ª Bienal de La Habana «Dinámicas de la cultura urbana» (2006)
3876,Hany El-Gowley,Bienal de La Habana,9,2006,9ª Bienal de La Habana «Dinámicas de la cultura urbana» (2006)
3877,Dolores Cáceres,Bienal de La Habana,9,2006,9ª Bienal de La Habana «Dinámicas de la cultura urbana» (2006)
3878,Sue Williamson,Bienal de Gwangju,7,2008,"7ª Bienal de Gwangju «Annual Report: A Year in Exhibitions» (2008, Okwui Enwezor)"
3878,Sue Williamson,Bienal de La Habana,9,2006,9ª Bienal de La Habana «Dinámicas de la cultura urbana» (2006)
3878,Sue Williamson,Dak'Art,,2004,"Dak'Art, 6ª Bienal de Dakar (2004)"
3878,Sue Williamson,The Short Century,,2001,"The Short Century: Independence and Liberation Movements in Africa 1945-1994, Villa Stuck, Múnich (2001, Okwui Enwezor); itinerancia Berlín/Chicago/PS1-MoMA (2001-2002)"
3879,Claudia del Fierro,Bienal de La Habana,9,2006,9ª Bienal de La Habana «Dinámicas de la cultura urbana» (2006)
3880,Eder Santos,Bienal de La Habana,9,2006,9ª Bienal de La Habana «Dinámicas de la cultura urbana» (2006)
3881,Abraham Palatnik,Bienal do Mercosul,1,,"1ª Bienal do Mercosul (1997, Porto Alegre)"
3881,Abraham Palatnik,Bienal do Mercosul,10,,"10ª Bienal do Mercosul «Mensagens de uma Nova América» (2015, Fidelis)"
3882,Aluísio Carvão,Bienal do Mercosul,1,,"1ª Bienal do Mercosul (1997, Porto Alegre)"
3882,Aluísio Carvão,Colección Cisneros (CPPC),,2016,"Donación CPPC al MoMA, Modern Gift (2016)"
3883,Amilcar de Castro,Bienal do Mercosul,1,,"1ª Bienal do Mercosul (1997, Porto Alegre)"
3883,Amilcar de Castro,Colección Cisneros (CPPC),,2016,"Donación CPPC al MoMA, Modern Gift (2016)"
3884,Anna Bella Geiger,Bienal do Mercosul,1,,"1ª Bienal do Mercosul (1997, Porto Alegre)"
3884,Anna Bella Geiger,Radical Women,,2017,"Radical Women: Latin American Art 1960-1985, Hammer Museum (2017, Fajardo-Hill/Giunta); itinerancia Brooklyn Museum y Pinacoteca de São Paulo (2018)"
3885,Antonio Henrique Amaral,Bienal do Mercosul,1,,"1ª Bienal do Mercosul (1997, Porto Alegre)"
3886,Ascânio MMM,Bienal do Mercosul,1,,"1ª Bienal do Mercosul (1997, Porto Alegre)"
3886,Ascânio MMM,Bienal do Mercosul,10,,"10ª Bienal do Mercosul «Mensagens de uma Nova América» (2015, Fidelis)"
3887,Barrão,Bienal do Mercosul,1,,"1ª Bienal do Mercosul (1997, Porto Alegre)"
3887,Barrão,Bienal do Mercosul,10,,"10ª Bienal do Mercosul «Mensagens de uma Nova América» (2015, Fidelis)"
3888,Eliane Prolik,Bienal do Mercosul,1,,"1ª Bienal do Mercosul (1997, Porto Alegre)"
3889,Ester Grinspum,Bienal do Mercosul,1,,"1ª Bienal do Mercosul (1997, Porto Alegre)"
3889,Ester Grinspum,Colección Cisneros (CPPC),,2019,"Donación CPPC al Museo Reina Sofía, Madrid (2019)"
3890,Felix Bressan,Bienal do Mercosul,1,,"1ª Bienal do Mercosul (1997, Porto Alegre)"
3891,Fernando Limberger,Bienal do Mercosul,1,,"1ª Bienal do Mercosul (1997, Porto Alegre)"
3892,Fernando Lucchesi,Bienal do Mercosul,1,,"1ª Bienal do Mercosul (1997, Porto Alegre)"
3893,Francisco Stockinger,Bienal do Mercosul,1,,"1ª Bienal do Mercosul (1997, Porto Alegre)"
3894,Gisela Waetge,Bienal do Mercosul,1,,"1ª Bienal do Mercosul (1997, Porto Alegre)"
3894,Gisela Waetge,Bienal do Mercosul,13,,"13ª Bienal do Mercosul «Trauma, sonho e fuga» (2022, Dantas)"
3895,Ione Saldanha,Bienal do Mercosul,1,,"1ª Bienal do Mercosul (1997, Porto Alegre)"
3896,Ivens Machado,Bienal do Mercosul,1,,"1ª Bienal do Mercosul (1997, Porto Alegre)"
3897,João Câmara,Bienal do Mercosul,1,,"1ª Bienal do Mercosul (1997, Porto Alegre)"
3898,Jorge Barrão,Bienal do Mercosul,1,,"1ª Bienal do Mercosul (1997, Porto Alegre)"
3899,José Damasceno,Bienal do Mercosul,1,,"1ª Bienal do Mercosul (1997, Porto Alegre)"
3899,José Damasceno,Colección Cisneros (CPPC),,2019,"Donación CPPC al Museo Reina Sofía, Madrid (2019)"
3899,José Damasceno,Colección Daros Latinamerica,,,"Colección Daros Latinamerica, Zúrich"
3900,Judith Lauand,Bienal do Mercosul,1,,"1ª Bienal do Mercosul (1997, Porto Alegre)"
3900,Judith Lauand,Colección Cisneros (CPPC),,2016,"Donación CPPC al MoMA, Modern Gift (2016)"
3901,Keila Alaver,Bienal do Mercosul,1,,"1ª Bienal do Mercosul (1997, Porto Alegre)"
3902,Lia Menna Barreto,Bienal do Mercosul,1,,"1ª Bienal do Mercosul (1997, Porto Alegre)"
3903,Luiz Sacilotto,Bienal do Mercosul,1,,"1ª Bienal do Mercosul (1997, Porto Alegre)"
3903,Luiz Sacilotto,Colección Cisneros (CPPC),,2016,"Donación CPPC al MoMA, Modern Gift (2016)"
3904,Marcos Chaves,Bienal do Mercosul,1,,"1ª Bienal do Mercosul (1997, Porto Alegre)"
3905,Marcos Coelho Benjamim,Bienal do Mercosul,1,,"1ª Bienal do Mercosul (1997, Porto Alegre)"
3906,Mario Sagradini,Bienal do Mercosul,1,,"1ª Bienal do Mercosul (1997, Porto Alegre)"
3907,Mônica Girón,Bienal do Mercosul,1,,"1ª Bienal do Mercosul (1997, Porto Alegre)"
3908,Niura Bellavinha,Bienal do Mercosul,1,,"1ª Bienal do Mercosul (1997, Porto Alegre)"
3909,Patrícia Farias,Bienal do Mercosul,1,,"1ª Bienal do Mercosul (1997, Porto Alegre)"
3910,Rubens Gerchman,Bienal do Mercosul,1,,"1ª Bienal do Mercosul (1997, Porto Alegre)"
3910,Rubens Gerchman,Colección Cisneros (CPPC),,2019,"Donación CPPC al Museo Reina Sofía, Madrid (2019)"
3911,Sydia Reyes,Bienal do Mercosul,1,,"1ª Bienal do Mercosul (1997, Porto Alegre)"
3912,Vançan,Bienal do Mercosul,1,,"1ª Bienal do Mercosul (1997, Porto Alegre)"
3913,Alanis Obomsawin,Bienal do Mercosul,14,,"14ª Bienal do Mercosul «Estalo» (2025, Fonseca)"
3914,Ali Eyal,Bienal de Sharjah,15,2023,"15ª Bienal de Sharjah «Thinking Historically in the Present» (2023, Hoor Al Qasimi)"
3914,Ali Eyal,Bienal do Mercosul,14,,"14ª Bienal do Mercosul «Estalo» (2025, Fonseca)"
3915,Amol K. Patil,Bienal de Gwangju,15,2024,"15ª Bienal de Gwangju «Pansori, a soundscape of the 21st century» (2024, Nicolas Bourriaud)"
3915,Amol K. Patil,Bienal do Mercosul,14,,"14ª Bienal do Mercosul «Estalo» (2025, Fonseca)"
3916,biarritzzz,Bienal do Mercosul,14,,"14ª Bienal do Mercosul «Estalo» (2025, Fonseca)"
3917,Bonikta,Bienal do Mercosul,14,,"14ª Bienal do Mercosul «Estalo» (2025, Fonseca)"
3918,Chico Machado,Bienal do Mercosul,14,,"14ª Bienal do Mercosul «Estalo» (2025, Fonseca)"
3919,Claudia Alarcón,Bienal do Mercosul,14,,"14ª Bienal do Mercosul «Estalo» (2025, Fonseca)"
3920,Darks Miranda,Bienal do Mercosul,14,,"14ª Bienal do Mercosul «Estalo» (2025, Fonseca)"
3921,Diedrick Brackens,Bienal de Sharjah,15,2023,"15ª Bienal de Sharjah «Thinking Historically in the Present» (2023, Hoor Al Qasimi)"
3921,Diedrick Brackens,Bienal do Mercosul,14,,"14ª Bienal do Mercosul «Estalo» (2025, Fonseca)"
3922,Eduardo Montelli,Bienal do Mercosul,14,,"14ª Bienal do Mercosul «Estalo» (2025, Fonseca)"
3923,Emilija Škarnulytė,Bienal do Mercosul,14,,"14ª Bienal do Mercosul «Estalo» (2025, Fonseca)"
3924,Erick Peres,Bienal do Mercosul,14,,"14ª Bienal do Mercosul «Estalo» (2025, Fonseca)"
3925,Fatima Rodrigo,Bienal do Mercosul,14,,"14ª Bienal do Mercosul «Estalo» (2025, Fonseca)"
3926,Felipe Rezende,Bienal do Mercosul,14,,"14ª Bienal do Mercosul «Estalo» (2025, Fonseca)"
3927,Felipe Veeck,Bienal do Mercosul,14,,"14ª Bienal do Mercosul «Estalo» (2025, Fonseca)"
3928,Firas Shehadeh,Bienal do Mercosul,14,,"14ª Bienal do Mercosul «Estalo» (2025, Fonseca)"
3929,Freddy Mamani,Bienal do Mercosul,14,,"14ª Bienal do Mercosul «Estalo» (2025, Fonseca)"
3930,Froiid,Bienal do Mercosul,14,,"14ª Bienal do Mercosul «Estalo» (2025, Fonseca)"
3931,Fyerool Darma,Bienal do Mercosul,14,,"14ª Bienal do Mercosul «Estalo» (2025, Fonseca)"
3932,Ismael Monticelli,Bienal do Mercosul,14,,"14ª Bienal do Mercosul «Estalo» (2025, Fonseca)"
3933,José Ballivián,Bienal do Mercosul,14,,"14ª Bienal do Mercosul «Estalo» (2025, Fonseca)"
3934,Kira Xonorika,Bienal do Mercosul,14,,"14ª Bienal do Mercosul «Estalo» (2025, Fonseca)"
3935,Laryssa Machada,Bienal do Mercosul,14,,"14ª Bienal do Mercosul «Estalo» (2025, Fonseca)"
3936,Letícia Lopes,Bienal do Mercosul,14,,"14ª Bienal do Mercosul «Estalo» (2025, Fonseca)"
3937,Li Yong Xiang,Bienal do Mercosul,14,,"14ª Bienal do Mercosul «Estalo» (2025, Fonseca)"
3938,Li Yi-Fan,Bienal do Mercosul,14,,"14ª Bienal do Mercosul «Estalo» (2025, Fonseca)"
3939,Lorenzo Beust,Bienal do Mercosul,14,,"14ª Bienal do Mercosul «Estalo» (2025, Fonseca)"
3940,Marcus Deusdedit,Bienal do Mercosul,14,,"14ª Bienal do Mercosul «Estalo» (2025, Fonseca)"
3941,Mauro Fuke,Bienal do Mercosul,14,,"14ª Bienal do Mercosul «Estalo» (2025, Fonseca)"
3942,Maya Weishof,Bienal do Mercosul,14,,"14ª Bienal do Mercosul «Estalo» (2025, Fonseca)"
3943,Natasha Tontey,Bienal do Mercosul,14,,"14ª Bienal do Mercosul «Estalo» (2025, Fonseca)"
3944,Nereyda López,Bienal do Mercosul,14,,"14ª Bienal do Mercosul «Estalo» (2025, Fonseca)"
3945,Nicole L'Huillier,Bienal do Mercosul,14,,"14ª Bienal do Mercosul «Estalo» (2025, Fonseca)"
3946,Özgür Kar,Bienal do Mercosul,14,,"14ª Bienal do Mercosul «Estalo» (2025, Fonseca)"
3947,Randolpho Lamonier,Bienal do Mercosul,14,,"14ª Bienal do Mercosul «Estalo» (2025, Fonseca)"
3948,Retratistas do Morro/Afonso Pimenta,Bienal do Mercosul,14,,"14ª Bienal do Mercosul «Estalo» (2025, Fonseca)"
3949,Rodrigo Cass,Bienal do Mercosul,14,,"14ª Bienal do Mercosul «Estalo» (2025, Fonseca)"
3950,Samson Young,Bienal do Mercosul,14,,"14ª Bienal do Mercosul «Estalo» (2025, Fonseca)"
3951,Taiki Sakpisit,Bienal do Mercosul,14,,"14ª Bienal do Mercosul «Estalo» (2025, Fonseca)"
3952,Tang Han,Bienal do Mercosul,14,,"14ª Bienal do Mercosul «Estalo» (2025, Fonseca)"
3953,Tirzo Martha,Bienal do Mercosul,14,,"14ª Bienal do Mercosul «Estalo» (2025, Fonseca)"
3954,Urmeer,Bienal do Mercosul,14,,"14ª Bienal do Mercosul «Estalo» (2025, Fonseca)"
3955,Valerie Brathwaite,Bienal do Mercosul,14,,"14ª Bienal do Mercosul «Estalo» (2025, Fonseca)"
3956,Venuca Evanán,Bienal do Mercosul,14,,"14ª Bienal do Mercosul «Estalo» (2025, Fonseca)"
3957,Vitória Cribb,Bienal do Mercosul,14,,"14ª Bienal do Mercosul «Estalo» (2025, Fonseca)"
3958,Wiki Pirela,Bienal do Mercosul,14,,"14ª Bienal do Mercosul «Estalo» (2025, Fonseca)"
3959,William Gutiérrez Penãloz,Bienal do Mercosul,14,,"14ª Bienal do Mercosul «Estalo» (2025, Fonseca)"
3960,Yunchul Kim,Bienal do Mercosul,14,,"14ª Bienal do Mercosul «Estalo» (2025, Fonseca)"
3961,Zé Carlos Garcia,Bienal do Mercosul,14,,"14ª Bienal do Mercosul «Estalo» (2025, Fonseca)"
3962,Alejandro Paz,Bienal do Mercosul,6,,"6ª Bienal do Mercosul «A Terceira Margem do Rio» (2007, Pérez-Barreiro)"
3963,Alvaro Oyarzún,Bienal do Mercosul,6,,"6ª Bienal do Mercosul «A Terceira Margem do Rio» (2007, Pérez-Barreiro)"
3963,Alvaro Oyarzún,CIFO Grants & Commissions,,2007,"CIFO Grants & Commissions, premiado/a (2007)"
3964,Annika Ström,Bienal do Mercosul,6,,"6ª Bienal do Mercosul «A Terceira Margem do Rio» (2007, Pérez-Barreiro)"
3965,Beth Campbell,Bienal do Mercosul,6,,"6ª Bienal do Mercosul «A Terceira Margem do Rio» (2007, Pérez-Barreiro)"
3966,Cecilia Pavón,Bienal do Mercosul,6,,"6ª Bienal do Mercosul «A Terceira Margem do Rio» (2007, Pérez-Barreiro)"
3967,Chiho Aoshima,Bienal do Mercosul,6,,"6ª Bienal do Mercosul «A Terceira Margem do Rio» (2007, Pérez-Barreiro)"
3968,Fernanda Laguna,Bienal do Mercosul,6,,"6ª Bienal do Mercosul «A Terceira Margem do Rio» (2007, Pérez-Barreiro)"
3968,Fernanda Laguna,Bienal do Mercosul,9,,"9ª Bienal do Mercosul «Se o clima for favorável» (2013, Hernández Chong Cuy)"
3969,Fernando Lopez Lage,Bienal do Mercosul,6,,"6ª Bienal do Mercosul «A Terceira Margem do Rio» (2007, Pérez-Barreiro)"
3970,Cuauhtémoc Medina,Bienal do Mercosul,6,,"6ª Bienal do Mercosul «A Terceira Margem do Rio» (2007, Pérez-Barreiro)"
3971,Rafael Ortega,Bienal do Mercosul,6,,"6ª Bienal do Mercosul «A Terceira Margem do Rio» (2007, Pérez-Barreiro)"
3972,Jaime Gili,Bienal do Mercosul,6,,"6ª Bienal do Mercosul «A Terceira Margem do Rio» (2007, Pérez-Barreiro)"
3973,Jorge Gumier Maier,Bienal do Mercosul,6,,"6ª Bienal do Mercosul «A Terceira Margem do Rio» (2007, Pérez-Barreiro)"
3974,Jose Gabriel Fernández,Bienal de Cuenca,14,,"14ª Bienal de Cuenca «Estructuras Vivientes» (2018, Fuenmayor)"
3974,Jose Gabriel Fernández,Bienal do Mercosul,6,,"6ª Bienal do Mercosul «A Terceira Margem do Rio» (2007, Pérez-Barreiro)"
3974,Jose Gabriel Fernández,CIFO Grants & Commissions,,2013,"CIFO Grants & Commissions, premiado/a (2013)"
3974,Jose Gabriel Fernández,Colección Cisneros (CPPC),,2019,"Donación CPPC al Museo Reina Sofía, Madrid (2019)"
3975,Josefina Guilisasti,Bienal do Mercosul,6,,"6ª Bienal do Mercosul «A Terceira Margem do Rio» (2007, Pérez-Barreiro)"
3975,Josefina Guilisasti,CIFO Grants & Commissions,,2006,"CIFO Grants & Commissions, premiado/a (2006)"
3976,Katie van Scherpenberg,Bienal do Mercosul,6,,"6ª Bienal do Mercosul «A Terceira Margem do Rio» (2007, Pérez-Barreiro)"
3977,Laura Belém,Bienal do Mercosul,6,,"6ª Bienal do Mercosul «A Terceira Margem do Rio» (2007, Pérez-Barreiro)"
3977,Laura Belém,CIFO Grants & Commissions,,2011,"CIFO Grants & Commissions, premiado/a (2011)"
3978,Leopoldo Estol,Bienal do Mercosul,6,,"6ª Bienal do Mercosul «A Terceira Margem do Rio» (2007, Pérez-Barreiro)"
3979,Leticia Obeid,Bienal do Mercosul,6,,"6ª Bienal do Mercosul «A Terceira Margem do Rio» (2007, Pérez-Barreiro)"
3980,Lux Lindner,Bienal do Mercosul,6,,"6ª Bienal do Mercosul «A Terceira Margem do Rio» (2007, Pérez-Barreiro)"
3981,M7red,Bienal do Mercosul,6,,"6ª Bienal do Mercosul «A Terceira Margem do Rio» (2007, Pérez-Barreiro)"
3982,Magdalena Atria,Bienal do Mercosul,6,,"6ª Bienal do Mercosul «A Terceira Margem do Rio» (2007, Pérez-Barreiro)"
3982,Magdalena Atria,CIFO Grants & Commissions,,2018,"CIFO Grants & Commissions, premiado/a (2018)"
3983,Miguel Amat,Bienal do Mercosul,6,,"6ª Bienal do Mercosul «A Terceira Margem do Rio» (2007, Pérez-Barreiro)"
3983,Miguel Amat,CIFO Grants & Commissions,,2009,"CIFO Grants & Commissions, premiado/a (2009)"
3984,Muu Blanco,Bienal do Mercosul,6,,"6ª Bienal do Mercosul «A Terceira Margem do Rio» (2007, Pérez-Barreiro)"
3985,Nesrine Khodr,Bienal do Mercosul,6,,"6ª Bienal do Mercosul «A Terceira Margem do Rio» (2007, Pérez-Barreiro)"
3986,Pablo Chiuminatto,Bienal do Mercosul,6,,"6ª Bienal do Mercosul «A Terceira Margem do Rio» (2007, Pérez-Barreiro)"
3987,Peter Fischli & David Weiss,Bienal do Mercosul,6,,"6ª Bienal do Mercosul «A Terceira Margem do Rio» (2007, Pérez-Barreiro)"
3988,Steve Reich,Bienal do Mercosul,6,,"6ª Bienal do Mercosul «A Terceira Margem do Rio» (2007, Pérez-Barreiro)"
3989,Steve Roden,Bienal do Mercosul,6,,"6ª Bienal do Mercosul «A Terceira Margem do Rio» (2007, Pérez-Barreiro)"
3990,Sylvia Meyer,Bienal do Mercosul,6,,"6ª Bienal do Mercosul «A Terceira Margem do Rio» (2007, Pérez-Barreiro)"
3991,Terrence Malick,Bienal do Mercosul,6,,"6ª Bienal do Mercosul «A Terceira Margem do Rio» (2007, Pérez-Barreiro)"
3992,Yoshua Okon,Bienal de Estambul,8,2003,"8ª Bienal de Estambul «Poetic Justice» (2003, Dan Cameron)"
3992,Yoshua Okon,Bienal do Mercosul,6,,"6ª Bienal do Mercosul «A Terceira Margem do Rio» (2007, Pérez-Barreiro)"
3993,David Medalla,Bienal do Mercosul,9,,"9ª Bienal do Mercosul «Se o clima for favorável» (2013, Hernández Chong Cuy)"
3993,David Medalla,When Attitudes Become Form,,1969,"When Attitudes Become Form «Live in Your Head», Kunsthalle Bern (1969, Harald Szeemann)"
3994,Takis,Bienal do Mercosul,9,,"9ª Bienal do Mercosul «Se o clima for favorável» (2013, Hernández Chong Cuy)"
3995,Trevor Paglen,Artes Mundi,,2018,"Artes Mundi 8, finalista (2018-2019, Cardiff)"
3995,Trevor Paglen,Bienal do Mercosul,9,,"9ª Bienal do Mercosul «Se o clima for favorável» (2013, Hernández Chong Cuy)"
3996,Audrey Cottin,Bienal do Mercosul,9,,"9ª Bienal do Mercosul «Se o clima for favorável» (2013, Hernández Chong Cuy)"
3997,David Zink Yi,Bienal do Mercosul,9,,"9ª Bienal do Mercosul «Se o clima for favorável» (2013, Hernández Chong Cuy)"
3997,David Zink Yi,Colección Cisneros (CPPC),,2018,"Donación CPPC al MoMA, Contemporary Gift (2018)"
3997,David Zink Yi,Colección Cisneros (CPPC),,2018,"Donación CPPC al MALI, Lima (2018)"
3998,Faivovich & Goldberg,Bienal do Mercosul,9,,"9ª Bienal do Mercosul «Se o clima for favorável» (2013, Hernández Chong Cuy)"
3999,Fernando Duval,Bienal do Mercosul,9,,"9ª Bienal do Mercosul «Se o clima for favorável» (2013, Hernández Chong Cuy)"
4000,Fritzia Irizar,Bienal de Cuenca,14,,"14ª Bienal de Cuenca «Estructuras Vivientes» (2018, Fuenmayor)"
4000,Fritzia Irizar,Bienal do Mercosul,9,,"9ª Bienal do Mercosul «Se o clima for favorável» (2013, Hernández Chong Cuy)"
4000,Fritzia Irizar,CIFO Grants & Commissions,,2011,"CIFO Grants & Commissions, premiado/a (2011)"
4001,Suwon Lee,Bienal do Mercosul,9,,"9ª Bienal do Mercosul «Se o clima for favorável» (2013, Hernández Chong Cuy)"
4001,Suwon Lee,CIFO Grants & Commissions,,2009,"CIFO Grants & Commissions, premiado/a (2009)"
4002,Anthony Arrobo,Bienal do Mercosul,9,,"9ª Bienal do Mercosul «Se o clima for favorável» (2013, Hernández Chong Cuy)"
4003,Beto Shwafaty,Bienal do Mercosul,9,,"9ª Bienal do Mercosul «Se o clima for favorável» (2013, Hernández Chong Cuy)"
4004,Daniel Santiago,Bienal do Mercosul,9,,"9ª Bienal do Mercosul «Se o clima for favorável» (2013, Hernández Chong Cuy)"
4005,Edgar Orlaineta,Bienal do Mercosul,9,,"9ª Bienal do Mercosul «Se o clima for favorável» (2013, Hernández Chong Cuy)"
4006,Liudvikas Buklys,Bienal do Mercosul,9,,"9ª Bienal do Mercosul «Se o clima for favorável» (2013, Hernández Chong Cuy)"
4007,Malak Helmy,Bienal do Mercosul,9,,"9ª Bienal do Mercosul «Se o clima for favorável» (2013, Hernández Chong Cuy)"
4008,Michel Zózimo,Bienal do Mercosul,9,,"9ª Bienal do Mercosul «Se o clima for favorável» (2013, Hernández Chong Cuy)"
4009,Nicolás Bacal,Bienal do Mercosul,9,,"9ª Bienal do Mercosul «Se o clima for favorável» (2013, Hernández Chong Cuy)"
4010,Tania Pérez Córdova,Bienal do Mercosul,9,,"9ª Bienal do Mercosul «Se o clima for favorável» (2013, Hernández Chong Cuy)"
4011,Leticia Ramos,Bienal do Mercosul,9,,"9ª Bienal do Mercosul «Se o clima for favorável» (2013, Hernández Chong Cuy)"
4011,Leticia Ramos,Bienal do Mercosul,11,,"11ª Bienal do Mercosul «O Triângulo Atlântico» (2018, Hug/Borghi)"
4012,Eugenio Dittborn,Bienal do Mercosul,8,,"8ª Bienal do Mercosul «Ensaios de Geopoética», artista homenajeado (2011, Roca)"
4012,Eugenio Dittborn,Cocido y crudo,,1994,"Cocido y crudo, Museo Reina Sofía, Madrid (1994-1995, Dan Cameron)"
4013,Randa Maroufi,Bienal do Mercosul,11,,"11ª Bienal do Mercosul «O Triângulo Atlântico» (2018, Hug/Borghi)"
4014,Lunara,Bienal do Mercosul,11,,"11ª Bienal do Mercosul «O Triângulo Atlântico» (2018, Hug/Borghi)"
4015,Leticia Lampert,Bienal do Mercosul,11,,"11ª Bienal do Mercosul «O Triângulo Atlântico» (2018, Hug/Borghi)"
4016,Gustavo von Ha,Bienal do Mercosul,11,,"11ª Bienal do Mercosul «O Triângulo Atlântico» (2018, Hug/Borghi)"
4017,J Pavel Herrera,Bienal do Mercosul,11,,"11ª Bienal do Mercosul «O Triângulo Atlântico» (2018, Hug/Borghi)"
4018,Leonce Raphael Agbodjelou,Bienal do Mercosul,11,,"11ª Bienal do Mercosul «O Triângulo Atlântico» (2018, Hug/Borghi)"
4019,Íris Buchholz Chocolate,Bienal do Mercosul,11,,"11ª Bienal do Mercosul «O Triângulo Atlântico» (2018, Hug/Borghi)"
4020,Mónica Millán,Bienal do Mercosul,11,,"11ª Bienal do Mercosul «O Triângulo Atlântico» (2018, Hug/Borghi)"
4021,Adad Hannah,Bienal do Mercosul,11,,"11ª Bienal do Mercosul «O Triângulo Atlântico» (2018, Hug/Borghi)"
4022,Faig Ahmed,Bienal do Mercosul,11,,"11ª Bienal do Mercosul «O Triângulo Atlântico» (2018, Hug/Borghi)"
4023,Martha Atienza,Bienal do Mercosul,11,,"11ª Bienal do Mercosul «O Triângulo Atlântico» (2018, Hug/Borghi)"
4024,André Severo,Bienal do Mercosul,11,,"11ª Bienal do Mercosul «O Triângulo Atlântico» (2018, Hug/Borghi)"
4025,Camila Soato,Bienal do Mercosul,11,,"11ª Bienal do Mercosul «O Triângulo Atlântico» (2018, Hug/Borghi)"
4026,Pablo Rasgado,Bienal do Mercosul,11,,"11ª Bienal do Mercosul «O Triângulo Atlântico» (2018, Hug/Borghi)"
4027,Youssef Limoud,Bienal do Mercosul,11,,"11ª Bienal do Mercosul «O Triângulo Atlântico» (2018, Hug/Borghi)"
4027,Youssef Limoud,Dak'Art,,,"Dak'Art, 12ª Bienal de Dakar «Réenchantements / La Cité dans le jour bleu» (2016, Njami)"
4027,Youssef Limoud,Dak'Art,,2016,"Grand Prix Léopold Sédar Senghor, Dak'Art (2016)"
4028,Omar Victor Diop,Bienal do Mercosul,11,,"11ª Bienal do Mercosul «O Triângulo Atlântico» (2018, Hug/Borghi)"
4029,Frank Thiel,Bienal do Mercosul,11,,"11ª Bienal do Mercosul «O Triângulo Atlântico» (2018, Hug/Borghi)"
4030,Eric van Hove,Bienal do Mercosul,11,,"11ª Bienal do Mercosul «O Triângulo Atlântico» (2018, Hug/Borghi)"
4031,Brígida Baltar,Bienal do Mercosul,12,,"12ª Bienal do Mercosul «Feminino(s)» (2020, Giunta, edición virtual)"
4031,Brígida Baltar,Bienal do Mercosul,10,,"10ª Bienal do Mercosul «Mensagens de uma Nova América» (2015, Fidelis)"
4032,AnaVitória,Bienal do Mercosul,13,,"13ª Bienal do Mercosul «Trauma, sonho e fuga» (2022, Dantas)"
4033,Camila Sposati,Bienal do Mercosul,13,,"13ª Bienal do Mercosul «Trauma, sonho e fuga» (2022, Dantas)"
4033,Camila Sposati,Bienal do Mercosul,10,,"10ª Bienal do Mercosul «Mensagens de uma Nova América» (2015, Fidelis)"
4034,Carolyna Aguiar,Bienal do Mercosul,13,,"13ª Bienal do Mercosul «Trauma, sonho e fuga» (2022, Dantas)"
4035,Cássio Vasconcellos,Bienal do Mercosul,13,,"13ª Bienal do Mercosul «Trauma, sonho e fuga» (2022, Dantas)"
4036,Dora Smék,Bienal do Mercosul,13,,"13ª Bienal do Mercosul «Trauma, sonho e fuga» (2022, Dantas)"
4037,Evgen Bavcar,Bienal do Mercosul,13,,"13ª Bienal do Mercosul «Trauma, sonho e fuga» (2022, Dantas)"
4038,Fernando Baril,Bienal do Mercosul,13,,"13ª Bienal do Mercosul «Trauma, sonho e fuga» (2022, Dantas)"
4039,Juliana Góngora,Bienal do Mercosul,13,,"13ª Bienal do Mercosul «Trauma, sonho e fuga» (2022, Dantas)"
4040,Leticia Monte,Bienal do Mercosul,13,,"13ª Bienal do Mercosul «Trauma, sonho e fuga» (2022, Dantas)"
4041,Luzia Simons,Bienal do Mercosul,13,,"13ª Bienal do Mercosul «Trauma, sonho e fuga» (2022, Dantas)"
4042,Martin Soto Climent,Bienal do Mercosul,13,,"13ª Bienal do Mercosul «Trauma, sonho e fuga» (2022, Dantas)"
4043,Noélia de Paula,Bienal do Mercosul,13,,"13ª Bienal do Mercosul «Trauma, sonho e fuga» (2022, Dantas)"
4044,Panmela Castro,Bienal do Mercosul,13,,"13ª Bienal do Mercosul «Trauma, sonho e fuga» (2022, Dantas)"
4045,Jaume Plensa,Bienal do Mercosul,13,,"13ª Bienal do Mercosul «Trauma, sonho e fuga» (2022, Dantas)"
4045,Jaume Plensa,Premio Velázquez,,2013,Premio Velázquez de las Artes Plásticas (2013)
4046,C. L. Salvaro,Bienal do Mercosul,13,,"13ª Bienal do Mercosul «Trauma, sonho e fuga» (2022, Dantas)"
4047,Gabriela Mureb,Bienal do Mercosul,13,,"13ª Bienal do Mercosul «Trauma, sonho e fuga» (2022, Dantas)"
4048,Adriano Costa,Bienal do Mercosul,10,,"10ª Bienal do Mercosul «Mensagens de uma Nova América» (2015, Fidelis)"
4048,Adriano Costa,Under the Same Sun,,2014,"Under the Same Sun: Art from Latin America Today, Guggenheim, Nueva York (2014, Pablo León de la Barra)"
4049,Alexandre Vogler,Bienal do Mercosul,10,,"10ª Bienal do Mercosul «Mensagens de uma Nova América» (2015, Fidelis)"
4050,Almandrade,Bienal do Mercosul,10,,"10ª Bienal do Mercosul «Mensagens de uma Nova América» (2015, Fidelis)"
4051,Almir Mavignier,Bienal do Mercosul,10,,"10ª Bienal do Mercosul «Mensagens de uma Nova América» (2015, Fidelis)"
4052,Alvaro Seixas,Bienal do Mercosul,10,,"10ª Bienal do Mercosul «Mensagens de uma Nova América» (2015, Fidelis)"
4053,Ana Flores,Bienal do Mercosul,10,,"10ª Bienal do Mercosul «Mensagens de uma Nova América» (2015, Fidelis)"
4054,Ana Norogrando,Bienal do Mercosul,10,,"10ª Bienal do Mercosul «Mensagens de uma Nova América» (2015, Fidelis)"
4055,Analivia Cordeiro,Bienal do Mercosul,10,,"10ª Bienal do Mercosul «Mensagens de uma Nova América» (2015, Fidelis)"
4055,Analivia Cordeiro,Radical Women,,2017,"Radical Women: Latin American Art 1960-1985, Hammer Museum (2017, Fajardo-Hill/Giunta); itinerancia Brooklyn Museum y Pinacoteca de São Paulo (2018)"
4056,André Petry,Bienal do Mercosul,10,,"10ª Bienal do Mercosul «Mensagens de uma Nova América» (2015, Fidelis)"
4057,Augusto de Campos,Bienal do Mercosul,10,,"10ª Bienal do Mercosul «Mensagens de uma Nova América» (2015, Fidelis)"
4058,Britto Velho,Bienal do Mercosul,10,,"10ª Bienal do Mercosul «Mensagens de uma Nova América» (2015, Fidelis)"
4059,Carlos Asp,Bienal do Mercosul,10,,"10ª Bienal do Mercosul «Mensagens de uma Nova América» (2015, Fidelis)"
4060,Claudio Tozzi,Bienal do Mercosul,10,,"10ª Bienal do Mercosul «Mensagens de uma Nova América» (2015, Fidelis)"
4061,Daniela Seixas,Bienal do Mercosul,10,,"10ª Bienal do Mercosul «Mensagens de uma Nova América» (2015, Fidelis)"
4062,Dirnei Prates,Bienal do Mercosul,10,,"10ª Bienal do Mercosul «Mensagens de uma Nova América» (2015, Fidelis)"
4063,Dudi Maia Rosa,Bienal do Mercosul,10,,"10ª Bienal do Mercosul «Mensagens de uma Nova América» (2015, Fidelis)"
4064,Eduardo Haesbaert,Bienal do Mercosul,10,,"10ª Bienal do Mercosul «Mensagens de uma Nova América» (2015, Fidelis)"
4065,Flavio Cerqueira,Bienal do Mercosul,10,,"10ª Bienal do Mercosul «Mensagens de uma Nova América» (2015, Fidelis)"
4066,Ding Musa,Bienal do Mercosul,10,,"10ª Bienal do Mercosul «Mensagens de uma Nova América» (2015, Fidelis)"
4067,Véio,Bienal do Mercosul,10,,"10ª Bienal do Mercosul «Mensagens de uma Nova América» (2015, Fidelis)"
4068,Wanda Pimentel,Bienal do Mercosul,10,,"10ª Bienal do Mercosul «Mensagens de uma Nova América» (2015, Fidelis)"
4068,Wanda Pimentel,Radical Women,,2017,"Radical Women: Latin American Art 1960-1985, Hammer Museum (2017, Fajardo-Hill/Giunta); itinerancia Brooklyn Museum y Pinacoteca de São Paulo (2018)"
4069,Adán Vallecillo,Bienal de Cuenca,15,,"15ª Bienal de Cuenca «Bienal del Bioceno» (2021, De la Torre)"
4069,Adán Vallecillo,Bienal do Mercosul,10,,"10ª Bienal do Mercosul «Mensagens de uma Nova América» (2015, Fidelis)"
4069,Adán Vallecillo,CIFO Grants & Commissions,,2020,"CIFO Grants & Commissions, premiado/a (2020)"
4069,Adán Vallecillo,Colección Daros Latinamerica,,,"Colección Daros Latinamerica, Zúrich"
4070,Amor Muñoz,Bienal de Cuenca,15,,"15ª Bienal de Cuenca «Bienal del Bioceno» (2021, De la Torre)"
4070,Amor Muñoz,Bienal de Cuenca,,2021,"Mención de honor, 15ª Bienal de Cuenca (2021)"
4070,Amor Muñoz,CIFO Grants & Commissions,,2022,"CIFO Grants & Commissions, premiado/a (2022)"
4071,Asunción Molinos Gordo,Bienal de Cuenca,15,,"15ª Bienal de Cuenca «Bienal del Bioceno» (2021, De la Torre)"
4072,Avelino Sala,Bienal de Cuenca,15,,"15ª Bienal de Cuenca «Bienal del Bioceno» (2021, De la Torre)"
4073,Cristian Villavicencio,Bienal de Cuenca,15,,"15ª Bienal de Cuenca «Bienal del Bioceno» (2021, De la Torre)"
4074,Elizabet Cerviño,Bienal de Cuenca,15,,"15ª Bienal de Cuenca «Bienal del Bioceno» (2021, De la Torre)"
4075,Eugenio Ampudia,Bienal de Cuenca,15,,"15ª Bienal de Cuenca «Bienal del Bioceno» (2021, De la Torre)"
4076,Eugenio Merino,Bienal de Cuenca,15,,"15ª Bienal de Cuenca «Bienal del Bioceno» (2021, De la Torre)"
4077,Fabiano Kueva,Bienal de Cuenca,15,,"15ª Bienal de Cuenca «Bienal del Bioceno» (2021, De la Torre)"
4077,Fabiano Kueva,Bienal de Cuenca,,2021,"Premio de adquisición, 15ª Bienal de Cuenca (2021)"
4078,Juan Zamora,Bienal de Cuenca,15,,"15ª Bienal de Cuenca «Bienal del Bioceno» (2021, De la Torre)"
4079,Juana Córdova,Bienal de Cuenca,15,,"15ª Bienal de Cuenca «Bienal del Bioceno» (2021, De la Torre)"
4080,Mary Mattingly,Bienal de Cuenca,15,,"15ª Bienal de Cuenca «Bienal del Bioceno» (2021, De la Torre)"
4081,Nohemí Pérez,Bienal de Cuenca,15,,"15ª Bienal de Cuenca «Bienal del Bioceno» (2021, De la Torre)"
4082,Tania Candiani,Bienal de Cuenca,15,,"15ª Bienal de Cuenca «Bienal del Bioceno» (2021, De la Torre)"
4082,Tania Candiani,Bienal de Cuenca,,2021,"Premio de adquisición, 15ª Bienal de Cuenca (2021)"
4082,Tania Candiani,CIFO Grants & Commissions,,2020,"CIFO Grants & Commissions, premiado/a (2020)"
4083,Augusto Ballardo,Bienal de Cuenca,15,,"15ª Bienal de Cuenca «Bienal del Bioceno» (2021, De la Torre)"
4084,Ana Teresa Barboza,Bienal de Cuenca,15,,"15ª Bienal de Cuenca «Bienal del Bioceno» (2021, De la Torre)"
4085,Fernando Sánchez Castillo,Bienal de Cuenca,16,,"16ª Bienal de Cuenca (2023, Barenblit)"
4085,Fernando Sánchez Castillo,Bienal de Estambul,10,2007,"10ª Bienal de Estambul «Not Only Possible, But Also Necessary» (2007, Hou Hanru)"
4086,Max de Esteban,Bienal de Cuenca,16,,"16ª Bienal de Cuenca (2023, Barenblit)"
4087,Colectivo Cherani,Bienal de Cuenca,16,,"16ª Bienal de Cuenca (2023, Barenblit)"
4087,Colectivo Cherani,Bienal de Cuenca,,2023,"Mención de honor, 16ª Bienal de Cuenca (2023)"
4088,Fredi Casco,Bienal de Cuenca,16,,"16ª Bienal de Cuenca (2023, Barenblit)"
4088,Fredi Casco,CIFO Grants & Commissions,,2007,"CIFO Grants & Commissions, premiado/a (2007)"
4089,Adelita Husni-Bey,Bienal de Cuenca,16,,"16ª Bienal de Cuenca (2023, Barenblit)"
4090,Osman Khan,Bienal de Cuenca,16,,"16ª Bienal de Cuenca (2023, Barenblit)"
4091,Pilvi Takala,Bienal de Cuenca,16,,"16ª Bienal de Cuenca (2023, Barenblit)"
4091,Pilvi Takala,Bienal de Estambul,9,2005,"9ª Bienal de Estambul «İstanbul» (2005, Esche/Kortun)"
4092,Gabriela Rivadeneira,Bienal de Cuenca,16,,"16ª Bienal de Cuenca (2023, Barenblit)"
4092,Gabriela Rivadeneira,Bienal de Cuenca,,2023,"Mención de honor, 16ª Bienal de Cuenca (2023)"
4093,Gary Vera Z.,Bienal de Cuenca,16,,"16ª Bienal de Cuenca (2023, Barenblit)"
4093,Gary Vera Z.,Bienal de Cuenca,,2023,"Mención de honor, 16ª Bienal de Cuenca (2023)"
4094,Leo Moyano,Bienal de Cuenca,16,,"16ª Bienal de Cuenca (2023, Barenblit)"
4095,María Rosa Jijón,Bienal de Cuenca,16,,"16ª Bienal de Cuenca (2023, Barenblit)"
4096,Patricio Palomeque,Bienal de Cuenca,16,,"16ª Bienal de Cuenca (2023, Barenblit)"
4096,Patricio Palomeque,Bienal de Cuenca,,2023,"Premio de adquisición, 16ª Bienal de Cuenca (2023)"
4097,Rey Akdogan,Bienal de Cuenca,14,,"14ª Bienal de Cuenca «Estructuras Vivientes» (2018, Fuenmayor)"
4098,Carla Arocha & Stéphane Schraenen,Bienal de Cuenca,14,,"14ª Bienal de Cuenca «Estructuras Vivientes» (2018, Fuenmayor)"
4099,Lothar Baumgarten,Bienal de Cuenca,14,,"14ª Bienal de Cuenca «Estructuras Vivientes» (2018, Fuenmayor)"
4099,Lothar Baumgarten,Colección Cisneros (CPPC),,2018,"Donación CPPC al MoMA, Contemporary Gift (2018)"
4100,Julien Bismuth,Bienal de Cuenca,14,,"14ª Bienal de Cuenca «Estructuras Vivientes» (2018, Fuenmayor)"
4101,Jessica Briceño,Bienal de Cuenca,14,,"14ª Bienal de Cuenca «Estructuras Vivientes» (2018, Fuenmayor)"
4102,Nina Canell,Bienal de Cuenca,14,,"14ª Bienal de Cuenca «Estructuras Vivientes» (2018, Fuenmayor)"
4102,Nina Canell,Bienal de Gwangju,16,2026,"16ª Bienal de Gwangju «You Must Change Your Life» (2026, Ho Tzu Nyen)"
4103,Leyla Cárdenas,Bienal de Cuenca,14,,"14ª Bienal de Cuenca «Estructuras Vivientes» (2018, Fuenmayor)"
4103,Leyla Cárdenas,CIFO Grants & Commissions,,2019,"CIFO Grants & Commissions, premiado/a (2019)"
4104,Yaima Carrazana,Bienal de Cuenca,14,,"14ª Bienal de Cuenca «Estructuras Vivientes» (2018, Fuenmayor)"
4105,Patricia Dauder,Bienal de Cuenca,14,,"14ª Bienal de Cuenca «Estructuras Vivientes» (2018, Fuenmayor)"
4106,Finishing School,Bienal de Cuenca,14,,"14ª Bienal de Cuenca «Estructuras Vivientes» (2018, Fuenmayor)"
4107,Ana Guedes,Bienal de Cuenca,14,,"14ª Bienal de Cuenca «Estructuras Vivientes» (2018, Fuenmayor)"
4108,Birger Lipinski & Laercio Redondo,Bienal de Cuenca,14,,"14ª Bienal de Cuenca «Estructuras Vivientes» (2018, Fuenmayor)"
4109,Cecilia López,Bienal de Cuenca,14,,"14ª Bienal de Cuenca «Estructuras Vivientes» (2018, Fuenmayor)"
4110,Carlos Martiel,Bienal de Cuenca,14,,"14ª Bienal de Cuenca «Estructuras Vivientes» (2018, Fuenmayor)"
4110,Carlos Martiel,CIFO Grants & Commissions,,2014,"CIFO Grants & Commissions, premiado/a (2014)"
4111,Felipe Meres,Bienal de Cuenca,14,,"14ª Bienal de Cuenca «Estructuras Vivientes» (2018, Fuenmayor)"
4111,Felipe Meres,CIFO Grants & Commissions,,2016,"CIFO Grants & Commissions, premiado/a (2016)"
4112,Oscar Abraham Pabón,Bienal de Cuenca,14,,"14ª Bienal de Cuenca «Estructuras Vivientes» (2018, Fuenmayor)"
4112,Oscar Abraham Pabón,CIFO Grants & Commissions,,2019,"CIFO Grants & Commissions, premiado/a (2019)"
4113,Ishmael Randall-Weeks,Bienal de Cuenca,14,,"14ª Bienal de Cuenca «Estructuras Vivientes» (2018, Fuenmayor)"
4113,Ishmael Randall-Weeks,CIFO Grants & Commissions,,2024,"CIFO Grants & Commissions, premiado/a (2024)"
4114,Jimmy Robert,Bienal de Cuenca,14,,"14ª Bienal de Cuenca «Estructuras Vivientes» (2018, Fuenmayor)"
4115,Pablo Barriga,Bienal de Cuenca,14,,"14ª Bienal de Cuenca «Estructuras Vivientes» (2018, Fuenmayor)"
4116,Ilich Castillo,Bienal de Cuenca,14,,"14ª Bienal de Cuenca «Estructuras Vivientes» (2018, Fuenmayor)"
4116,Ilich Castillo,CIFO Grants & Commissions,,2017,"CIFO Grants & Commissions, premiado/a (2017)"
4117,Pamela Cevallos,Bienal de Cuenca,14,,"14ª Bienal de Cuenca «Estructuras Vivientes» (2018, Fuenmayor)"
4118,Gabriela Chérrez,Bienal de Cuenca,14,,"14ª Bienal de Cuenca «Estructuras Vivientes» (2018, Fuenmayor)"
4119,José Luis Macas,Bienal de Cuenca,14,,"14ª Bienal de Cuenca «Estructuras Vivientes» (2018, Fuenmayor)"
4120,María José Machado,Bienal de Cuenca,14,,"14ª Bienal de Cuenca «Estructuras Vivientes» (2018, Fuenmayor)"
4121,David Orbea,Bienal de Cuenca,14,,"14ª Bienal de Cuenca «Estructuras Vivientes» (2018, Fuenmayor)"
4122,Estefanía Peñafiel,Bienal de Cuenca,14,,"14ª Bienal de Cuenca «Estructuras Vivientes» (2018, Fuenmayor)"
4123,Santiago Reyes,Bienal de Cuenca,14,,"14ª Bienal de Cuenca «Estructuras Vivientes» (2018, Fuenmayor)"
4124,Manuela Ribadeneira,Bienal de Cuenca,14,,"14ª Bienal de Cuenca «Estructuras Vivientes» (2018, Fuenmayor)"
4124,Manuela Ribadeneira,CIFO Grants & Commissions,,2013,"CIFO Grants & Commissions, premiado/a (2013)"
4125,Juliana Vidal,Bienal de Cuenca,14,,"14ª Bienal de Cuenca «Estructuras Vivientes» (2018, Fuenmayor)"
4126,Oswaldo Terreros,Bienal de Cuenca,13,,"13ª Bienal de Cuenca «Impermanencia» (2016, Cameron)"
4126,Oswaldo Terreros,Bienal de Cuenca,,2016,"Premio «El Guaraguao», 13ª Bienal de Cuenca (2016)"
4126,Oswaldo Terreros,Colección Cisneros (CPPC),,2018,"Donación CPPC al MALI, Lima (2018)"
4127,Elias Crespin,Bienal de Cuenca,13,,"13ª Bienal de Cuenca «Impermanencia» (2016, Cameron)"
4128,Magdalena Fernández,Bienal de Cuenca,,2009,"Premio de adquisición, 10ª Bienal de Cuenca (2009)"
4128,Magdalena Fernández,Bienal de Cuenca,,2011,"Primer Premio, 11ª Bienal de Cuenca (2011)"
4128,Magdalena Fernández,CIFO Grants & Commissions,,2006,"CIFO Grants & Commissions, premiado/a (2006)"
4128,Magdalena Fernández,Colección Cisneros (CPPC),,2019,"Donación CPPC al Museo Reina Sofía, Madrid (2019)"
4129,Saidel Brito,Bienal de Cuenca,,2009,"Premio de adquisición, 10ª Bienal de Cuenca (2009)"
4130,Sub Cooperativa de Fotógrafos,Bienal de Cuenca,,2009,"Premio de adquisición, 10ª Bienal de Cuenca (2009)"
4131,Samta Benyahia,Dak'Art,,2004,"Dak'Art, 6ª Bienal de Dakar (2004)"
4132,Zoulikha Bouabdellah,Dak'Art,,2004,"Dak'Art, 6ª Bienal de Dakar (2004)"
4132,Zoulikha Bouabdellah,Dak'Art,,2002,"Dak'Art, 5ª Bienal de Dakar (2002)"
4133,Isaac Essoua (Malam),Dak'Art,,2004,"Dak'Art, 6ª Bienal de Dakar (2004)"
4134,Achillekà Komguem,Dak'Art,,2004,"Dak'Art, 6ª Bienal de Dakar (2004)"
4135,Gaston Massamba M'Bongo,Dak'Art,,2004,"Dak'Art, 6ª Bienal de Dakar (2004)"
4136,Michèle Magema,Dak'Art,,2004,"Dak'Art, 6ª Bienal de Dakar (2004)"
4137,Amal El Kenawy & Abd El Ghany El Kenawy,Dak'Art,,2004,"Dak'Art, 6ª Bienal de Dakar (2004)"
4138,Hala Elkoussy,Bienal de Estambul,9,2005,"9ª Bienal de Estambul «İstanbul» (2005, Esche/Kortun)"
4138,Hala Elkoussy,Dak'Art,,2004,"Dak'Art, 6ª Bienal de Dakar (2004)"
4139,Khaled Hafez,Dak'Art,,2004,"Dak'Art, 6ª Bienal de Dakar (2004)"
4140,Maha Maamoun,Dak'Art,,2004,"Dak'Art, 6ª Bienal de Dakar (2004)"
4141,Assefa Gebrekidan,Dak'Art,,2004,"Dak'Art, 6ª Bienal de Dakar (2004)"
4142,Azieman Louis-Marcel Wanoumi,Dak'Art,,2004,"Dak'Art, 6ª Bienal de Dakar (2004)"
4143,Jeriarimanjato Razafindranaivo,Dak'Art,,2004,"Dak'Art, 6ª Bienal de Dakar (2004)"
4144,Asmae Lahkim Bennani,Dak'Art,,2004,"Dak'Art, 6ª Bienal de Dakar (2004)"
4145,Younes Rahmoun,Dak'Art,,2004,"Dak'Art, 6ª Bienal de Dakar (2004)"
4146,Toyin Loye,Dak'Art,,2004,"Dak'Art, 6ª Bienal de Dakar (2004)"
4147,Toyosi Odunsi,Dak'Art,,2004,"Dak'Art, 6ª Bienal de Dakar (2004)"
4148,Aïcha Aïdara,Dak'Art,,2004,"Dak'Art, 6ª Bienal de Dakar (2004)"
4149,Bassirou Dieng (Diégo),Dak'Art,,2004,"Dak'Art, 6ª Bienal de Dakar (2004)"
4150,Mohamadou N'Doye Douts,Dak'Art,,2004,"Dak'Art, 6ª Bienal de Dakar (2004)"
4151,Cheikh Niass,Dak'Art,,2004,"Dak'Art, 6ª Bienal de Dakar (2004)"
4152,Thando Mama,Dak'Art,,2004,"Dak'Art, 6ª Bienal de Dakar (2004)"
4153,Gregg Smith,Dak'Art,,2004,"Dak'Art, 6ª Bienal de Dakar (2004)"
4154,Mgcineni Sobopha,Dak'Art,,2004,"Dak'Art, 6ª Bienal de Dakar (2004)"
4155,Doreen Southwood,Dak'Art,,2004,"Dak'Art, 6ª Bienal de Dakar (2004)"
4156,Sokey Edorh,Dak'Art,,2004,"Dak'Art, 6ª Bienal de Dakar (2004)"
4157,Fatma Charfi,Dak'Art,,2004,"Dak'Art, 6ª Bienal de Dakar (2004)"
4157,Fatma Charfi,Dak'Art,,2002,"Dak'Art, 5ª Bienal de Dakar (2002)"
4158,Mohamed Yahyaoui (Yamo),Dak'Art,,2004,"Dak'Art, 6ª Bienal de Dakar (2004)"
4159,Jules Bertrand Wokam,Dak'Art,,2004,"Dak'Art, 6ª Bienal de Dakar (2004)"
4160,Madeleine Bomboté,Dak'Art,,2004,"Dak'Art, 6ª Bienal de Dakar (2004)"
4161,Cheick Diallo,Dak'Art,,2004,"Dak'Art, 6ª Bienal de Dakar (2004)"
4162,Amivi Homawoo,Dak'Art,,2004,"Dak'Art, 6ª Bienal de Dakar (2004)"
4163,Joseph Francis Sumégné,Dak'Art,,2004,"Dak'Art, 6ª Bienal de Dakar (2004)"
4164,Mario Cravo Neto,Colección Daros Latinamerica,,,"Colección Daros Latinamerica, Zúrich"
4164,Mario Cravo Neto,Dak'Art,,2004,"Dak'Art, 6ª Bienal de Dakar (2004)"
4165,Fayssal Ben Kiran,Dak'Art,,2002,"Dak'Art, 5ª Bienal de Dakar (2002)"
4166,Hicham Benohoud,Dak'Art,,2002,"Dak'Art, 5ª Bienal de Dakar (2002)"
4167,Ali Chraïbi,Dak'Art,,2002,"Dak'Art, 5ª Bienal de Dakar (2002)"
4168,Félicité Codjo,Dak'Art,,2002,"Dak'Art, 5ª Bienal de Dakar (2002)"
4169,Tamsir Dia,Dak'Art,,2002,"Dak'Art, 5ª Bienal de Dakar (2002)"
4170,Modou Dieng,Dak'Art,,2002,"Dak'Art, 5ª Bienal de Dakar (2002)"
4170,Modou Dieng,Dak'Art,,,"Dak'Art, 14ª Bienal de Dakar «Ĩ NDAFFA # / Out of the Fire» (2022, Ndiaye)"
4171,Khalil El Gherib,Dak'Art,,2002,"Dak'Art, 5ª Bienal de Dakar (2002)"
4172,Angèle Etoundi Essamba,Dak'Art,,2002,"Dak'Art, 5ª Bienal de Dakar (2002)"
4173,Faouzi Laatiris,Dak'Art,,2002,"Dak'Art, 5ª Bienal de Dakar (2002)"
4174,Gabriel Kenzo Malou,Dak'Art,,2002,"Dak'Art, 5ª Bienal de Dakar (2002)"
4175,Djibril Ndiaye,Dak'Art,,2002,"Dak'Art, 5ª Bienal de Dakar (2002)"
4176,Justin Oussou Ngoran,Dak'Art,,2002,"Dak'Art, 5ª Bienal de Dakar (2002)"
4177,Ibrahima Niang,Dak'Art,,2002,"Dak'Art, 5ª Bienal de Dakar (2002)"
4178,Evaritus Chukwuemeka Obodo,Dak'Art,,2002,"Dak'Art, 5ª Bienal de Dakar (2002)"
4179,Adam's O'Connor,Dak'Art,,2002,"Dak'Art, 5ª Bienal de Dakar (2002)"
4180,Mohamed Ounouh,Dak'Art,,2002,"Dak'Art, 5ª Bienal de Dakar (2002)"
4181,Vonjiniaina Ratovonirina,Dak'Art,,2002,"Dak'Art, 5ª Bienal de Dakar (2002)"
4182,Safaa Erruas,Dak'Art,,2002,"Dak'Art, 5ª Bienal de Dakar (2002)"
4183,Moussa Sakho,Dak'Art,,2002,"Dak'Art, 5ª Bienal de Dakar (2002)"
4184,Nabil Saoubi,Dak'Art,,2002,"Dak'Art, 5ª Bienal de Dakar (2002)"
4185,Batoul S'Himi,Dak'Art,,2002,"Dak'Art, 5ª Bienal de Dakar (2002)"
4186,Amadou Kane Sy,Dak'Art,,2002,"Dak'Art, 5ª Bienal de Dakar (2002)"
4187,Mulugeta Tafesse,Dak'Art,,2002,"Dak'Art, 5ª Bienal de Dakar (2002)"
4188,Francis Tchiakpe,Dak'Art,,2002,"Dak'Art, 5ª Bienal de Dakar (2002)"
4189,Yacouba Touré,Dak'Art,,2002,"Dak'Art, 5ª Bienal de Dakar (2002)"
4190,Saliou Traoré,Dak'Art,,2002,"Dak'Art, 5ª Bienal de Dakar (2002)"
4191,Sara Al Tantawy,Dak'Art,,,"Dak'Art, 15ª Bienal de Dakar «The Wake» (2024, Salimata Diop)"
4192,Mohamed Arim,Dak'Art,,,"Dak'Art, 15ª Bienal de Dakar «The Wake» (2024, Salimata Diop)"
4193,Clay Apenouvon,Dak'Art,,,"Dak'Art, 15ª Bienal de Dakar «The Wake» (2024, Salimata Diop)"
4194,Hiba Baddou,Dak'Art,,,"Dak'Art, 15ª Bienal de Dakar «The Wake» (2024, Salimata Diop)"
4195,Oumar Ball,Dak'Art,,,"Dak'Art, 15ª Bienal de Dakar «The Wake» (2024, Salimata Diop)"
4196,Mugabo Baritegera,Dak'Art,,,"Dak'Art, 15ª Bienal de Dakar «The Wake» (2024, Salimata Diop)"
4197,Sonia Barrett,Dak'Art,,,"Dak'Art, 15ª Bienal de Dakar «The Wake» (2024, Salimata Diop)"
4198,Arébénor Basséne,Dak'Art,,,"Dak'Art, 15ª Bienal de Dakar «The Wake» (2024, Salimata Diop)"
4199,Ama Be,Dak'Art,,,"Dak'Art, 15ª Bienal de Dakar «The Wake» (2024, Salimata Diop)"
4200,Younès Ben Slimane,Dak'Art,,,"Dak'Art, 15ª Bienal de Dakar «The Wake» (2024, Salimata Diop)"
4201,Hicham Berrada,Dak'Art,,,"Dak'Art, 15ª Bienal de Dakar «The Wake» (2024, Salimata Diop)"
4202,Jenna Burchell,Dak'Art,,,"Dak'Art, 15ª Bienal de Dakar «The Wake» (2024, Salimata Diop)"
4203,Sika Da Silveira,Dak'Art,,,"Dak'Art, 15ª Bienal de Dakar «The Wake» (2024, Salimata Diop)"
4204,Dalila Dalléas Bouzar,Dak'Art,,,"Dak'Art, 15ª Bienal de Dakar «The Wake» (2024, Salimata Diop)"
4205,Nelson Makengo,Dak'Art,,,"Dak'Art, 15ª Bienal de Dakar «The Wake» (2024, Salimata Diop)"
4206,Elia Nurvista,Bienal de Sharjah,15,2023,"15ª Bienal de Sharjah «Thinking Historically in the Present» (2023, Hoor Al Qasimi)"
4206,Elia Nurvista,Dak'Art,,,"Dak'Art, 15ª Bienal de Dakar «The Wake» (2024, Salimata Diop)"
4207,Soukaïna Joual,Dak'Art,,,"Dak'Art, 15ª Bienal de Dakar «The Wake» (2024, Salimata Diop)"
4208,Mukalay Nzudi,Dak'Art,,,"Dak'Art, 15ª Bienal de Dakar «The Wake» (2024, Salimata Diop)"
4209,Malala Andrialavidrazana,Bienal de Sharjah,15,2023,"15ª Bienal de Sharjah «Thinking Historically in the Present» (2023, Hoor Al Qasimi)"
4209,Malala Andrialavidrazana,Dak'Art,,,"Dak'Art, 15ª Bienal de Dakar «The Wake» (2024, Salimata Diop)"
4210,Mónica de Miranda,Dak'Art,,,"Dak'Art, 15ª Bienal de Dakar «The Wake» (2024, Salimata Diop)"
4211,Rehema Chachage,Dak'Art,,,"Dak'Art, 15ª Bienal de Dakar «The Wake» (2024, Salimata Diop)"
4212,Ndidi Dike,Dak'Art,,,"Dak'Art, 15ª Bienal de Dakar «The Wake» (2024, Salimata Diop)"
4213,David Alabo,Dak'Art,,,"Dak'Art, 15ª Bienal de Dakar «The Wake» (2024, Salimata Diop)"
4214,Joël Andrianomearisoa,Dak'Art,,,"Dak'Art, 15ª Bienal de Dakar «The Wake» (2024, Salimata Diop)"
4215,Abdessamad El Montassir,Dak'Art,,,"Dak'Art, 15ª Bienal de Dakar «The Wake» (2024, Salimata Diop)"
4216,Ato Malinda,Dak'Art,,,"Dak'Art, 15ª Bienal de Dakar «The Wake» (2024, Salimata Diop)"
4217,Modupeola Fadugba,Dak'Art,,,"Dak'Art, 15ª Bienal de Dakar «The Wake» (2024, Salimata Diop)"
4217,Modupeola Fadugba,Dak'Art,,,"Dak'Art, 12ª Bienal de Dakar «Réenchantements / La Cité dans le jour bleu» (2016, Njami)"
4218,Gosette Lubondo,Dak'Art,,,"Dak'Art, 15ª Bienal de Dakar «The Wake» (2024, Salimata Diop)"
4219,François Knoetze,Dak'Art,,,"Dak'Art, 15ª Bienal de Dakar «The Wake» (2024, Salimata Diop)"
4220,Mohau Modisakeng,Dak'Art,,,"Dak'Art, 15ª Bienal de Dakar «The Wake» (2024, Salimata Diop)"
4221,Kura Shomali,Dak'Art,,,"Dak'Art, 15ª Bienal de Dakar «The Wake» (2024, Salimata Diop)"
4222,Ana Silva,Dak'Art,,,"Dak'Art, 15ª Bienal de Dakar «The Wake» (2024, Salimata Diop)"
4222,Ana Silva,Dak'Art,,,"Dak'Art, 14ª Bienal de Dakar «Ĩ NDAFFA # / Out of the Fire» (2022, Ndiaye)"
4223,Terrence Musekiwa,Dak'Art,,,"Dak'Art, 14ª Bienal de Dakar «Ĩ NDAFFA # / Out of the Fire» (2022, Ndiaye)"
4224,Neville Starling,Dak'Art,,,"Dak'Art, 14ª Bienal de Dakar «Ĩ NDAFFA # / Out of the Fire» (2022, Ndiaye)"
4225,Ilhem Ellouze,Dak'Art,,,"Dak'Art, 14ª Bienal de Dakar «Ĩ NDAFFA # / Out of the Fire» (2022, Ndiaye)"
4226,Serielle Doulain,Dak'Art,,,"Dak'Art, 14ª Bienal de Dakar «Ĩ NDAFFA # / Out of the Fire» (2022, Ndiaye)"
4227,Kokou Ferdinand Makouvia,Dak'Art,,,"Dak'Art, 14ª Bienal de Dakar «Ĩ NDAFFA # / Out of the Fire» (2022, Ndiaye)"
4228,Gorges Ange Camille,Dak'Art,,,"Dak'Art, 14ª Bienal de Dakar «Ĩ NDAFFA # / Out of the Fire» (2022, Ndiaye)"
4229,Fally Sène Sow,Dak'Art,,,"Dak'Art, 14ª Bienal de Dakar «Ĩ NDAFFA # / Out of the Fire» (2022, Ndiaye)"
4230,Abdoulaye Kâ,Dak'Art,,,"Dak'Art, 14ª Bienal de Dakar «Ĩ NDAFFA # / Out of the Fire» (2022, Ndiaye)"
4231,Caroline Gueye,Dak'Art,,,"Dak'Art, 14ª Bienal de Dakar «Ĩ NDAFFA # / Out of the Fire» (2022, Ndiaye)"
4232,Mbaye Diop,Dak'Art,,,"Dak'Art, 14ª Bienal de Dakar «Ĩ NDAFFA # / Out of the Fire» (2022, Ndiaye)"
4233,Alioune Diagne,Dak'Art,,,"Dak'Art, 14ª Bienal de Dakar «Ĩ NDAFFA # / Out of the Fire» (2022, Ndiaye)"
4234,Omar Bâ,Dak'Art,,,"Dak'Art, 14ª Bienal de Dakar «Ĩ NDAFFA # / Out of the Fire» (2022, Ndiaye)"
4235,Gilles Ducale,Dak'Art,,,"Dak'Art, 14ª Bienal de Dakar «Ĩ NDAFFA # / Out of the Fire» (2022, Ndiaye)"
4236,Xavier D. R. DeMedina,Dak'Art,,,"Dak'Art, 14ª Bienal de Dakar «Ĩ NDAFFA # / Out of the Fire» (2022, Ndiaye)"
4237,Obinna Onyebuchi Makaba,Dak'Art,,,"Dak'Art, 14ª Bienal de Dakar «Ĩ NDAFFA # / Out of the Fire» (2022, Ndiaye)"
4238,Ngozi Appolonia Emma,Dak'Art,,,"Dak'Art, 14ª Bienal de Dakar «Ĩ NDAFFA # / Out of the Fire» (2022, Ndiaye)"
4239,Lara Sousa,Dak'Art,,,"Dak'Art, 14ª Bienal de Dakar «Ĩ NDAFFA # / Out of the Fire» (2022, Ndiaye)"
4240,Mohammed Thara,Dak'Art,,,"Dak'Art, 14ª Bienal de Dakar «Ĩ NDAFFA # / Out of the Fire» (2022, Ndiaye)"
4241,Dickson Kaloki Nyamai,Dak'Art,,,"Dak'Art, 14ª Bienal de Dakar «Ĩ NDAFFA # / Out of the Fire» (2022, Ndiaye)"
4242,Sylwia Kyambi,Dak'Art,,,"Dak'Art, 14ª Bienal de Dakar «Ĩ NDAFFA # / Out of the Fire» (2022, Ndiaye)"
4243,Adji Dièye,Dak'Art,,,"Dak'Art, 14ª Bienal de Dakar «Ĩ NDAFFA # / Out of the Fire» (2022, Ndiaye)"
4244,Karem Ibrahim,Dak'Art,,,"Dak'Art, 14ª Bienal de Dakar «Ĩ NDAFFA # / Out of the Fire» (2022, Ndiaye)"
4245,Emmanuel Tussore,Dak'Art,,,"Dak'Art, 14ª Bienal de Dakar «Ĩ NDAFFA # / Out of the Fire» (2022, Ndiaye)"
4246,Louise Mathilde Marajo,Dak'Art,,,"Dak'Art, 14ª Bienal de Dakar «Ĩ NDAFFA # / Out of the Fire» (2022, Ndiaye)"
4247,Hélèn Kelhetter & Aboubakry Ba,Dak'Art,,,"Dak'Art, 14ª Bienal de Dakar «Ĩ NDAFFA # / Out of the Fire» (2022, Ndiaye)"
4248,Beya Gille Gacha,Dak'Art,,,"Dak'Art, 14ª Bienal de Dakar «Ĩ NDAFFA # / Out of the Fire» (2022, Ndiaye)"
4249,Tegene Kunbi Senbeto,Dak'Art,,,"Dak'Art, 14ª Bienal de Dakar «Ĩ NDAFFA # / Out of the Fire» (2022, Ndiaye)"
4250,Olympio,Dak'Art,,,"Dak'Art, 14ª Bienal de Dakar «Ĩ NDAFFA # / Out of the Fire» (2022, Ndiaye)"
4251,Marie Forine Demosthenes,Dak'Art,,,"Dak'Art, 14ª Bienal de Dakar «Ĩ NDAFFA # / Out of the Fire» (2022, Ndiaye)"
4252,Yrneh Gabon Brown,Dak'Art,,,"Dak'Art, 14ª Bienal de Dakar «Ĩ NDAFFA # / Out of the Fire» (2022, Ndiaye)"
4253,Sherin Elbaroudi,Dak'Art,,,"Dak'Art, 14ª Bienal de Dakar «Ĩ NDAFFA # / Out of the Fire» (2022, Ndiaye)"
4254,Ratan Abbas,Dak'Art,,,"Dak'Art, 14ª Bienal de Dakar «Ĩ NDAFFA # / Out of the Fire» (2022, Ndiaye)"
4255,Marianela Orozco,Dak'Art,,,"Dak'Art, 14ª Bienal de Dakar «Ĩ NDAFFA # / Out of the Fire» (2022, Ndiaye)"
4256,Javier Castro,CIFO Grants & Commissions,,2015,"CIFO Grants & Commissions, premiado/a (2015)"
4256,Javier Castro,Colección Daros Latinamerica,,,"Colección Daros Latinamerica, Zúrich"
4256,Javier Castro,Dak'Art,,,"Dak'Art, 14ª Bienal de Dakar «Ĩ NDAFFA # / Out of the Fire» (2022, Ndiaye)"
4257,Victor Sonna,Dak'Art,,,"Dak'Art, 14ª Bienal de Dakar «Ĩ NDAFFA # / Out of the Fire» (2022, Ndiaye)"
4258,Jeanne Kamptchouang,Dak'Art,,,"Dak'Art, 14ª Bienal de Dakar «Ĩ NDAFFA # / Out of the Fire» (2022, Ndiaye)"
4259,Halo Hankson,Dak'Art,,,"Dak'Art, 14ª Bienal de Dakar «Ĩ NDAFFA # / Out of the Fire» (2022, Ndiaye)"
4260,Hyacinthe Ouattara,Dak'Art,,,"Dak'Art, 14ª Bienal de Dakar «Ĩ NDAFFA # / Out of the Fire» (2022, Ndiaye)"
4261,Grégory Dabilougou,Dak'Art,,,"Dak'Art, 14ª Bienal de Dakar «Ĩ NDAFFA # / Out of the Fire» (2022, Ndiaye)"
4262,Lucas Brito Lago,Dak'Art,,,"Dak'Art, 14ª Bienal de Dakar «Ĩ NDAFFA # / Out of the Fire» (2022, Ndiaye)"
4263,Roméo Miwekannin,Dak'Art,,,"Dak'Art, 14ª Bienal de Dakar «Ĩ NDAFFA # / Out of the Fire» (2022, Ndiaye)"
4264,Didier Voile,Dak'Art,,,"Dak'Art, 14ª Bienal de Dakar «Ĩ NDAFFA # / Out of the Fire» (2022, Ndiaye)"
4265,Adonon,Dak'Art,,,"Dak'Art, 14ª Bienal de Dakar «Ĩ NDAFFA # / Out of the Fire» (2022, Ndiaye)"
4266,Rokia Bamba,Dak'Art,,,"Dak'Art, 14ª Bienal de Dakar «Ĩ NDAFFA # / Out of the Fire» (2022, Ndiaye)"
4267,Christina Katharina Lokenhoff,Dak'Art,,,"Dak'Art, 14ª Bienal de Dakar «Ĩ NDAFFA # / Out of the Fire» (2022, Ndiaye)"
4268,Elize Vossgatter,Dak'Art,,,"Dak'Art, 14ª Bienal de Dakar «Ĩ NDAFFA # / Out of the Fire» (2022, Ndiaye)"
4269,Sethembile Msezane,Dak'Art,,,"Dak'Art, 14ª Bienal de Dakar «Ĩ NDAFFA # / Out of the Fire» (2022, Ndiaye)"
4270,Mia Thom,Dak'Art,,,"Dak'Art, 14ª Bienal de Dakar «Ĩ NDAFFA # / Out of the Fire» (2022, Ndiaye)"
4271,Bev Butkow,Dak'Art,,,"Dak'Art, 14ª Bienal de Dakar «Ĩ NDAFFA # / Out of the Fire» (2022, Ndiaye)"
4272,Mzwandile Buthelezi,Dak'Art,,,"Dak'Art, 14ª Bienal de Dakar «Ĩ NDAFFA # / Out of the Fire» (2022, Ndiaye)"
4273,Ralph Borland,Dak'Art,,,"Dak'Art, 14ª Bienal de Dakar «Ĩ NDAFFA # / Out of the Fire» (2022, Ndiaye)"
4274,Mo Laudi,Dak'Art,,,"Dak'Art, 14ª Bienal de Dakar «Ĩ NDAFFA # / Out of the Fire» (2022, Ndiaye)"
4275,Liberty Battson,Dak'Art,,,"Dak'Art, 14ª Bienal de Dakar «Ĩ NDAFFA # / Out of the Fire» (2022, Ndiaye)"
4276,Victor Ehikhamenor,Dak'Art,,,"Dak'Art, 12ª Bienal de Dakar «Réenchantements / La Cité dans le jour bleu» (2016, Njami)"
4277,Kemi Bassene,Dak'Art,,,"Dak'Art, 12ª Bienal de Dakar «Réenchantements / La Cité dans le jour bleu» (2016, Njami)"
4278,Laeïla Adjovi,Dak'Art,,,"Dak'Art, 13ª Bienal de Dakar «L'heure rouge» (2018, Njami)"
4278,Laeïla Adjovi,Dak'Art,,2018,"Grand Prix Léopold Sédar Senghor, Dak'Art (2018)"
4279,Hamra Abbas,Bienal de Estambul,10,2007,"10ª Bienal de Estambul «Not Only Possible, But Also Necessary» (2007, Hou Hanru)"
4280,Vahram Aghasyan,Bienal de Estambul,10,2007,"10ª Bienal de Estambul «Not Only Possible, But Also Necessary» (2007, Hou Hanru)"
4281,Buthayna Ali,Bienal de Estambul,10,2007,"10ª Bienal de Estambul «Not Only Possible, But Also Necessary» (2007, Hou Hanru)"
4282,Selçuk Artut,Bienal de Estambul,10,2007,"10ª Bienal de Estambul «Not Only Possible, But Also Necessary» (2007, Hou Hanru)"
4283,Fikret Atay,Bienal de Estambul,10,2007,"10ª Bienal de Estambul «Not Only Possible, But Also Necessary» (2007, Hou Hanru)"
4283,Fikret Atay,Bienal de Estambul,8,2003,"8ª Bienal de Estambul «Poetic Justice» (2003, Dan Cameron)"
4284,Jonathan Barnbrook,Bienal de Estambul,10,2007,"10ª Bienal de Estambul «Not Only Possible, But Also Necessary» (2007, Hou Hanru)"
4285,Ramazan Bayrakoğlu,Bienal de Estambul,10,2007,"10ª Bienal de Estambul «Not Only Possible, But Also Necessary» (2007, Hou Hanru)"
4286,Justin Bennett,Bienal de Estambul,10,2007,"10ª Bienal de Estambul «Not Only Possible, But Also Necessary» (2007, Hou Hanru)"
4287,"Ege Berensel, Banu Ornat & Serhat H. Yalçınkaya",Bienal de Estambul,10,2007,"10ª Bienal de Estambul «Not Only Possible, But Also Necessary» (2007, Hou Hanru)"
4288,Lia Chaia,Bienal de Estambul,10,2007,"10ª Bienal de Estambul «Not Only Possible, But Also Necessary» (2007, Hou Hanru)"
4289,Chen Hui-Chiao,Bienal de Estambul,10,2007,"10ª Bienal de Estambul «Not Only Possible, But Also Necessary» (2007, Hou Hanru)"
4290,Teddy Cruz,Bienal de Estambul,10,2007,"10ª Bienal de Estambul «Not Only Possible, But Also Necessary» (2007, Hou Hanru)"
4291,Burak Delier,Bienal de Estambul,10,2007,"10ª Bienal de Estambul «Not Only Possible, But Also Necessary» (2007, Hou Hanru)"
4292,Democracia,Bienal de Estambul,10,2007,"10ª Bienal de Estambul «Not Only Possible, But Also Necessary» (2007, Hou Hanru)"
4293,Atom Egoyan,Bienal de Estambul,10,2007,"10ª Bienal de Estambul «Not Only Possible, But Also Necessary» (2007, Hou Hanru)"
4294,Idil Elveris & Zeren Göktan,Bienal de Estambul,10,2007,"10ª Bienal de Estambul «Not Only Possible, But Also Necessary» (2007, Hou Hanru)"
4295,Extrastruggle,Bienal de Estambul,10,2007,"10ª Bienal de Estambul «Not Only Possible, But Also Necessary» (2007, Hou Hanru)"
4296,Daniel Faust,Bienal de Estambul,10,2007,"10ª Bienal de Estambul «Not Only Possible, But Also Necessary» (2007, Hou Hanru)"
4297,Didier Fiuza Faustino,Bienal de Estambul,10,2007,"10ª Bienal de Estambul «Not Only Possible, But Also Necessary» (2007, Hou Hanru)"
4298,Christoph Fink,Bienal de Estambul,10,2007,"10ª Bienal de Estambul «Not Only Possible, But Also Necessary» (2007, Hou Hanru)"
4299,Nina Fischer & Maroan El Sani,Bienal de Estambul,10,2007,"10ª Bienal de Estambul «Not Only Possible, But Also Necessary» (2007, Hou Hanru)"
4299,Nina Fischer & Maroan El Sani,Bienal de Sharjah,15,2023,"15ª Bienal de Sharjah «Thinking Historically in the Present» (2023, Hoor Al Qasimi)"
4300,Vicky Funari & Sergio de la Torre,Bienal de Estambul,10,2007,"10ª Bienal de Estambul «Not Only Possible, But Also Necessary» (2007, Hou Hanru)"
4301,Bodil Furu & Beate Petersen,Bienal de Estambul,10,2007,"10ª Bienal de Estambul «Not Only Possible, But Also Necessary» (2007, Hou Hanru)"
4302,Jean Baptiste Ganne,Bienal de Estambul,10,2007,"10ª Bienal de Estambul «Not Only Possible, But Also Necessary» (2007, Hou Hanru)"
4303,Gimhongsok,Bienal de Estambul,10,2007,"10ª Bienal de Estambul «Not Only Possible, But Also Necessary» (2007, Hou Hanru)"
4304,Ivan Grubanov,Bienal de Estambul,10,2007,"10ª Bienal de Estambul «Not Only Possible, But Also Necessary» (2007, Hou Hanru)"
4305,Ha Za Vu Zu,Bienal de Estambul,10,2007,"10ª Bienal de Estambul «Not Only Possible, But Also Necessary» (2007, Hou Hanru)"
4306,Erdem Helvacıoğlu,Bienal de Estambul,10,2007,"10ª Bienal de Estambul «Not Only Possible, But Also Necessary» (2007, Hou Hanru)"
4307,Eleni Kamma,Bienal de Estambul,10,2007,"10ª Bienal de Estambul «Not Only Possible, But Also Necessary» (2007, Hou Hanru)"
4308,Ömer Ali Kazma,Bienal de Estambul,10,2007,"10ª Bienal de Estambul «Not Only Possible, But Also Necessary» (2007, Hou Hanru)"
4309,Ian Kiaer,Bienal de Estambul,10,2007,"10ª Bienal de Estambul «Not Only Possible, But Also Necessary» (2007, Hou Hanru)"
4310,Sora Kim,Bienal de Estambul,10,2007,"10ª Bienal de Estambul «Not Only Possible, But Also Necessary» (2007, Hou Hanru)"
4311,Taiyo Kimura,Bienal de Estambul,10,2007,"10ª Bienal de Estambul «Not Only Possible, But Also Necessary» (2007, Hou Hanru)"
4312,Gunilla Klinberg,Bienal de Estambul,10,2007,"10ª Bienal de Estambul «Not Only Possible, But Also Necessary» (2007, Hou Hanru)"
4313,Aleksander Komarov,Bienal de Estambul,10,2007,"10ª Bienal de Estambul «Not Only Possible, But Also Necessary» (2007, Hou Hanru)"
4314,Rem Koolhaas / AMO,Bienal de Estambul,10,2007,"10ª Bienal de Estambul «Not Only Possible, But Also Necessary» (2007, Hou Hanru)"
4315,Markus Krottendorfer,Bienal de Estambul,10,2007,"10ª Bienal de Estambul «Not Only Possible, But Also Necessary» (2007, Hou Hanru)"
4316,Minouk Lim,Bienal de Estambul,10,2007,"10ª Bienal de Estambul «Not Only Possible, But Also Necessary» (2007, Hou Hanru)"
4317,MAP Office,Bienal de Estambul,10,2007,"10ª Bienal de Estambul «Not Only Possible, But Also Necessary» (2007, Hou Hanru)"
4317,MAP Office,Bienal de Gwangju,7,2008,"7ª Bienal de Gwangju «Annual Report: A Year in Exhibitions» (2008, Okwui Enwezor)"
4318,Ramón Mateos,Bienal de Estambul,10,2007,"10ª Bienal de Estambul «Not Only Possible, But Also Necessary» (2007, Hou Hanru)"
4319,Julio César Morales,Bienal de Estambul,10,2007,"10ª Bienal de Estambul «Not Only Possible, But Also Necessary» (2007, Hou Hanru)"
4320,Els Opsomer,Bienal de Estambul,10,2007,"10ª Bienal de Estambul «Not Only Possible, But Also Necessary» (2007, Hou Hanru)"
4321,Ou Ning,Bienal de Estambul,10,2007,"10ª Bienal de Estambul «Not Only Possible, But Also Necessary» (2007, Hou Hanru)"
4322,Ferhat Özgür,Bienal de Estambul,10,2007,"10ª Bienal de Estambul «Not Only Possible, But Also Necessary» (2007, Hou Hanru)"
4323,Peng Hung-Chih,Bienal de Estambul,10,2007,"10ª Bienal de Estambul «Not Only Possible, But Also Necessary» (2007, Hou Hanru)"
4324,Anu Pennanen,Bienal de Estambul,10,2007,"10ª Bienal de Estambul «Not Only Possible, But Also Necessary» (2007, Hou Hanru)"
4325,Alexandre Périgot,Bienal de Estambul,10,2007,"10ª Bienal de Estambul «Not Only Possible, But Also Necessary» (2007, Hou Hanru)"
4326,Julien Prévieux,Bienal de Estambul,10,2007,"10ª Bienal de Estambul «Not Only Possible, But Also Necessary» (2007, Hou Hanru)"
4327,Radek Community,Bienal de Estambul,10,2007,"10ª Bienal de Estambul «Not Only Possible, But Also Necessary» (2007, Hou Hanru)"
4328,Porntaweesak Rimsakul,Bienal de Estambul,10,2007,"10ª Bienal de Estambul «Not Only Possible, But Also Necessary» (2007, Hou Hanru)"
4329,Lordy Rodriguez,Bienal de Estambul,10,2007,"10ª Bienal de Estambul «Not Only Possible, But Also Necessary» (2007, Hou Hanru)"
4330,Sam Samore,Bienal de Estambul,10,2007,"10ª Bienal de Estambul «Not Only Possible, But Also Necessary» (2007, Hou Hanru)"
4331,Taro Shinoda,Bienal de Estambul,10,2007,"10ª Bienal de Estambul «Not Only Possible, But Also Necessary» (2007, Hou Hanru)"
4332,Sophia Tabatadze,Bienal de Estambul,10,2007,"10ª Bienal de Estambul «Not Only Possible, But Also Necessary» (2007, Hou Hanru)"
4333,David Ter-Oganyan,Bienal de Estambul,10,2007,"10ª Bienal de Estambul «Not Only Possible, But Also Necessary» (2007, Hou Hanru)"
4334,Nasan Tur,Bienal de Estambul,10,2007,"10ª Bienal de Estambul «Not Only Possible, But Also Necessary» (2007, Hou Hanru)"
4335,Katleen Vermeir & Ronny Heiremans,Bienal de Estambul,10,2007,"10ª Bienal de Estambul «Not Only Possible, But Also Necessary» (2007, Hou Hanru)"
4336,Wong Hoy Cheong,Bienal de Estambul,10,2007,"10ª Bienal de Estambul «Not Only Possible, But Also Necessary» (2007, Hou Hanru)"
4337,Xu Zhen,Bienal de Estambul,10,2007,"10ª Bienal de Estambul «Not Only Possible, But Also Necessary» (2007, Hou Hanru)"
4338,Yan Pei Ming,Bienal de Estambul,10,2007,"10ª Bienal de Estambul «Not Only Possible, But Also Necessary» (2007, Hou Hanru)"
4339,Yang Jiechang,Bienal de Estambul,10,2007,"10ª Bienal de Estambul «Not Only Possible, But Also Necessary» (2007, Hou Hanru)"
4339,Yang Jiechang,Magiciens de la Terre,,1989,"Magiciens de la Terre, Centre Pompidou / Grande Halle de la Villette, París (1989, Jean-Hubert Martin)"
4340,Young Hae Chang Heavy Industries,Bienal de Estambul,10,2007,"10ª Bienal de Estambul «Not Only Possible, But Also Necessary» (2007, Hou Hanru)"
4341,Yushi Uehara,Bienal de Estambul,10,2007,"10ª Bienal de Estambul «Not Only Possible, But Also Necessary» (2007, Hou Hanru)"
4342,Zhou Hao & Ji Jianghong,Bienal de Estambul,10,2007,"10ª Bienal de Estambul «Not Only Possible, But Also Necessary» (2007, Hou Hanru)"
4343,Zhu Jia,Bienal de Estambul,10,2007,"10ª Bienal de Estambul «Not Only Possible, But Also Necessary» (2007, Hou Hanru)"
4343,Zhu Jia,Cities on the Move,,1997,"Cities on the Move, Secession, Viena (1997, Hou Hanru y Hans Ulrich Obrist); itinerancia Burdeos, PS1, Louisiana, Hayward, Kiasma y Bangkok (1997-1999)"
4344,Knut Åsdam,Bienal de Estambul,8,2003,"8ª Bienal de Estambul «Poetic Justice» (2003, Dan Cameron)"
4345,Txomin Badiola,Bienal de Estambul,8,2003,"8ª Bienal de Estambul «Poetic Justice» (2003, Dan Cameron)"
4346,Alberto Casado,Bienal de Estambul,8,2003,"8ª Bienal de Estambul «Poetic Justice» (2003, Dan Cameron)"
4347,Taner Ceylan,Bienal de Estambul,8,2003,"8ª Bienal de Estambul «Poetic Justice» (2003, Dan Cameron)"
4348,Ergin Çavuşoğlu,Bienal de Estambul,8,2003,"8ª Bienal de Estambul «Poetic Justice» (2003, Dan Cameron)"
4349,Cevdet Erek & Emre Erkal,Bienal de Estambul,8,2003,"8ª Bienal de Estambul «Poetic Justice» (2003, Dan Cameron)"
4350,Bruna Esposito,Bienal de Estambul,8,2003,"8ª Bienal de Estambul «Poetic Justice» (2003, Dan Cameron)"
4351,Ann Hamilton,Bienal de Estambul,8,2003,"8ª Bienal de Estambul «Poetic Justice» (2003, Dan Cameron)"
4352,Shahram Karimi,Bienal de Estambul,8,2003,"8ª Bienal de Estambul «Poetic Justice» (2003, Dan Cameron)"
4353,Kim Beom,Bienal de Estambul,8,2003,"8ª Bienal de Estambul «Poetic Justice» (2003, Dan Cameron)"
4354,Annika Larsson,Bienal de Estambul,8,2003,"8ª Bienal de Estambul «Poetic Justice» (2003, Dan Cameron)"
4355,José Legaspi,Bienal de Estambul,8,2003,"8ª Bienal de Estambul «Poetic Justice» (2003, Dan Cameron)"
4356,Rogelio López Cuenca,Bienal de Estambul,8,2003,"8ª Bienal de Estambul «Poetic Justice» (2003, Dan Cameron)"
4356,Rogelio López Cuenca,Cocido y crudo,,1994,"Cocido y crudo, Museo Reina Sofía, Madrid (1994-1995, Dan Cameron)"
4357,Liisa Lounila,Bienal de Estambul,8,2003,"8ª Bienal de Estambul «Poetic Justice» (2003, Dan Cameron)"
4358,DeAnna Maganias,Bienal de Estambul,8,2003,"8ª Bienal de Estambul «Poetic Justice» (2003, Dan Cameron)"
4359,Marlene McCarty,Bienal de Estambul,8,2003,"8ª Bienal de Estambul «Poetic Justice» (2003, Dan Cameron)"
4359,Marlene McCarty,Cocido y crudo,,1994,"Cocido y crudo, Museo Reina Sofía, Madrid (1994-1995, Dan Cameron)"
4360,Bjørn Melhus,Bienal de Estambul,8,2003,"8ª Bienal de Estambul «Poetic Justice» (2003, Dan Cameron)"
4361,Walter Obholzer,Bienal de Estambul,8,2003,"8ª Bienal de Estambul «Poetic Justice» (2003, Dan Cameron)"
4362,Raquel Ormella,Bienal de Estambul,8,2003,"8ª Bienal de Estambul «Poetic Justice» (2003, Dan Cameron)"
4363,Tsuyoshi Ozawa,Bienal de Estambul,8,2003,"8ª Bienal de Estambul «Poetic Justice» (2003, Dan Cameron)"
4364,Michael Riley,Bienal de Estambul,8,2003,"8ª Bienal de Estambul «Poetic Justice» (2003, Dan Cameron)"
4365,Jennifer Steinkamp,Bienal de Estambul,8,2003,"8ª Bienal de Estambul «Poetic Justice» (2003, Dan Cameron)"
4366,Lina Theodorou,Bienal de Estambul,8,2003,"8ª Bienal de Estambul «Poetic Justice» (2003, Dan Cameron)"
4367,Milica Tomić,Bienal de Estambul,8,2003,"8ª Bienal de Estambul «Poetic Justice» (2003, Dan Cameron)"
4368,Uri Tzaig & Avi Shaham,Bienal de Estambul,8,2003,"8ª Bienal de Estambul «Poetic Justice» (2003, Dan Cameron)"
4369,xurban.net,Bienal de Estambul,8,2003,"8ª Bienal de Estambul «Poetic Justice» (2003, Dan Cameron)"
4370,Jasmila Žbanić,Bienal de Estambul,8,2003,"8ª Bienal de Estambul «Poetic Justice» (2003, Dan Cameron)"
4371,Hüseyin Bahri Alptekin,Bienal de Estambul,9,2005,"9ª Bienal de Estambul «İstanbul» (2005, Esche/Kortun)"
4372,Otto Berchem,Bienal de Estambul,9,2005,"9ª Bienal de Estambul «İstanbul» (2005, Esche/Kortun)"
4373,Pavel Büchler,Bienal de Estambul,9,2005,"9ª Bienal de Estambul «İstanbul» (2005, Esche/Kortun)"
4374,Smadar Dreyfus,Bienal de Estambul,9,2005,"9ª Bienal de Estambul «İstanbul» (2005, Esche/Kortun)"
4375,Jon Mikel Euba,Bienal de Estambul,9,2005,"9ª Bienal de Estambul «İstanbul» (2005, Esche/Kortun)"
4376,Jakup Ferri,Bienal de Estambul,9,2005,"9ª Bienal de Estambul «İstanbul» (2005, Esche/Kortun)"
4377,Flying City,Bienal de Estambul,9,2005,"9ª Bienal de Estambul «İstanbul» (2005, Esche/Kortun)"
4378,Erik Göngrich,Bienal de Estambul,9,2005,"9ª Bienal de Estambul «İstanbul» (2005, Esche/Kortun)"
4379,Gruppo A12,Bienal de Estambul,9,2005,"9ª Bienal de Estambul «İstanbul» (2005, Esche/Kortun)"
4380,Hatice Güleryüz,Bienal de Estambul,9,2005,"9ª Bienal de Estambul «İstanbul» (2005, Esche/Kortun)"
4381,IRWIN,Bienal de Estambul,9,2005,"9ª Bienal de Estambul «İstanbul» (2005, Esche/Kortun)"
4382,Karl-Heinz Klopf,Bienal de Estambul,9,2005,"9ª Bienal de Estambul «İstanbul» (2005, Esche/Kortun)"
4383,Yaron Leshem,Bienal de Estambul,9,2005,"9ª Bienal de Estambul «İstanbul» (2005, Esche/Kortun)"
4384,Serkan Özkaya,Bienal de Estambul,9,2005,"9ª Bienal de Estambul «İstanbul» (2005, Esche/Kortun)"
4385,Şener Özmen,Bienal de Estambul,9,2005,"9ª Bienal de Estambul «İstanbul» (2005, Esche/Kortun)"
4386,Khalil Rabah,Bienal de Estambul,9,2005,"9ª Bienal de Estambul «İstanbul» (2005, Esche/Kortun)"
4387,Mario Rizzi,Bienal de Estambul,9,2005,"9ª Bienal de Estambul «İstanbul» (2005, Esche/Kortun)"
4388,Solmaz Shahbazi,Bienal de Estambul,9,2005,"9ª Bienal de Estambul «İstanbul» (2005, Esche/Kortun)"
4389,Tintin Wulia,Bienal de Estambul,9,2005,"9ª Bienal de Estambul «İstanbul» (2005, Esche/Kortun)"
4390,Alexander Ugay & Roman Maskalev,Bienal de Estambul,9,2005,"9ª Bienal de Estambul «İstanbul» (2005, Esche/Kortun)"
4391,Axel John Wieder & Jesko Fezer,Bienal de Estambul,9,2005,"9ª Bienal de Estambul «İstanbul» (2005, Esche/Kortun)"
4397,Dossou Amidou,Magiciens de la Terre,,1989,"Magiciens de la Terre, Centre Pompidou / Grande Halle de la Villette, París (1989, Jean-Hubert Martin)"
4398,Nuche Kaji Bajracharya,Magiciens de la Terre,,1989,"Magiciens de la Terre, Centre Pompidou / Grande Halle de la Villette, París (1989, Jean-Hubert Martin)"
4399,Alighiero e Boetti,Global Conceptualism,,1999,"Global Conceptualism: Points of Origin 1950s-1980s, Queens Museum, Nueva York (1999, Farver/Camnitzer/Weiss y equipo de once curadores); itinerancia Walker/Miami/MIT List"
4399,Alighiero e Boetti,Magiciens de la Terre,,1989,"Magiciens de la Terre, Centre Pompidou / Grande Halle de la Villette, París (1989, Jean-Hubert Martin)"
4399,Alighiero e Boetti,When Attitudes Become Form,,1969,"When Attitudes Become Form «Live in Your Head», Kunsthalle Bern (1969, Harald Szeemann)"
4400,James Lee Byars,Information (MoMA 1970),,1970,"Information, The Museum of Modern Art, Nueva York (1970, Kynaston McShine)"
4400,James Lee Byars,Magiciens de la Terre,,1989,"Magiciens de la Terre, Centre Pompidou / Grande Halle de la Villette, París (1989, Jean-Hubert Martin)"
4401,Mike Chukwukelu,Magiciens de la Terre,,1989,"Magiciens de la Terre, Centre Pompidou / Grande Halle de la Villette, París (1989, Jean-Hubert Martin)"
4402,Francesco Clemente,Magiciens de la Terre,,1989,"Magiciens de la Terre, Centre Pompidou / Grande Halle de la Villette, París (1989, Jean-Hubert Martin)"
4403,Enzo Cucchi,Magiciens de la Terre,,1989,"Magiciens de la Terre, Centre Pompidou / Grande Halle de la Villette, París (1989, Jean-Hubert Martin)"
4404,"Cleitus Dambi, Nick Dumbrang & Ruedi Wem",Magiciens de la Terre,,1989,"Magiciens de la Terre, Centre Pompidou / Grande Halle de la Villette, París (1989, Jean-Hubert Martin)"
4405,Neil Dawson,Magiciens de la Terre,,1989,"Magiciens de la Terre, Centre Pompidou / Grande Halle de la Villette, París (1989, Jean-Hubert Martin)"
4406,Maestre Didi,Magiciens de la Terre,,1989,"Magiciens de la Terre, Centre Pompidou / Grande Halle de la Villette, París (1989, Jean-Hubert Martin)"
4407,Julio Galán,Magiciens de la Terre,,1989,"Magiciens de la Terre, Centre Pompidou / Grande Halle de la Villette, París (1989, Jean-Hubert Martin)"
4408,Ilya Kabakov,Magiciens de la Terre,,1989,"Magiciens de la Terre, Centre Pompidou / Grande Halle de la Villette, París (1989, Jean-Hubert Martin)"
4409,Anselm Kiefer,Magiciens de la Terre,,1989,"Magiciens de la Terre, Centre Pompidou / Grande Halle de la Villette, París (1989, Jean-Hubert Martin)"
4409,Anselm Kiefer,Praemium Imperiale,,1999,"Praemium Imperiale, pintura (1999)"
4410,Paulosee Kuniluisee,Magiciens de la Terre,,1989,"Magiciens de la Terre, Centre Pompidou / Grande Halle de la Villette, París (1989, Jean-Hubert Martin)"
4411,Georges Liautaud,Magiciens de la Terre,,1989,"Magiciens de la Terre, Centre Pompidou / Grande Halle de la Villette, París (1989, Jean-Hubert Martin)"
4412,"Felipe Linares, Leonardo Linares-Vargas & David Linares-Vargas",Magiciens de la Terre,,1989,"Magiciens de la Terre, Centre Pompidou / Grande Halle de la Villette, París (1989, Jean-Hubert Martin)"
4413,Tatsuo Miyajima,Cocido y crudo,,1994,"Cocido y crudo, Museo Reina Sofía, Madrid (1994-1995, Dan Cameron)"
4413,Tatsuo Miyajima,Magiciens de la Terre,,1989,"Magiciens de la Terre, Centre Pompidou / Grande Halle de la Villette, París (1989, Jean-Hubert Martin)"
4414,Wesner Philidor,Magiciens de la Terre,,1989,"Magiciens de la Terre, Centre Pompidou / Grande Halle de la Villette, París (1989, Jean-Hubert Martin)"
4415,Sarkis,Global Conceptualism,,1999,"Global Conceptualism: Points of Origin 1950s-1980s, Queens Museum, Nueva York (1999, Farver/Camnitzer/Weiss y equipo de once curadores); itinerancia Walker/Miami/MIT List"
4415,Sarkis,Magiciens de la Terre,,1989,"Magiciens de la Terre, Centre Pompidou / Grande Halle de la Villette, París (1989, Jean-Hubert Martin)"
4415,Sarkis,When Attitudes Become Form,,1969,"When Attitudes Become Form «Live in Your Head», Kunsthalle Bern (1969, Harald Szeemann)"
4416,Raja Babu Sharma,Magiciens de la Terre,,1989,"Magiciens de la Terre, Centre Pompidou / Grande Halle de la Villette, París (1989, Jean-Hubert Martin)"
4417,Hiroshi Teshigahara,Magiciens de la Terre,,1989,"Magiciens de la Terre, Centre Pompidou / Grande Halle de la Villette, París (1989, Jean-Hubert Martin)"
4418,Chief Mark Unya & Nanthan Emedem,Magiciens de la Terre,,1989,"Magiciens de la Terre, Centre Pompidou / Grande Halle de la Villette, París (1989, Jean-Hubert Martin)"
4419,Patrick Vilaire,Magiciens de la Terre,,1989,"Magiciens de la Terre, Centre Pompidou / Grande Halle de la Villette, París (1989, Jean-Hubert Martin)"
4420,Acharya Vyakul,Magiciens de la Terre,,1989,"Magiciens de la Terre, Centre Pompidou / Grande Halle de la Villette, París (1989, Jean-Hubert Martin)"
4421,Jack Wunuwun,Magiciens de la Terre,,1989,"Magiciens de la Terre, Centre Pompidou / Grande Halle de la Villette, París (1989, Jean-Hubert Martin)"
4422,Sunday Jack Akpan,Magiciens de la Terre,,1989,"Magiciens de la Terre, Centre Pompidou / Grande Halle de la Villette, París (1989, Jean-Hubert Martin)"
4423,Jean-Michel Alberola,Magiciens de la Terre,,1989,"Magiciens de la Terre, Centre Pompidou / Grande Halle de la Villette, París (1989, Jean-Hubert Martin)"
4424,Joe Ben Jr,Magiciens de la Terre,,1989,"Magiciens de la Terre, Centre Pompidou / Grande Halle de la Villette, París (1989, Jean-Hubert Martin)"
4425,Jean-Pierre Bertrand,Magiciens de la Terre,,1989,"Magiciens de la Terre, Centre Pompidou / Grande Halle de la Villette, París (1989, Jean-Hubert Martin)"
4426,Gabriel Bien-Aimé,Magiciens de la Terre,,1989,"Magiciens de la Terre, Centre Pompidou / Grande Halle de la Villette, París (1989, Jean-Hubert Martin)"
4427,Erik Boulatov,Magiciens de la Terre,,1989,"Magiciens de la Terre, Centre Pompidou / Grande Halle de la Villette, París (1989, Jean-Hubert Martin)"
4428,Seni Camara,Magiciens de la Terre,,1989,"Magiciens de la Terre, Centre Pompidou / Grande Halle de la Villette, París (1989, Jean-Hubert Martin)"
4429,Marc Couturier,Magiciens de la Terre,,1989,"Magiciens de la Terre, Centre Pompidou / Grande Halle de la Villette, París (1989, Jean-Hubert Martin)"
4430,Tony Cragg,Magiciens de la Terre,,1989,"Magiciens de la Terre, Centre Pompidou / Grande Halle de la Villette, París (1989, Jean-Hubert Martin)"
4430,Tony Cragg,Praemium Imperiale,,2007,"Praemium Imperiale, escultura (2007)"
4430,Tony Cragg,Turner Prize,,1985,Turner Prize (nominación 1985)
4430,Tony Cragg,Turner Prize,,1988,Turner Prize (premio 1988)
4431,Bowa Devi,Magiciens de la Terre,,1989,"Magiciens de la Terre, Centre Pompidou / Grande Halle de la Villette, París (1989, Jean-Hubert Martin)"
4432,Efiaimbelo,Magiciens de la Terre,,1989,"Magiciens de la Terre, Centre Pompidou / Grande Halle de la Villette, París (1989, Jean-Hubert Martin)"
4433,Zush (Evru),Magiciens de la Terre,,1989,"Magiciens de la Terre, Centre Pompidou / Grande Halle de la Villette, París (1989, Jean-Hubert Martin)"
4434,John Fundi,Magiciens de la Terre,,1989,"Magiciens de la Terre, Centre Pompidou / Grande Halle de la Villette, París (1989, Jean-Hubert Martin)"
4435,Moshe Gershuni,Magiciens de la Terre,,1989,"Magiciens de la Terre, Centre Pompidou / Grande Halle de la Villette, París (1989, Jean-Hubert Martin)"
4436,Enrique Gómez,Magiciens de la Terre,,1989,"Magiciens de la Terre, Centre Pompidou / Grande Halle de la Villette, París (1989, Jean-Hubert Martin)"
4437,Gu Dexing,Magiciens de la Terre,,1989,"Magiciens de la Terre, Centre Pompidou / Grande Halle de la Villette, París (1989, Jean-Hubert Martin)"
4438,Shirazeh Houshiary,Magiciens de la Terre,,1989,"Magiciens de la Terre, Centre Pompidou / Grande Halle de la Villette, París (1989, Jean-Hubert Martin)"
4438,Shirazeh Houshiary,Turner Prize,,1994,Turner Prize (nominación 1994)
4439,Nera Jambruk,Magiciens de la Terre,,1989,"Magiciens de la Terre, Centre Pompidou / Grande Halle de la Villette, París (1989, Jean-Hubert Martin)"
4440,Kane Kwei & Paa Joe,Magiciens de la Terre,,1989,"Magiciens de la Terre, Centre Pompidou / Grande Halle de la Villette, París (1989, Jean-Hubert Martin)"
4441,Tatsuo Kawaguchi,Magiciens de la Terre,,1989,"Magiciens de la Terre, Centre Pompidou / Grande Halle de la Villette, París (1989, Jean-Hubert Martin)"
4442,Per Kirkeby,Magiciens de la Terre,,1989,"Magiciens de la Terre, Centre Pompidou / Grande Halle de la Villette, París (1989, Jean-Hubert Martin)"
4443,Agbagli Kossi,Magiciens de la Terre,,1989,"Magiciens de la Terre, Centre Pompidou / Grande Halle de la Villette, París (1989, Jean-Hubert Martin)"
4444,Boujemaâ Lakhdar,Magiciens de la Terre,,1989,"Magiciens de la Terre, Centre Pompidou / Grande Halle de la Villette, París (1989, Jean-Hubert Martin)"
4445,Richard Long,Information (MoMA 1970),,1970,"Information, The Museum of Modern Art, Nueva York (1970, Kynaston McShine)"
4445,Richard Long,Magiciens de la Terre,,1989,"Magiciens de la Terre, Centre Pompidou / Grande Halle de la Villette, París (1989, Jean-Hubert Martin)"
4445,Richard Long,Praemium Imperiale,,2009,"Praemium Imperiale, escultura (2009)"
4445,Richard Long,Turner Prize,,1984,Turner Prize (nominación 1984)
4445,Richard Long,Turner Prize,,1987,Turner Prize (nominación 1987)
4445,Richard Long,Turner Prize,,1988,Turner Prize (mención 1988)
4445,Richard Long,Turner Prize,,1989,Turner Prize (premio 1989)
4445,Richard Long,When Attitudes Become Form,,1969,"When Attitudes Become Form «Live in Your Head», Kunsthalle Bern (1969, Harald Szeemann)"
4446,Karel Malich,Magiciens de la Terre,,1989,"Magiciens de la Terre, Centre Pompidou / Grande Halle de la Villette, París (1989, Jean-Hubert Martin)"
4447,John Mawandjul,Magiciens de la Terre,,1989,"Magiciens de la Terre, Centre Pompidou / Grande Halle de la Villette, París (1989, Jean-Hubert Martin)"
4448,Mario Merz,Global Conceptualism,,1999,"Global Conceptualism: Points of Origin 1950s-1980s, Queens Museum, Nueva York (1999, Farver/Camnitzer/Weiss y equipo de once curadores); itinerancia Walker/Miami/MIT List"
4448,Mario Merz,Magiciens de la Terre,,1989,"Magiciens de la Terre, Centre Pompidou / Grande Halle de la Villette, París (1989, Jean-Hubert Martin)"
4448,Mario Merz,Praemium Imperiale,,2003,"Praemium Imperiale, escultura (2003)"
4448,Mario Merz,When Attitudes Become Form,,1969,"When Attitudes Become Form «Live in Your Head», Kunsthalle Bern (1969, Harald Szeemann)"
4449,Miralda,Magiciens de la Terre,,1989,"Magiciens de la Terre, Centre Pompidou / Grande Halle de la Villette, París (1989, Jean-Hubert Martin)"
4450,Norval Morrisseau,Magiciens de la Terre,,1989,"Magiciens de la Terre, Centre Pompidou / Grande Halle de la Villette, París (1989, Jean-Hubert Martin)"
4451,Juan Muñoz,Magiciens de la Terre,,1989,"Magiciens de la Terre, Centre Pompidou / Grande Halle de la Villette, París (1989, Jean-Hubert Martin)"
4452,Henry Munyaradzi,Magiciens de la Terre,,1989,"Magiciens de la Terre, Centre Pompidou / Grande Halle de la Villette, París (1989, Jean-Hubert Martin)"
4453,Claes Oldenburg & Coosje van Bruggen,Magiciens de la Terre,,1989,"Magiciens de la Terre, Centre Pompidou / Grande Halle de la Villette, París (1989, Jean-Hubert Martin)"
4454,Ronaldo Pereira Rego,Magiciens de la Terre,,1989,"Magiciens de la Terre, Centre Pompidou / Grande Halle de la Villette, París (1989, Jean-Hubert Martin)"
4455,Twins Seven-Seven,Magiciens de la Terre,,1989,"Magiciens de la Terre, Centre Pompidou / Grande Halle de la Villette, París (1989, Jean-Hubert Martin)"
4455,Twins Seven-Seven,The Short Century,,2001,"The Short Century: Independence and Liberation Movements in Africa 1945-1994, Villa Stuck, Múnich (2001, Okwui Enwezor); itinerancia Berlín/Chicago/PS1-MoMA (2001-2002)"
4456,Jangarh Singh Shyam,Magiciens de la Terre,,1989,"Magiciens de la Terre, Centre Pompidou / Grande Halle de la Villette, París (1989, Jean-Hubert Martin)"
4457,Daniel Spoerri,Magiciens de la Terre,,1989,"Magiciens de la Terre, Centre Pompidou / Grande Halle de la Villette, París (1989, Jean-Hubert Martin)"
4458,Yousuf Thannoon,Magiciens de la Terre,,1989,"Magiciens de la Terre, Centre Pompidou / Grande Halle de la Villette, París (1989, Jean-Hubert Martin)"
4459,"Lobsang Thinle, Lobsang Palden & Bhorda Sherpa",Magiciens de la Terre,,1989,"Magiciens de la Terre, Centre Pompidou / Grande Halle de la Villette, París (1989, Jean-Hubert Martin)"
4460,Cyprien Tokoudagba,Magiciens de la Terre,,1989,"Magiciens de la Terre, Centre Pompidou / Grande Halle de la Villette, París (1989, Jean-Hubert Martin)"
4461,Ulay,Magiciens de la Terre,,1989,"Magiciens de la Terre, Centre Pompidou / Grande Halle de la Villette, París (1989, Jean-Hubert Martin)"
4462,Ken Unsworth,Magiciens de la Terre,,1989,"Magiciens de la Terre, Centre Pompidou / Grande Halle de la Villette, París (1989, Jean-Hubert Martin)"
4463,Jimmy Wululu,Magiciens de la Terre,,1989,"Magiciens de la Terre, Centre Pompidou / Grande Halle de la Villette, París (1989, Jean-Hubert Martin)"
4464,Comunidad Yuendumu,Magiciens de la Terre,,1989,"Magiciens de la Terre, Centre Pompidou / Grande Halle de la Villette, París (1989, Jean-Hubert Martin)"
4465,Richard Artschwager,Information (MoMA 1970),,1970,"Information, The Museum of Modern Art, Nueva York (1970, Kynaston McShine)"
4465,Richard Artschwager,When Attitudes Become Form,,1969,"When Attitudes Become Form «Live in Your Head», Kunsthalle Bern (1969, Harald Szeemann)"
4466,Thomas Bang,When Attitudes Become Form,,1969,"When Attitudes Become Form «Live in Your Head», Kunsthalle Bern (1969, Harald Szeemann)"
4467,Jared Bark,When Attitudes Become Form,,1969,"When Attitudes Become Form «Live in Your Head», Kunsthalle Bern (1969, Harald Szeemann)"
4468,Robert Barry,Information (MoMA 1970),,1970,"Information, The Museum of Modern Art, Nueva York (1970, Kynaston McShine)"
4468,Robert Barry,When Attitudes Become Form,,1969,"When Attitudes Become Form «Live in Your Head», Kunsthalle Bern (1969, Harald Szeemann)"
4469,Joseph Beuys,When Attitudes Become Form,,1969,"When Attitudes Become Form «Live in Your Head», Kunsthalle Bern (1969, Harald Szeemann)"
4470,Marinus Boezem,When Attitudes Become Form,,1969,"When Attitudes Become Form «Live in Your Head», Kunsthalle Bern (1969, Harald Szeemann)"
4471,Bill Bollinger,When Attitudes Become Form,,1969,"When Attitudes Become Form «Live in Your Head», Kunsthalle Bern (1969, Harald Szeemann)"
4472,Michael Buthe,When Attitudes Become Form,,1969,"When Attitudes Become Form «Live in Your Head», Kunsthalle Bern (1969, Harald Szeemann)"
4473,Pier Paolo Calzolari,When Attitudes Become Form,,1969,"When Attitudes Become Form «Live in Your Head», Kunsthalle Bern (1969, Harald Szeemann)"
4474,Paul Cotton,When Attitudes Become Form,,1969,"When Attitudes Become Form «Live in Your Head», Kunsthalle Bern (1969, Harald Szeemann)"
4475,Jan Dibbets,Global Conceptualism,,1999,"Global Conceptualism: Points of Origin 1950s-1980s, Queens Museum, Nueva York (1999, Farver/Camnitzer/Weiss y equipo de once curadores); itinerancia Walker/Miami/MIT List"
4475,Jan Dibbets,Information (MoMA 1970),,1970,"Information, The Museum of Modern Art, Nueva York (1970, Kynaston McShine)"
4475,Jan Dibbets,When Attitudes Become Form,,1969,"When Attitudes Become Form «Live in Your Head», Kunsthalle Bern (1969, Harald Szeemann)"
4476,Ger van Elk,When Attitudes Become Form,,1969,"When Attitudes Become Form «Live in Your Head», Kunsthalle Bern (1969, Harald Szeemann)"
4477,Rafael Ferrer,Information (MoMA 1970),,1970,"Information, The Museum of Modern Art, Nueva York (1970, Kynaston McShine)"
4477,Rafael Ferrer,Under the Same Sun,,2014,"Under the Same Sun: Art from Latin America Today, Guggenheim, Nueva York (2014, Pablo León de la Barra)"
4477,Rafael Ferrer,When Attitudes Become Form,,1969,"When Attitudes Become Form «Live in Your Head», Kunsthalle Bern (1969, Harald Szeemann)"
4478,Barry Flanagan,When Attitudes Become Form,,1969,"When Attitudes Become Form «Live in Your Head», Kunsthalle Bern (1969, Harald Szeemann)"
4479,Ted Glass,When Attitudes Become Form,,1969,"When Attitudes Become Form «Live in Your Head», Kunsthalle Bern (1969, Harald Szeemann)"
4480,Eva Hesse,When Attitudes Become Form,,1969,"When Attitudes Become Form «Live in Your Head», Kunsthalle Bern (1969, Harald Szeemann)"
4481,Douglas Huebler,Global Conceptualism,,1999,"Global Conceptualism: Points of Origin 1950s-1980s, Queens Museum, Nueva York (1999, Farver/Camnitzer/Weiss y equipo de once curadores); itinerancia Walker/Miami/MIT List"
4481,Douglas Huebler,Information (MoMA 1970),,1970,"Information, The Museum of Modern Art, Nueva York (1970, Kynaston McShine)"
4481,Douglas Huebler,When Attitudes Become Form,,1969,"When Attitudes Become Form «Live in Your Head», Kunsthalle Bern (1969, Harald Szeemann)"
4482,Paolo Icaro,When Attitudes Become Form,,1969,"When Attitudes Become Form «Live in Your Head», Kunsthalle Bern (1969, Harald Szeemann)"
4483,Alain Jacquet,When Attitudes Become Form,,1969,"When Attitudes Become Form «Live in Your Head», Kunsthalle Bern (1969, Harald Szeemann)"
4484,Neil Jenney,When Attitudes Become Form,,1969,"When Attitudes Become Form «Live in Your Head», Kunsthalle Bern (1969, Harald Szeemann)"
4485,Stephen Kaltenbach,Information (MoMA 1970),,1970,"Information, The Museum of Modern Art, Nueva York (1970, Kynaston McShine)"
4485,Stephen Kaltenbach,When Attitudes Become Form,,1969,"When Attitudes Become Form «Live in Your Head», Kunsthalle Bern (1969, Harald Szeemann)"
4486,Jo Ann Kaplan,When Attitudes Become Form,,1969,"When Attitudes Become Form «Live in Your Head», Kunsthalle Bern (1969, Harald Szeemann)"
4487,Edward Kienholz,When Attitudes Become Form,,1969,"When Attitudes Become Form «Live in Your Head», Kunsthalle Bern (1969, Harald Szeemann)"
4488,Yves Klein,Global Conceptualism,,1999,"Global Conceptualism: Points of Origin 1950s-1980s, Queens Museum, Nueva York (1999, Farver/Camnitzer/Weiss y equipo de once curadores); itinerancia Walker/Miami/MIT List"
4488,Yves Klein,When Attitudes Become Form,,1969,"When Attitudes Become Form «Live in Your Head», Kunsthalle Bern (1969, Harald Szeemann)"
4489,Jannis Kounellis,When Attitudes Become Form,,1969,"When Attitudes Become Form «Live in Your Head», Kunsthalle Bern (1969, Harald Szeemann)"
4490,Gary B. Kuehn,When Attitudes Become Form,,1969,"When Attitudes Become Form «Live in Your Head», Kunsthalle Bern (1969, Harald Szeemann)"
4491,Bernd Lohaus,When Attitudes Become Form,,1969,"When Attitudes Become Form «Live in Your Head», Kunsthalle Bern (1969, Harald Szeemann)"
4492,Roelof Louw,When Attitudes Become Form,,1969,"When Attitudes Become Form «Live in Your Head», Kunsthalle Bern (1969, Harald Szeemann)"
4493,Bruce McLean,When Attitudes Become Form,,1969,"When Attitudes Become Form «Live in Your Head», Kunsthalle Bern (1969, Harald Szeemann)"
4494,Robert Morris,Information (MoMA 1970),,1970,"Information, The Museum of Modern Art, Nueva York (1970, Kynaston McShine)"
4494,Robert Morris,When Attitudes Become Form,,1969,"When Attitudes Become Form «Live in Your Head», Kunsthalle Bern (1969, Harald Szeemann)"
4495,Claes Oldenburg,When Attitudes Become Form,,1969,"When Attitudes Become Form «Live in Your Head», Kunsthalle Bern (1969, Harald Szeemann)"
4496,Dennis Oppenheim,Information (MoMA 1970),,1970,"Information, The Museum of Modern Art, Nueva York (1970, Kynaston McShine)"
4496,Dennis Oppenheim,When Attitudes Become Form,,1969,"When Attitudes Become Form «Live in Your Head», Kunsthalle Bern (1969, Harald Szeemann)"
4497,Panamarenko,Information (MoMA 1970),,1970,"Information, The Museum of Modern Art, Nueva York (1970, Kynaston McShine)"
4497,Panamarenko,When Attitudes Become Form,,1969,"When Attitudes Become Form «Live in Your Head», Kunsthalle Bern (1969, Harald Szeemann)"
4498,Pino Pascali,When Attitudes Become Form,,1969,"When Attitudes Become Form «Live in Your Head», Kunsthalle Bern (1969, Harald Szeemann)"
4499,Paul Pechter,Information (MoMA 1970),,1970,"Information, The Museum of Modern Art, Nueva York (1970, Kynaston McShine)"
4499,Paul Pechter,When Attitudes Become Form,,1969,"When Attitudes Become Form «Live in Your Head», Kunsthalle Bern (1969, Harald Szeemann)"
4500,Emilio Prini,When Attitudes Become Form,,1969,"When Attitudes Become Form «Live in Your Head», Kunsthalle Bern (1969, Harald Szeemann)"
4501,Markus Raetz,When Attitudes Become Form,,1969,"When Attitudes Become Form «Live in Your Head», Kunsthalle Bern (1969, Harald Szeemann)"
4502,Allen Ruppersberg,Cocido y crudo,,1994,"Cocido y crudo, Museo Reina Sofía, Madrid (1994-1995, Dan Cameron)"
4502,Allen Ruppersberg,When Attitudes Become Form,,1969,"When Attitudes Become Form «Live in Your Head», Kunsthalle Bern (1969, Harald Szeemann)"
4503,Reiner Ruthenbeck,When Attitudes Become Form,,1969,"When Attitudes Become Form «Live in Your Head», Kunsthalle Bern (1969, Harald Szeemann)"
4504,Fred Sandback,When Attitudes Become Form,,1969,"When Attitudes Become Form «Live in Your Head», Kunsthalle Bern (1969, Harald Szeemann)"
4505,Alan Saret,When Attitudes Become Form,,1969,"When Attitudes Become Form «Live in Your Head», Kunsthalle Bern (1969, Harald Szeemann)"
4506,Robert Smithson,When Attitudes Become Form,,1969,"When Attitudes Become Form «Live in Your Head», Kunsthalle Bern (1969, Harald Szeemann)"
4507,Keith Sonnier,When Attitudes Become Form,,1969,"When Attitudes Become Form «Live in Your Head», Kunsthalle Bern (1969, Harald Szeemann)"
4508,Frank Lincoln Viner,When Attitudes Become Form,,1969,"When Attitudes Become Form «Live in Your Head», Kunsthalle Bern (1969, Harald Szeemann)"
4509,Aldo Walker,When Attitudes Become Form,,1969,"When Attitudes Become Form «Live in Your Head», Kunsthalle Bern (1969, Harald Szeemann)"
4510,William Wegman,When Attitudes Become Form,,1969,"When Attitudes Become Form «Live in Your Head», Kunsthalle Bern (1969, Harald Szeemann)"
4511,William T. Wiley,When Attitudes Become Form,,1969,"When Attitudes Become Form «Live in Your Head», Kunsthalle Bern (1969, Harald Szeemann)"
4512,Gilberto Zorio,When Attitudes Become Form,,1969,"When Attitudes Become Form «Live in Your Head», Kunsthalle Bern (1969, Harald Szeemann)"
4513,Everald Brown,Ante América,,1992,"Ante América, Biblioteca Luis Ángel Arango, Bogotá (1992, Mosquera/Ponce de León/Weiss)"
4514,Carlos Capelán,Ante América,,1992,"Ante América, Biblioteca Luis Ángel Arango, Bogotá (1992, Mosquera/Ponce de León/Weiss)"
4515,María Fernanda Cardoso,Ante América,,1992,"Ante América, Biblioteca Luis Ángel Arango, Bogotá (1992, Mosquera/Ponce de León/Weiss)"
4515,María Fernanda Cardoso,Colección Daros Latinamerica,,,"Colección Daros Latinamerica, Zúrich"
4516,Antonio Caro,Ante América,,1992,"Ante América, Biblioteca Luis Ángel Arango, Bogotá (1992, Mosquera/Ponce de León/Weiss)"
4516,Antonio Caro,CIFO Grants & Commissions,,2013,"CIFO Grants & Commissions, premiado/a (2013)"
4516,Antonio Caro,Colección Daros Latinamerica,,,"Colección Daros Latinamerica, Zúrich"
4516,Antonio Caro,Global Conceptualism,,1999,"Global Conceptualism: Points of Origin 1950s-1980s, Queens Museum, Nueva York (1999, Farver/Camnitzer/Weiss y equipo de once curadores); itinerancia Walker/Miami/MIT List"
4517,Enrique Chagoya,Ante América,,1992,"Ante América, Biblioteca Luis Ángel Arango, Bogotá (1992, Mosquera/Ponce de León/Weiss)"
4518,Luis Cruz Azaceta,Ante América,,1992,"Ante América, Biblioteca Luis Ángel Arango, Bogotá (1992, Mosquera/Ponce de León/Weiss)"
4519,Juan Francisco Elso,Ante América,,1992,"Ante América, Biblioteca Luis Ángel Arango, Bogotá (1992, Mosquera/Ponce de León/Weiss)"
4520,Milton George,Ante América,,1992,"Ante América, Biblioteca Luis Ángel Arango, Bogotá (1992, Mosquera/Ponce de León/Weiss)"
4521,Guillermo Gómez-Peña,Ante América,,1992,"Ante América, Biblioteca Luis Ángel Arango, Bogotá (1992, Mosquera/Ponce de León/Weiss)"
4521,Guillermo Gómez-Peña,Colección Daros Latinamerica,,,"Colección Daros Latinamerica, Zúrich"
4522,Marina Gutiérrez,Ante América,,1992,"Ante América, Biblioteca Luis Ángel Arango, Bogotá (1992, Mosquera/Ponce de León/Weiss)"
4523,Amalia Mesa-Bains,Ante América,,1992,"Ante América, Biblioteca Luis Ángel Arango, Bogotá (1992, Mosquera/Ponce de León/Weiss)"
4524,André Pierre,Ante América,,1992,"Ante América, Biblioteca Luis Ángel Arango, Bogotá (1992, Mosquera/Ponce de León/Weiss)"
4525,Carlos Rodríguez Cárdenas,Ante América,,1992,"Ante América, Biblioteca Luis Ángel Arango, Bogotá (1992, Mosquera/Ponce de León/Weiss)"
4526,José Antonio Suárez,Ante América,,1992,"Ante América, Biblioteca Luis Ángel Arango, Bogotá (1992, Mosquera/Ponce de León/Weiss)"
4527,Francisco Toledo,Ante América,,1992,"Ante América, Biblioteca Luis Ángel Arango, Bogotá (1992, Mosquera/Ponce de León/Weiss)"
4528,Pedro Cabrita Reis,Cocido y crudo,,1994,"Cocido y crudo, Museo Reina Sofía, Madrid (1994-1995, Dan Cameron)"
4529,Victoria Civera,Cocido y crudo,,1994,"Cocido y crudo, Museo Reina Sofía, Madrid (1994-1995, Dan Cameron)"
4530,Martin Kippenberger,Cocido y crudo,,1994,"Cocido y crudo, Museo Reina Sofía, Madrid (1994-1995, Dan Cameron)"
4531,Juan Luis Moraza,Cocido y crudo,,1994,"Cocido y crudo, Museo Reina Sofía, Madrid (1994-1995, Dan Cameron)"
4532,Stefano Arienti,Cocido y crudo,,1994,"Cocido y crudo, Museo Reina Sofía, Madrid (1994-1995, Dan Cameron)"
4533,Gary Hill,Cocido y crudo,,1994,"Cocido y crudo, Museo Reina Sofía, Madrid (1994-1995, Dan Cameron)"
4534,Sue Williams,Cocido y crudo,,1994,"Cocido y crudo, Museo Reina Sofía, Madrid (1994-1995, Dan Cameron)"
4535,Fred Wilson,Cocido y crudo,,1994,"Cocido y crudo, Museo Reina Sofía, Madrid (1994-1995, Dan Cameron)"
4536,Geneviève Cadieux,Cocido y crudo,,1994,"Cocido y crudo, Museo Reina Sofía, Madrid (1994-1995, Dan Cameron)"
4537,Narelle Jubelin,Cocido y crudo,,1994,"Cocido y crudo, Museo Reina Sofía, Madrid (1994-1995, Dan Cameron)"
4538,Pedro Mora,Cocido y crudo,,1994,"Cocido y crudo, Museo Reina Sofía, Madrid (1994-1995, Dan Cameron)"
4539,Yasumasa Morimura,Cocido y crudo,,1994,"Cocido y crudo, Museo Reina Sofía, Madrid (1994-1995, Dan Cameron)"
4539,Yasumasa Morimura,Hugo Boss Prize,,1996,"Hugo Boss Prize, finalista (1996)"
4540,Julia Scher,Cocido y crudo,,1994,"Cocido y crudo, Museo Reina Sofía, Madrid (1994-1995, Dan Cameron)"
4541,Pierre et Gilles,Cocido y crudo,,1994,"Cocido y crudo, Museo Reina Sofía, Madrid (1994-1995, Dan Cameron)"
4542,Vong Phaophanit,Cocido y crudo,,1994,"Cocido y crudo, Museo Reina Sofía, Madrid (1994-1995, Dan Cameron)"
4542,Vong Phaophanit,Turner Prize,,1993,Turner Prize (nominación 1993)
4543,Petr Lysáček,Cocido y crudo,,1994,"Cocido y crudo, Museo Reina Sofía, Madrid (1994-1995, Dan Cameron)"
4544,Mariusz Kruk,Cocido y crudo,,1994,"Cocido y crudo, Museo Reina Sofía, Madrid (1994-1995, Dan Cameron)"
4545,Áfrika (Sergei Bugaev),Cocido y crudo,,1994,"Cocido y crudo, Museo Reina Sofía, Madrid (1994-1995, Dan Cameron)"
4546,SKETCH,Cocido y crudo,,1994,"Cocido y crudo, Museo Reina Sofía, Madrid (1994-1995, Dan Cameron)"
4547,Eva Löfdahl,Cocido y crudo,,1994,"Cocido y crudo, Museo Reina Sofía, Madrid (1994-1995, Dan Cameron)"
4548,David Horan,Cocido y crudo,,1994,"Cocido y crudo, Museo Reina Sofía, Madrid (1994-1995, Dan Cameron)"
4549,Jean Baptiste Ngnetchopa,Cocido y crudo,,1994,"Cocido y crudo, Museo Reina Sofía, Madrid (1994-1995, Dan Cameron)"
4550,Keith Piper,Cocido y crudo,,1994,"Cocido y crudo, Museo Reina Sofía, Madrid (1994-1995, Dan Cameron)"
4551,Carmelo Arden Quin,Colección Daros Latinamerica,,,"Colección Daros Latinamerica, Zúrich"
4552,Fernando Arias,Colección Daros Latinamerica,,,"Colección Daros Latinamerica, Zúrich"
4553,Alexandre Arrechea,Colección Daros Latinamerica,,,"Colección Daros Latinamerica, Zúrich"
4554,Belkis Ayón,Colección Daros Latinamerica,,,"Colección Daros Latinamerica, Zúrich"
4555,Álvaro Barrios,Colección Daros Latinamerica,,,"Colección Daros Latinamerica, Zúrich"
4556,Luis Fernando Benedit,Colección Daros Latinamerica,,,"Colección Daros Latinamerica, Zúrich"
4557,Milena Bonilla,CIFO Grants & Commissions,,2013,"CIFO Grants & Commissions, premiado/a (2013)"
4557,Milena Bonilla,Colección Daros Latinamerica,,,"Colección Daros Latinamerica, Zúrich"
4558,Alejandro Campins,Colección Daros Latinamerica,,,"Colección Daros Latinamerica, Zúrich"
4559,Lygia Clark,Bienal de Gwangju,16,2026,"16ª Bienal de Gwangju «You Must Change Your Life» (2026, Ho Tzu Nyen)"
4559,Lygia Clark,Colección Cisneros (CPPC),,2016,"Donación CPPC al MoMA, Modern Gift (2016)"
4559,Lygia Clark,Colección Daros Latinamerica,,,"Colección Daros Latinamerica, Zúrich"
4559,Lygia Clark,Global Conceptualism,,1999,"Global Conceptualism: Points of Origin 1950s-1980s, Queens Museum, Nueva York (1999, Farver/Camnitzer/Weiss y equipo de once curadores); itinerancia Walker/Miami/MIT List"
4559,Lygia Clark,Radical Women,,2017,"Radical Women: Latin American Art 1960-1985, Hammer Museum (2017, Fajardo-Hill/Giunta); itinerancia Brooklyn Museum y Pinacoteca de São Paulo (2018)"
4560,Donna Conlon,CIFO Grants & Commissions,,2007,"CIFO Grants & Commissions, premiado/a (2007)"
4560,Donna Conlon,Colección Daros Latinamerica,,,"Colección Daros Latinamerica, Zúrich"
4560,Donna Conlon,Under the Same Sun,,2014,"Under the Same Sun: Art from Latin America Today, Guggenheim, Nueva York (2014, Pablo León de la Barra)"
4561,Carlos Cruz-Diez,Colección Cisneros (CPPC),,2016,"Donación CPPC al MoMA, Modern Gift (2016)"
4561,Carlos Cruz-Diez,Colección Daros Latinamerica,,,"Colección Daros Latinamerica, Zúrich"
4562,Ximena Cuevas,Colección Daros Latinamerica,,,"Colección Daros Latinamerica, Zúrich"
4562,Ximena Cuevas,Radical Women,,2017,"Radical Women: Latin American Art 1960-1985, Hammer Museum (2017, Fajardo-Hill/Giunta); itinerancia Brooklyn Museum y Pinacoteca de São Paulo (2018)"
4563,Wifredo Díaz Valdéz,Colección Daros Latinamerica,,,"Colección Daros Latinamerica, Zúrich"
4564,Juan Manuel Echavarría,Colección Daros Latinamerica,,,"Colección Daros Latinamerica, Zúrich"
4565,Iván Edeza,Colección Daros Latinamerica,,,"Colección Daros Latinamerica, Zúrich"
4566,Paz Errázuriz,Colección Daros Latinamerica,,,"Colección Daros Latinamerica, Zúrich"
4566,Paz Errázuriz,Radical Women,,2017,"Radical Women: Latin American Art 1960-1985, Hammer Museum (2017, Fajardo-Hill/Giunta); itinerancia Brooklyn Museum y Pinacoteca de São Paulo (2018)"
4567,Claudia Fernández,Colección Daros Latinamerica,,,"Colección Daros Latinamerica, Zúrich"
4568,Fernando Pareja & Leidy Chavez,CIFO Grants & Commissions,,2016,"CIFO Grants & Commissions, premiado/a (2016)"
4568,Fernando Pareja & Leidy Chavez,Colección Daros Latinamerica,,,"Colección Daros Latinamerica, Zúrich"
4569,María Freire,Colección Cisneros (CPPC),,2016,"Donación CPPC al MoMA, Modern Gift (2016)"
4569,María Freire,Colección Daros Latinamerica,,,"Colección Daros Latinamerica, Zúrich"
4570,Gego,Colección Cisneros (CPPC),,2016,"Donación CPPC al MoMA, Modern Gift (2016)"
4570,Gego,Colección Daros Latinamerica,,,"Colección Daros Latinamerica, Zúrich"
4571,Enio Iommi,Colección Daros Latinamerica,,,"Colección Daros Latinamerica, Zúrich"
4572,Gyula Kosice,Colección Daros Latinamerica,,,"Colección Daros Latinamerica, Zúrich"
4573,Julio Le Parc,Colección Daros Latinamerica,,,"Colección Daros Latinamerica, Zúrich"
4574,Roberto Obregón,Colección Cisneros (CPPC),,2019,"Donación CPPC al Museo Reina Sofía, Madrid (2019)"
4574,Roberto Obregón,Colección Daros Latinamerica,,,"Colección Daros Latinamerica, Zúrich"
4575,Hélio Oiticica,Colección Cisneros (CPPC),,2016,"Donación CPPC al MoMA, Modern Gift (2016)"
4575,Hélio Oiticica,Colección Daros Latinamerica,,,"Colección Daros Latinamerica, Zúrich"
4575,Hélio Oiticica,Global Conceptualism,,1999,"Global Conceptualism: Points of Origin 1950s-1980s, Queens Museum, Nueva York (1999, Farver/Camnitzer/Weiss y equipo de once curadores); itinerancia Walker/Miami/MIT List"
4575,Hélio Oiticica,Information (MoMA 1970),,1970,"Information, The Museum of Modern Art, Nueva York (1970, Kynaston McShine)"
4576,Ariel Orozco,Colección Daros Latinamerica,,,"Colección Daros Latinamerica, Zúrich"
4577,Bernardo Oyarzún,Colección Daros Latinamerica,,,"Colección Daros Latinamerica, Zúrich"
4578,Marta María Pérez Bravo,CIFO Grants & Commissions,,2012,"CIFO Grants & Commissions, premiado/a (2012)"
4578,Marta María Pérez Bravo,Colección Daros Latinamerica,,,"Colección Daros Latinamerica, Zúrich"
4578,Marta María Pérez Bravo,Radical Women,,2017,"Radical Women: Latin American Art 1960-1985, Hammer Museum (2017, Fajardo-Hill/Giunta); itinerancia Brooklyn Museum y Pinacoteca de São Paulo (2018)"
4579,Manuel Piña,Colección Daros Latinamerica,,,"Colección Daros Latinamerica, Zúrich"
4580,Quintapata,Colección Daros Latinamerica,,,"Colección Daros Latinamerica, Zúrich"
4581,Jhafis Quintero,CIFO Grants & Commissions,,2023,"CIFO Grants & Commissions, premiado/a (2023)"
4581,Jhafis Quintero,Colección Daros Latinamerica,,,"Colección Daros Latinamerica, Zúrich"
4582,Nelson Ramos,Colección Daros Latinamerica,,,"Colección Daros Latinamerica, Zúrich"
4583,Santiago Rodríguez Olazábal,Colección Daros Latinamerica,,,"Colección Daros Latinamerica, Zúrich"
4584,Chemi Rosado Seijo,Colección Daros Latinamerica,,,"Colección Daros Latinamerica, Zúrich"
4585,Rosemberg Sandoval,CIFO Grants & Commissions,,2023,"CIFO Grants & Commissions, premiado/a (2023)"
4585,Rosemberg Sandoval,Colección Daros Latinamerica,,,"Colección Daros Latinamerica, Zúrich"
4586,Mira Schendel,Colección Cisneros (CPPC),,2016,"Donación CPPC al MoMA, Modern Gift (2016)"
4586,Mira Schendel,Colección Daros Latinamerica,,,"Colección Daros Latinamerica, Zúrich"
4587,Jesús Rafael Soto,Colección Cisneros (CPPC),,2016,"Donación CPPC al MoMA, Modern Gift (2016)"
4587,Jesús Rafael Soto,Colección Daros Latinamerica,,,"Colección Daros Latinamerica, Zúrich"
4588,Roberta Stoddart,Colección Daros Latinamerica,,,"Colección Daros Latinamerica, Zúrich"
4589,José Toirac,Colección Daros Latinamerica,,,"Colección Daros Latinamerica, Zúrich"
4590,Tonel,Colección Daros Latinamerica,,,"Colección Daros Latinamerica, Zúrich"
4591,Joaquín Torres-García,Colección Daros Latinamerica,,,"Colección Daros Latinamerica, Zúrich"
4592,Liliana Vélez Jaramillo,Colección Daros Latinamerica,,,"Colección Daros Latinamerica, Zúrich"
4593,Horacio Zabala,CIFO Grants & Commissions,,2018,"CIFO Grants & Commissions, premiado/a (2018)"
4593,Horacio Zabala,Colección Daros Latinamerica,,,"Colección Daros Latinamerica, Zúrich"
4594,Iván Candeo,CIFO Grants & Commissions,,2026,"CIFO Grants & Commissions, premiado/a (2026)"
4595,Liliana García,CIFO Grants & Commissions,,2026,"CIFO Grants & Commissions, premiado/a (2026)"
4596,Priscilla Romero-Cubero,CIFO Grants & Commissions,,2026,"CIFO Grants & Commissions, premiado/a (2026)"
4597,Christian Salablanca Díaz,CIFO Grants & Commissions,,2026,"CIFO Grants & Commissions, premiado/a (2026)"
4598,Abiniel João do Nascimento,CIFO Grants & Commissions,,2026,"CIFO Grants & Commissions, premiado/a (2026)"
4599,Berenice Olmedo Peña,CIFO Grants & Commissions,,2026,"CIFO Grants & Commissions, premiado/a (2026)"
4600,Lorena Solís Bravo,CIFO Grants & Commissions,,2026,"CIFO Grants & Commissions, premiado/a (2026)"
4601,Natalia Rivera,CIFO Grants & Commissions,,2025,"CIFO Grants & Commissions, premiado/a (2025)"
4602,Jerónimo Reyes-Retana,CIFO Grants & Commissions,,2025,"CIFO Grants & Commissions, premiado/a (2025)"
4603,Alexandre Canonico,CIFO Grants & Commissions,,2025,"CIFO Grants & Commissions, premiado/a (2025)"
4604,Ana Vaz,CIFO Grants & Commissions,,2025,"CIFO Grants & Commissions, premiado/a (2025)"
4605,Diana de Solares,CIFO Grants & Commissions,,2025,"CIFO Grants & Commissions, premiado/a (2025)"
4606,Madeline Jiménez Santil,CIFO Grants & Commissions,,2025,"CIFO Grants & Commissions, premiado/a (2025)"
4607,Marcela Armas,CIFO Grants & Commissions,,2025,"CIFO Grants & Commissions, premiado/a (2025)"
4608,Patricia Encarnación,CIFO Grants & Commissions,,2025,"CIFO Grants & Commissions, premiado/a (2025)"
4609,Daniel Guerra,CIFO Grants & Commissions,,2024,"CIFO Grants & Commissions, premiado/a (2024)"
4610,Federico Gloriani,CIFO Grants & Commissions,,2024,"CIFO Grants & Commissions, premiado/a (2024)"
4611,Guely Morato-Loredo,CIFO Grants & Commissions,,2024,"CIFO Grants & Commissions, premiado/a (2024)"
4612,Levi Orta,CIFO Grants & Commissions,,2024,"CIFO Grants & Commissions, premiado/a (2024)"
4613,Luciana Lamothe,CIFO Grants & Commissions,,2024,"CIFO Grants & Commissions, premiado/a (2024)"
4614,Paula Coñoepán,CIFO Grants & Commissions,,2024,"CIFO Grants & Commissions, premiado/a (2024)"
4615,Adrián Mélis,CIFO Grants & Commissions,,2023,"CIFO Grants & Commissions, premiado/a (2023)"
4616,Alba Triana,CIFO Grants & Commissions,,2023,"CIFO Grants & Commissions, premiado/a (2023)"
4617,Ana María Gómez López,CIFO Grants & Commissions,,2023,"CIFO Grants & Commissions, premiado/a (2023)"
4618,Andrés Ramírez Gaviria,CIFO Grants & Commissions,,2023,"CIFO Grants & Commissions, premiado/a (2023)"
4619,Joaquín Aras,CIFO Grants & Commissions,,2023,"CIFO Grants & Commissions, premiado/a (2023)"
4620,Jonathan Torres Rodríguez,CIFO Grants & Commissions,,2023,"CIFO Grants & Commissions, premiado/a (2023)"
4621,Natalia Espinosa,CIFO Grants & Commissions,,2023,"CIFO Grants & Commissions, premiado/a (2023)"
4622,Ana Elena Tejera,CIFO Grants & Commissions,,2022,"CIFO Grants & Commissions, premiado/a (2022)"
4623,Dora Bartilotti,CIFO Grants & Commissions,,2022,"CIFO Grants & Commissions, premiado/a (2022)"
4624,Electrobiota Collective,CIFO Grants & Commissions,,2022,"CIFO Grants & Commissions, premiado/a (2022)"
4625,Thessia Machado,CIFO Grants & Commissions,,2022,"CIFO Grants & Commissions, premiado/a (2022)"
4626,Lucas Lugarinho,CIFO Grants & Commissions,,2020,"CIFO Grants & Commissions, premiado/a (2020)"
4627,Maria Noujaim,CIFO Grants & Commissions,,2020,"CIFO Grants & Commissions, premiado/a (2020)"
4628,Martha Araújo,CIFO Grants & Commissions,,2020,"CIFO Grants & Commissions, premiado/a (2020)"
4628,Martha Araújo,Radical Women,,2017,"Radical Women: Latin American Art 1960-1985, Hammer Museum (2017, Fajardo-Hill/Giunta); itinerancia Brooklyn Museum y Pinacoteca de São Paulo (2018)"
4629,Milton Raggi Vinueza,CIFO Grants & Commissions,,2020,"CIFO Grants & Commissions, premiado/a (2020)"
4630,Paloma Contreras Lomas,CIFO Grants & Commissions,,2020,"CIFO Grants & Commissions, premiado/a (2020)"
4631,Rolando López,CIFO Grants & Commissions,,2020,"CIFO Grants & Commissions, premiado/a (2020)"
4632,Simone Michelin,CIFO Grants & Commissions,,2020,"CIFO Grants & Commissions, premiado/a (2020)"
4633,Ana Linnemann,CIFO Grants & Commissions,,2019,"CIFO Grants & Commissions, premiado/a (2019)"
4634,Claudia Martínez Garay,CIFO Grants & Commissions,,2019,"CIFO Grants & Commissions, premiado/a (2019)"
4635,María José Machado Gutiérrez,CIFO Grants & Commissions,,2019,"CIFO Grants & Commissions, premiado/a (2019)"
4636,Susana Pilar Delahante Matienzo,CIFO Grants & Commissions,,2019,"CIFO Grants & Commissions, premiado/a (2019)"
4637,Yucef Merhi,CIFO Grants & Commissions,,2019,"CIFO Grants & Commissions, premiado/a (2019)"
4638,Daniela Serna Gallego,CIFO Grants & Commissions,,2018,"CIFO Grants & Commissions, premiado/a (2018)"
4639,Fredman Barahona,CIFO Grants & Commissions,,2018,"CIFO Grants & Commissions, premiado/a (2018)"
4640,Gala Berger,CIFO Grants & Commissions,,2018,"CIFO Grants & Commissions, premiado/a (2018)"
4641,Laura Huertas Millán,Bienal de Sharjah,15,2023,"15ª Bienal de Sharjah «Thinking Historically in the Present» (2023, Hoor Al Qasimi)"
4641,Laura Huertas Millán,CIFO Grants & Commissions,,2018,"CIFO Grants & Commissions, premiado/a (2018)"
4642,Rubén D'Hers,CIFO Grants & Commissions,,2018,"CIFO Grants & Commissions, premiado/a (2018)"
4643,Víctor del Moral,CIFO Grants & Commissions,,2018,"CIFO Grants & Commissions, premiado/a (2018)"
4644,Alana Iturralde,CIFO Grants & Commissions,,2017,"CIFO Grants & Commissions, premiado/a (2017)"
4645,Celia-Yunior,CIFO Grants & Commissions,,2017,"CIFO Grants & Commissions, premiado/a (2017)"
4646,Fredy Alzate,CIFO Grants & Commissions,,2017,"CIFO Grants & Commissions, premiado/a (2017)"
4647,Juan Carlos Osorno,CIFO Grants & Commissions,,2017,"CIFO Grants & Commissions, premiado/a (2017)"
4648,Katherine Fiedler,CIFO Grants & Commissions,,2017,"CIFO Grants & Commissions, premiado/a (2017)"
4649,Richard Garet,CIFO Grants & Commissions,,2017,"CIFO Grants & Commissions, premiado/a (2017)"
4650,Ulrik López,CIFO Grants & Commissions,,2017,"CIFO Grants & Commissions, premiado/a (2017)"
4651,Carlos Castro Arias,CIFO Grants & Commissions,,2016,"CIFO Grants & Commissions, premiado/a (2016)"
4652,Fabián Peña,CIFO Grants & Commissions,,2016,"CIFO Grants & Commissions, premiado/a (2016)"
4653,Fidel García,CIFO Grants & Commissions,,2016,"CIFO Grants & Commissions, premiado/a (2016)"
4654,Jorge Julián Aristizábal,CIFO Grants & Commissions,,2016,"CIFO Grants & Commissions, premiado/a (2016)"
4655,María Evelia Marmolejo,CIFO Grants & Commissions,,2016,"CIFO Grants & Commissions, premiado/a (2016)"
4655,María Evelia Marmolejo,Radical Women,,2017,"Radical Women: Latin American Art 1960-1985, Hammer Museum (2017, Fajardo-Hill/Giunta); itinerancia Brooklyn Museum y Pinacoteca de São Paulo (2018)"
4656,Óscar Farfán,CIFO Grants & Commissions,,2016,"CIFO Grants & Commissions, premiado/a (2016)"
4657,Sandra Nakamura,CIFO Grants & Commissions,,2016,"CIFO Grants & Commissions, premiado/a (2016)"
4658,Domingo Castillo,CIFO Grants & Commissions,,2015,"CIFO Grants & Commissions, premiado/a (2015)"
4659,Nascimento/Lovera,CIFO Grants & Commissions,,2015,"CIFO Grants & Commissions, premiado/a (2015)"
4660,Pablo Vargas Lugo,CIFO Grants & Commissions,,2015,"CIFO Grants & Commissions, premiado/a (2015)"
4661,Silvia Gruner,CIFO Grants & Commissions,,2015,"CIFO Grants & Commissions, premiado/a (2015)"
4661,Silvia Gruner,Radical Women,,2017,"Radical Women: Latin American Art 1960-1985, Hammer Museum (2017, Fajardo-Hill/Giunta); itinerancia Brooklyn Museum y Pinacoteca de São Paulo (2018)"
4662,Adrián Regnier,CIFO Grants & Commissions,,2014,"CIFO Grants & Commissions, premiado/a (2014)"
4663,Mateo Pizarro,CIFO Grants & Commissions,,2014,"CIFO Grants & Commissions, premiado/a (2014)"
4664,Nayarí Castillo,CIFO Grants & Commissions,,2014,"CIFO Grants & Commissions, premiado/a (2014)"
4665,Benvenuto Chavajay González,CIFO Grants & Commissions,,2013,"CIFO Grants & Commissions, premiado/a (2013)"
4666,Jorge Méndez Blake,CIFO Grants & Commissions,,2013,"CIFO Grants & Commissions, premiado/a (2013)"
4667,Laureana Toledo,CIFO Grants & Commissions,,2013,"CIFO Grants & Commissions, premiado/a (2013)"
4668,Santiago Villanueva,CIFO Grants & Commissions,,2013,"CIFO Grants & Commissions, premiado/a (2013)"
4669,Sofía Olascoaga,CIFO Grants & Commissions,,2013,"CIFO Grants & Commissions, premiado/a (2013)"
4670,Eduardo Abaroa,CIFO Grants & Commissions,,2012,"CIFO Grants & Commissions, premiado/a (2012)"
4671,Francisca Aninat,CIFO Grants & Commissions,,2012,"CIFO Grants & Commissions, premiado/a (2012)"
4672,Marisa Rubio,CIFO Grants & Commissions,,2012,"CIFO Grants & Commissions, premiado/a (2012)"
4673,Alicia Villareal,CIFO Grants & Commissions,,2011,"CIFO Grants & Commissions, premiado/a (2011)"
4674,Begoña Morales,CIFO Grants & Commissions,,2011,"CIFO Grants & Commissions, premiado/a (2011)"
4675,Elida Tessler,CIFO Grants & Commissions,,2010,"CIFO Grants & Commissions, premiado/a (2010)"
4676,Eugenia Calvo,CIFO Grants & Commissions,,2010,"CIFO Grants & Commissions, premiado/a (2010)"
4677,Gisela Motta & Leandro Lima,CIFO Grants & Commissions,,2010,"CIFO Grants & Commissions, premiado/a (2010)"
4678,Ivan Puig,CIFO Grants & Commissions,,2010,"CIFO Grants & Commissions, premiado/a (2010)"
4679,Jorge Pedro Núñez,CIFO Grants & Commissions,,2010,"CIFO Grants & Commissions, premiado/a (2010)"
4680,Gabriel Antolínez,CIFO Grants & Commissions,,2009,"CIFO Grants & Commissions, premiado/a (2009)"
4681,José Ruiz,CIFO Grants & Commissions,,2009,"CIFO Grants & Commissions, premiado/a (2009)"
4682,Juan Carlos León,CIFO Grants & Commissions,,2009,"CIFO Grants & Commissions, premiado/a (2009)"
4683,Ricardo Rendón,CIFO Grants & Commissions,,2009,"CIFO Grants & Commissions, premiado/a (2009)"
4684,Alejandro Almanza Pereda,CIFO Grants & Commissions,,2008,"CIFO Grants & Commissions, premiado/a (2008)"
4685,Amilcar Packer,CIFO Grants & Commissions,,2008,"CIFO Grants & Commissions, premiado/a (2008)"
4686,Daniel Medina,CIFO Grants & Commissions,,2008,"CIFO Grants & Commissions, premiado/a (2008)"
4687,Francisco Valdés,CIFO Grants & Commissions,,2008,"CIFO Grants & Commissions, premiado/a (2008)"
4688,Jonathan Harker,CIFO Grants & Commissions,,2008,"CIFO Grants & Commissions, premiado/a (2008)"
4688,Jonathan Harker,Under the Same Sun,,2014,"Under the Same Sun: Art from Latin America Today, Guggenheim, Nueva York (2014, Pablo León de la Barra)"
4689,Luis Romero,CIFO Grants & Commissions,,2008,"CIFO Grants & Commissions, premiado/a (2008)"
4690,Moris (Israel Meza Moreno),CIFO Grants & Commissions,,2008,"CIFO Grants & Commissions, premiado/a (2008)"
4691,Pablo Cardoso,CIFO Grants & Commissions,,2008,"CIFO Grants & Commissions, premiado/a (2008)"
4692,Adriana García Galán,CIFO Grants & Commissions,,2007,"CIFO Grants & Commissions, premiado/a (2007)"
4693,Ángel Poyón Calí,CIFO Grants & Commissions,,2007,"CIFO Grants & Commissions, premiado/a (2007)"
4694,Cecilia Szalkowicz & Gastón Pérsico,CIFO Grants & Commissions,,2007,"CIFO Grants & Commissions, premiado/a (2007)"
4695,Emilio Valdés,CIFO Grants & Commissions,,2007,"CIFO Grants & Commissions, premiado/a (2007)"
4696,Luis Molina-Pantin,CIFO Grants & Commissions,,2007,"CIFO Grants & Commissions, premiado/a (2007)"
4697,Eugenio Espinoza,CIFO Grants & Commissions,,2007,"CIFO Grants & Commissions, premiado/a (2007)"
4697,Eugenio Espinoza,Colección Cisneros (CPPC),,2018,"Donación CPPC al MoMA, Contemporary Gift (2018)"
4698,Alessandro Balteo Yazbeck,CIFO Grants & Commissions,,2006,"CIFO Grants & Commissions, premiado/a (2006)"
4699,Jacqueline Lacasa,CIFO Grants & Commissions,,2006,"CIFO Grants & Commissions, premiado/a (2006)"
4700,Hércules Barsotti,Colección Cisneros (CPPC),,2016,"Donación CPPC al MoMA, Modern Gift (2016)"
4701,Omar Carreño,Colección Cisneros (CPPC),,2016,"Donación CPPC al MoMA, Modern Gift (2016)"
4702,Waldemar Cordeiro,Colección Cisneros (CPPC),,2016,"Donación CPPC al MoMA, Modern Gift (2016)"
4703,Geraldo de Barros,Colección Cisneros (CPPC),,2016,"Donación CPPC al MoMA, Modern Gift (2016)"
4704,Willys de Castro,Colección Cisneros (CPPC),,2016,"Donación CPPC al MoMA, Modern Gift (2016)"
4705,Hermelindo Fiaminghi,Colección Cisneros (CPPC),,2016,"Donación CPPC al MoMA, Modern Gift (2016)"
4706,Carlos González Bogen,Colección Cisneros (CPPC),,2016,"Donación CPPC al MoMA, Modern Gift (2016)"
4707,Elsa Gramcko,Colección Cisneros (CPPC),,2016,"Donación CPPC al MoMA, Modern Gift (2016)"
4708,Alfredo Hlito,Colección Cisneros (CPPC),,2016,"Donación CPPC al MoMA, Modern Gift (2016)"
4709,Gerd Leufert,Colección Cisneros (CPPC),,2016,"Donación CPPC al MoMA, Modern Gift (2016)"
4710,Raúl Lozza,Colección Cisneros (CPPC),,2016,"Donación CPPC al MoMA, Modern Gift (2016)"
4711,Tomás Maldonado,Colección Cisneros (CPPC),,2016,"Donación CPPC al MoMA, Modern Gift (2016)"
4712,Mateo Manaure,Colección Cisneros (CPPC),,2016,"Donación CPPC al MoMA, Modern Gift (2016)"
4713,Francisco Matto,Colección Cisneros (CPPC),,2016,"Donación CPPC al MoMA, Modern Gift (2016)"
4714,Juan Melé,Colección Cisneros (CPPC),,2016,"Donación CPPC al MoMA, Modern Gift (2016)"
4715,Juan Molenberg,Colección Cisneros (CPPC),,2016,"Donación CPPC al MoMA, Modern Gift (2016)"
4716,Rubén Núñez,Colección Cisneros (CPPC),,2016,"Donación CPPC al MoMA, Modern Gift (2016)"
4717,Alejandro Otero,Colección Cisneros (CPPC),,2016,"Donación CPPC al MoMA, Modern Gift (2016)"
4718,Lygia Pape,Colección Cisneros (CPPC),,2016,"Donación CPPC al MoMA, Modern Gift (2016)"
4718,Lygia Pape,Radical Women,,2017,"Radical Women: Latin American Art 1960-1985, Hammer Museum (2017, Fajardo-Hill/Giunta); itinerancia Brooklyn Museum y Pinacoteca de São Paulo (2018)"
4719,Rhod Rothfuss,Colección Cisneros (CPPC),,2016,"Donación CPPC al MoMA, Modern Gift (2016)"
4720,Ivan Serpa,Colección Cisneros (CPPC),,2016,"Donación CPPC al MoMA, Modern Gift (2016)"
4721,Rubem Valentim,Colección Cisneros (CPPC),,2016,"Donación CPPC al MoMA, Modern Gift (2016)"
4722,Gregorio Vardánega,Colección Cisneros (CPPC),,2016,"Donación CPPC al MoMA, Modern Gift (2016)"
4723,Virgilio Villalba,Colección Cisneros (CPPC),,2016,"Donación CPPC al MoMA, Modern Gift (2016)"
4724,Franz Weissmann,Colección Cisneros (CPPC),,2016,"Donación CPPC al MoMA, Modern Gift (2016)"
4725,José Leonilson,Colección Cisneros (CPPC),,2018,"Donación CPPC al MoMA, Contemporary Gift (2018)"
4726,Feliza Bursztyn,Colección Cisneros (CPPC),,2018,"Donación CPPC al MoMA, Contemporary Gift (2018)"
4726,Feliza Bursztyn,Radical Women,,2017,"Radical Women: Latin American Art 1960-1985, Hammer Museum (2017, Fajardo-Hill/Giunta); itinerancia Brooklyn Museum y Pinacoteca de São Paulo (2018)"
4727,Claudio Perna,Colección Cisneros (CPPC),,2018,"Donación CPPC al MoMA, Contemporary Gift (2018)"
4728,Yeni & Nan,Colección Cisneros (CPPC),,2018,"Donación CPPC al MoMA, Contemporary Gift (2018)"
4728,Yeni & Nan,Radical Women,,2017,"Radical Women: Latin American Art 1960-1985, Hammer Museum (2017, Fajardo-Hill/Giunta); itinerancia Brooklyn Museum y Pinacoteca de São Paulo (2018)"
4729,Michael Stevenson,Colección Cisneros (CPPC),,2018,"Donación CPPC al MoMA, Contemporary Gift (2018)"
4730,Laura Anderson Barbata,Colección Cisneros (CPPC),,2018,"Donación CPPC al MALI, Lima (2018)"
4731,Ana Roldán,Colección Cisneros (CPPC),,2018,"Donación CPPC al MALI, Lima (2018)"
4732,Jaime Castro Oróztegui,Colección Cisneros (CPPC),,2019,"Donación CPPC al Museo Reina Sofía, Madrid (2019)"
4733,Marcos Coelho Benjamin,Colección Cisneros (CPPC),,2019,"Donación CPPC al Museo Reina Sofía, Madrid (2019)"
4734,Sigfredo Chacón,Colección Cisneros (CPPC),,2019,"Donación CPPC al Museo Reina Sofía, Madrid (2019)"
4735,Eduardo Costa,Colección Cisneros (CPPC),,2019,"Donación CPPC al Museo Reina Sofía, Madrid (2019)"
4735,Eduardo Costa,Global Conceptualism,,1999,"Global Conceptualism: Points of Origin 1950s-1980s, Queens Museum, Nueva York (1999, Farver/Camnitzer/Weiss y equipo de once curadores); itinerancia Walker/Miami/MIT List"
4736,Danilo Dueñas,Colección Cisneros (CPPC),,2019,"Donación CPPC al Museo Reina Sofía, Madrid (2019)"
4737,Héctor Fuenmayor,Colección Cisneros (CPPC),,2019,"Donación CPPC al Museo Reina Sofía, Madrid (2019)"
4738,Alí González,Colección Cisneros (CPPC),,2019,"Donación CPPC al Museo Reina Sofía, Madrid (2019)"
4739,Paulo Pasta,Colección Cisneros (CPPC),,2019,"Donación CPPC al Museo Reina Sofía, Madrid (2019)"
4740,Mauricio Ruiz,Colección Cisneros (CPPC),,2019,"Donación CPPC al Museo Reina Sofía, Madrid (2019)"
4741,Edgard de Souza,Colección Cisneros (CPPC),,2019,"Donación CPPC al Museo Reina Sofía, Madrid (2019)"
4742,Marcia Thompson,Colección Cisneros (CPPC),,2019,"Donación CPPC al Museo Reina Sofía, Madrid (2019)"
4743,Angelo Venosa,Colección Cisneros (CPPC),,2019,"Donación CPPC al Museo Reina Sofía, Madrid (2019)"
4744,Augusto Villalba,Colección Cisneros (CPPC),,2019,"Donación CPPC al Museo Reina Sofía, Madrid (2019)"
4745,Matías Duville,Colección Cisneros (CPPC),,2018,Donación CPPC al Museo de Arte Moderno de Buenos Aires (2018)
4746,Gilda Mantilla & Raimond Chaves,Under the Same Sun,,2014,"Under the Same Sun: Art from Latin America Today, Guggenheim, Nueva York (2014, Pablo León de la Barra)"
4747,Iván Navarro,Under the Same Sun,,2014,"Under the Same Sun: Art from Latin America Today, Guggenheim, Nueva York (2014, Pablo León de la Barra)"
4748,Juan Downey,Under the Same Sun,,2014,"Under the Same Sun: Art from Latin America Today, Guggenheim, Nueva York (2014, Pablo León de la Barra)"
4749,Wilson Díaz,Under the Same Sun,,2014,"Under the Same Sun: Art from Latin America Today, Guggenheim, Nueva York (2014, Pablo León de la Barra)"
4750,Mara Alvares,Radical Women,,2017,"Radical Women: Latin American Art 1960-1985, Hammer Museum (2017, Fajardo-Hill/Giunta); itinerancia Brooklyn Museum y Pinacoteca de São Paulo (2018)"
4751,Celia Álvarez Muñoz,Radical Women,,2017,"Radical Women: Latin American Art 1960-1985, Hammer Museum (2017, Fajardo-Hill/Giunta); itinerancia Brooklyn Museum y Pinacoteca de São Paulo (2018)"
4752,Yolanda Andrade,Radical Women,,2017,"Radical Women: Latin American Art 1960-1985, Hammer Museum (2017, Fajardo-Hill/Giunta); itinerancia Brooklyn Museum y Pinacoteca de São Paulo (2018)"
4753,Margarita Azurdia,Radical Women,,2017,"Radical Women: Latin American Art 1960-1985, Hammer Museum (2017, Fajardo-Hill/Giunta); itinerancia Brooklyn Museum y Pinacoteca de São Paulo (2018)"
4754,Judith Baca,Radical Women,,2017,"Radical Women: Latin American Art 1960-1985, Hammer Museum (2017, Fajardo-Hill/Giunta); itinerancia Brooklyn Museum y Pinacoteca de São Paulo (2018)"
4755,Gracia Barrios,Radical Women,,2017,"Radical Women: Latin American Art 1960-1985, Hammer Museum (2017, Fajardo-Hill/Giunta); itinerancia Brooklyn Museum y Pinacoteca de São Paulo (2018)"
4756,María Luisa Bemberg,Radical Women,,2017,"Radical Women: Latin American Art 1960-1985, Hammer Museum (2017, Fajardo-Hill/Giunta); itinerancia Brooklyn Museum y Pinacoteca de São Paulo (2018)"
4757,Delfina Bernal,Radical Women,,2017,"Radical Women: Latin American Art 1960-1985, Hammer Museum (2017, Fajardo-Hill/Giunta); itinerancia Brooklyn Museum y Pinacoteca de São Paulo (2018)"
4758,Olga Blinder,Radical Women,,2017,"Radical Women: Latin American Art 1960-1985, Hammer Museum (2017, Fajardo-Hill/Giunta); itinerancia Brooklyn Museum y Pinacoteca de São Paulo (2018)"
4759,Sybil Brintrup,Radical Women,,2017,"Radical Women: Latin American Art 1960-1985, Hammer Museum (2017, Fajardo-Hill/Giunta); itinerancia Brooklyn Museum y Pinacoteca de São Paulo (2018)"
4760,Roser Bru,Radical Women,,2017,"Radical Women: Latin American Art 1960-1985, Hammer Museum (2017, Fajardo-Hill/Giunta); itinerancia Brooklyn Museum y Pinacoteca de São Paulo (2018)"
4761,Maris Bustamante,Radical Women,,2017,"Radical Women: Latin American Art 1960-1985, Hammer Museum (2017, Fajardo-Hill/Giunta); itinerancia Brooklyn Museum y Pinacoteca de São Paulo (2018)"
4762,Victoria Cabezas,Radical Women,,2017,"Radical Women: Latin American Art 1960-1985, Hammer Museum (2017, Fajardo-Hill/Giunta); itinerancia Brooklyn Museum y Pinacoteca de São Paulo (2018)"
4763,Gloria Camiruaga,Radical Women,,2017,"Radical Women: Latin American Art 1960-1985, Hammer Museum (2017, Fajardo-Hill/Giunta); itinerancia Brooklyn Museum y Pinacoteca de São Paulo (2018)"
4764,Delia Cancela,Radical Women,,2017,"Radical Women: Latin American Art 1960-1985, Hammer Museum (2017, Fajardo-Hill/Giunta); itinerancia Brooklyn Museum y Pinacoteca de São Paulo (2018)"
4765,María Teresa Cano,Radical Women,,2017,"Radical Women: Latin American Art 1960-1985, Hammer Museum (2017, Fajardo-Hill/Giunta); itinerancia Brooklyn Museum y Pinacoteca de São Paulo (2018)"
4766,Barbara Carrasco,Radical Women,,2017,"Radical Women: Latin American Art 1960-1985, Hammer Museum (2017, Fajardo-Hill/Giunta); itinerancia Brooklyn Museum y Pinacoteca de São Paulo (2018)"
4767,Josely Carvalho,Radical Women,,2017,"Radical Women: Latin American Art 1960-1985, Hammer Museum (2017, Fajardo-Hill/Giunta); itinerancia Brooklyn Museum y Pinacoteca de São Paulo (2018)"
4768,Isabel Castro,Radical Women,,2017,"Radical Women: Latin American Art 1960-1985, Hammer Museum (2017, Fajardo-Hill/Giunta); itinerancia Brooklyn Museum y Pinacoteca de São Paulo (2018)"
4769,Vera Chaves Barcellos,Radical Women,,2017,"Radical Women: Latin American Art 1960-1985, Hammer Museum (2017, Fajardo-Hill/Giunta); itinerancia Brooklyn Museum y Pinacoteca de São Paulo (2018)"
4770,María Eugenia Chellet,Radical Women,,2017,"Radical Women: Latin American Art 1960-1985, Hammer Museum (2017, Fajardo-Hill/Giunta); itinerancia Brooklyn Museum y Pinacoteca de São Paulo (2018)"
4771,Alicia d'Amico,Radical Women,,2017,"Radical Women: Latin American Art 1960-1985, Hammer Museum (2017, Fajardo-Hill/Giunta); itinerancia Brooklyn Museum y Pinacoteca de São Paulo (2018)"
4772,Liliane Dardot,Radical Women,,2017,"Radical Women: Latin American Art 1960-1985, Hammer Museum (2017, Fajardo-Hill/Giunta); itinerancia Brooklyn Museum y Pinacoteca de São Paulo (2018)"
4773,Luz Donoso,Radical Women,,2017,"Radical Women: Latin American Art 1960-1985, Hammer Museum (2017, Fajardo-Hill/Giunta); itinerancia Brooklyn Museum y Pinacoteca de São Paulo (2018)"
4774,Diana Dowek,Radical Women,,2017,"Radical Women: Latin American Art 1960-1985, Hammer Museum (2017, Fajardo-Hill/Giunta); itinerancia Brooklyn Museum y Pinacoteca de São Paulo (2018)"
4775,Antonia Eiriz,Radical Women,,2017,"Radical Women: Latin American Art 1960-1985, Hammer Museum (2017, Fajardo-Hill/Giunta); itinerancia Brooklyn Museum y Pinacoteca de São Paulo (2018)"
4776,Sandra Eleta,Radical Women,,2017,"Radical Women: Latin American Art 1960-1985, Hammer Museum (2017, Fajardo-Hill/Giunta); itinerancia Brooklyn Museum y Pinacoteca de São Paulo (2018)"
4777,Diamela Eltit,Radical Women,,2017,"Radical Women: Latin American Art 1960-1985, Hammer Museum (2017, Fajardo-Hill/Giunta); itinerancia Brooklyn Museum y Pinacoteca de São Paulo (2018)"
4778,Virginia Errázuriz,Radical Women,,2017,"Radical Women: Latin American Art 1960-1985, Hammer Museum (2017, Fajardo-Hill/Giunta); itinerancia Brooklyn Museum y Pinacoteca de São Paulo (2018)"
4779,Sara Facio,Radical Women,,2017,"Radical Women: Latin American Art 1960-1985, Hammer Museum (2017, Fajardo-Hill/Giunta); itinerancia Brooklyn Museum y Pinacoteca de São Paulo (2018)"
4780,Yolanda Freyre,Radical Women,,2017,"Radical Women: Latin American Art 1960-1985, Hammer Museum (2017, Fajardo-Hill/Giunta); itinerancia Brooklyn Museum y Pinacoteca de São Paulo (2018)"
4781,Gloria Gómez-Sánchez,Radical Women,,2017,"Radical Women: Latin American Art 1960-1985, Hammer Museum (2017, Fajardo-Hill/Giunta); itinerancia Brooklyn Museum y Pinacoteca de São Paulo (2018)"
4782,Mercedes Elena González,Radical Women,,2017,"Radical Women: Latin American Art 1960-1985, Hammer Museum (2017, Fajardo-Hill/Giunta); itinerancia Brooklyn Museum y Pinacoteca de São Paulo (2018)"
4783,Lourdes Grobet,Radical Women,,2017,"Radical Women: Latin American Art 1960-1985, Hammer Museum (2017, Fajardo-Hill/Giunta); itinerancia Brooklyn Museum y Pinacoteca de São Paulo (2018)"
4784,Sonia Gutiérrez,Radical Women,,2017,"Radical Women: Latin American Art 1960-1985, Hammer Museum (2017, Fajardo-Hill/Giunta); itinerancia Brooklyn Museum y Pinacoteca de São Paulo (2018)"
4785,Graciela Gutiérrez Marx,Radical Women,,2017,"Radical Women: Latin American Art 1960-1985, Hammer Museum (2017, Fajardo-Hill/Giunta); itinerancia Brooklyn Museum y Pinacoteca de São Paulo (2018)"
4786,Nelly Gutmacher,Radical Women,,2017,"Radical Women: Latin American Art 1960-1985, Hammer Museum (2017, Fajardo-Hill/Giunta); itinerancia Brooklyn Museum y Pinacoteca de São Paulo (2018)"
4787,Johanna Hamann,Radical Women,,2017,"Radical Women: Latin American Art 1960-1985, Hammer Museum (2017, Fajardo-Hill/Giunta); itinerancia Brooklyn Museum y Pinacoteca de São Paulo (2018)"
4788,Narcisa Hirsch,Radical Women,,2017,"Radical Women: Latin American Art 1960-1985, Hammer Museum (2017, Fajardo-Hill/Giunta); itinerancia Brooklyn Museum y Pinacoteca de São Paulo (2018)"
4789,Kati Horna,Radical Women,,2017,"Radical Women: Latin American Art 1960-1985, Hammer Museum (2017, Fajardo-Hill/Giunta); itinerancia Brooklyn Museum y Pinacoteca de São Paulo (2018)"
4790,Graciela Iturbide,Radical Women,,2017,"Radical Women: Latin American Art 1960-1985, Hammer Museum (2017, Fajardo-Hill/Giunta); itinerancia Brooklyn Museum y Pinacoteca de São Paulo (2018)"
4791,Ana Victoria Jiménez,Radical Women,,2017,"Radical Women: Latin American Art 1960-1985, Hammer Museum (2017, Fajardo-Hill/Giunta); itinerancia Brooklyn Museum y Pinacoteca de São Paulo (2018)"
4792,Ana Kamien,Radical Women,,2017,"Radical Women: Latin American Art 1960-1985, Hammer Museum (2017, Fajardo-Hill/Giunta); itinerancia Brooklyn Museum y Pinacoteca de São Paulo (2018)"
4793,Karen Lamassonne,Radical Women,,2017,"Radical Women: Latin American Art 1960-1985, Hammer Museum (2017, Fajardo-Hill/Giunta); itinerancia Brooklyn Museum y Pinacoteca de São Paulo (2018)"
4794,Magali Lara,Radical Women,,2017,"Radical Women: Latin American Art 1960-1985, Hammer Museum (2017, Fajardo-Hill/Giunta); itinerancia Brooklyn Museum y Pinacoteca de São Paulo (2018)"
4795,Sandra Llano-Mejía,Radical Women,,2017,"Radical Women: Latin American Art 1960-1985, Hammer Museum (2017, Fajardo-Hill/Giunta); itinerancia Brooklyn Museum y Pinacoteca de São Paulo (2018)"
4796,Yolanda López,Radical Women,,2017,"Radical Women: Latin American Art 1960-1985, Hammer Museum (2017, Fajardo-Hill/Giunta); itinerancia Brooklyn Museum y Pinacoteca de São Paulo (2018)"
4797,Lea Lublin,Radical Women,,2017,"Radical Women: Latin American Art 1960-1985, Hammer Museum (2017, Fajardo-Hill/Giunta); itinerancia Brooklyn Museum y Pinacoteca de São Paulo (2018)"
4798,Clemencia Lucena,Radical Women,,2017,"Radical Women: Latin American Art 1960-1985, Hammer Museum (2017, Fajardo-Hill/Giunta); itinerancia Brooklyn Museum y Pinacoteca de São Paulo (2018)"
4799,Márcia X.,Radical Women,,2017,"Radical Women: Latin American Art 1960-1985, Hammer Museum (2017, Fajardo-Hill/Giunta); itinerancia Brooklyn Museum y Pinacoteca de São Paulo (2018)"
4800,Liliana Maresca,Radical Women,,2017,"Radical Women: Latin American Art 1960-1985, Hammer Museum (2017, Fajardo-Hill/Giunta); itinerancia Brooklyn Museum y Pinacoteca de São Paulo (2018)"
4801,Poli Marichal,Radical Women,,2017,"Radical Women: Latin American Art 1960-1985, Hammer Museum (2017, Fajardo-Hill/Giunta); itinerancia Brooklyn Museum y Pinacoteca de São Paulo (2018)"
4802,Marilú Marini,Radical Women,,2017,"Radical Women: Latin American Art 1960-1985, Hammer Museum (2017, Fajardo-Hill/Giunta); itinerancia Brooklyn Museum y Pinacoteca de São Paulo (2018)"
4803,Marisol,Radical Women,,2017,"Radical Women: Latin American Art 1960-1985, Hammer Museum (2017, Fajardo-Hill/Giunta); itinerancia Brooklyn Museum y Pinacoteca de São Paulo (2018)"
4804,María Martínez-Cañas,Radical Women,,2017,"Radical Women: Latin American Art 1960-1985, Hammer Museum (2017, Fajardo-Hill/Giunta); itinerancia Brooklyn Museum y Pinacoteca de São Paulo (2018)"
4805,Mónica Mayer,Premio Julius Baer,,2022,"Premio Julius Baer a las artistas latinoamericanas, finalista de la II edición (2022)"
4805,Mónica Mayer,Radical Women,,2017,"Radical Women: Latin American Art 1960-1985, Hammer Museum (2017, Fajardo-Hill/Giunta); itinerancia Brooklyn Museum y Pinacoteca de São Paulo (2018)"
4806,Frieda Medín,Radical Women,,2017,"Radical Women: Latin American Art 1960-1985, Hammer Museum (2017, Fajardo-Hill/Giunta); itinerancia Brooklyn Museum y Pinacoteca de São Paulo (2018)"
4807,Magali Meneses,Radical Women,,2017,"Radical Women: Latin American Art 1960-1985, Hammer Museum (2017, Fajardo-Hill/Giunta); itinerancia Brooklyn Museum y Pinacoteca de São Paulo (2018)"
4808,Sarah Minter,Radical Women,,2017,"Radical Women: Latin American Art 1960-1985, Hammer Museum (2017, Fajardo-Hill/Giunta); itinerancia Brooklyn Museum y Pinacoteca de São Paulo (2018)"
4809,Sara Modiano,Radical Women,,2017,"Radical Women: Latin American Art 1960-1985, Hammer Museum (2017, Fajardo-Hill/Giunta); itinerancia Brooklyn Museum y Pinacoteca de São Paulo (2018)"
4810,Margarita Morselli,Radical Women,,2017,"Radical Women: Latin American Art 1960-1985, Hammer Museum (2017, Fajardo-Hill/Giunta); itinerancia Brooklyn Museum y Pinacoteca de São Paulo (2018)"
4811,Ana Vitória Mussi,Radical Women,,2017,"Radical Women: Latin American Art 1960-1985, Hammer Museum (2017, Fajardo-Hill/Giunta); itinerancia Brooklyn Museum y Pinacoteca de São Paulo (2018)"
4812,Rosa Navarro,Radical Women,,2017,"Radical Women: Latin American Art 1960-1985, Hammer Museum (2017, Fajardo-Hill/Giunta); itinerancia Brooklyn Museum y Pinacoteca de São Paulo (2018)"
4813,Marie Orensanz,Radical Women,,2017,"Radical Women: Latin American Art 1960-1985, Hammer Museum (2017, Fajardo-Hill/Giunta); itinerancia Brooklyn Museum y Pinacoteca de São Paulo (2018)"
4814,Margarita Paksa,Radical Women,,2017,"Radical Women: Latin American Art 1960-1985, Hammer Museum (2017, Fajardo-Hill/Giunta); itinerancia Brooklyn Museum y Pinacoteca de São Paulo (2018)"
4815,Sylvia Palacios Whitman,Radical Women,,2017,"Radical Women: Latin American Art 1960-1985, Hammer Museum (2017, Fajardo-Hill/Giunta); itinerancia Brooklyn Museum y Pinacoteca de São Paulo (2018)"
4816,Letícia Parente,Radical Women,,2017,"Radical Women: Latin American Art 1960-1985, Hammer Museum (2017, Fajardo-Hill/Giunta); itinerancia Brooklyn Museum y Pinacoteca de São Paulo (2018)"
4817,Catalina Parra,Radical Women,,2017,"Radical Women: Latin American Art 1960-1985, Hammer Museum (2017, Fajardo-Hill/Giunta); itinerancia Brooklyn Museum y Pinacoteca de São Paulo (2018)"
4818,Polvo de Gallina Negra,Radical Women,,2017,"Radical Women: Latin American Art 1960-1985, Hammer Museum (2017, Fajardo-Hill/Giunta); itinerancia Brooklyn Museum y Pinacoteca de São Paulo (2018)"
4819,Dalila Puzzovio,Radical Women,,2017,"Radical Women: Latin American Art 1960-1985, Hammer Museum (2017, Fajardo-Hill/Giunta); itinerancia Brooklyn Museum y Pinacoteca de São Paulo (2018)"
4820,Patricia Restrepo,Radical Women,,2017,"Radical Women: Latin American Art 1960-1985, Hammer Museum (2017, Fajardo-Hill/Giunta); itinerancia Brooklyn Museum y Pinacoteca de São Paulo (2018)"
4821,Carla Rippey,Radical Women,,2017,"Radical Women: Latin American Art 1960-1985, Hammer Museum (2017, Fajardo-Hill/Giunta); itinerancia Brooklyn Museum y Pinacoteca de São Paulo (2018)"
4822,Sophie Rivera,Radical Women,,2017,"Radical Women: Latin American Art 1960-1985, Hammer Museum (2017, Fajardo-Hill/Giunta); itinerancia Brooklyn Museum y Pinacoteca de São Paulo (2018)"
4823,Jesusa Rodríguez,Radical Women,,2017,"Radical Women: Latin American Art 1960-1985, Hammer Museum (2017, Fajardo-Hill/Giunta); itinerancia Brooklyn Museum y Pinacoteca de São Paulo (2018)"
4824,Margot Römer,Radical Women,,2017,"Radical Women: Latin American Art 1960-1985, Hammer Museum (2017, Fajardo-Hill/Giunta); itinerancia Brooklyn Museum y Pinacoteca de São Paulo (2018)"
4825,Neide Sá,Radical Women,,2017,"Radical Women: Latin American Art 1960-1985, Hammer Museum (2017, Fajardo-Hill/Giunta); itinerancia Brooklyn Museum y Pinacoteca de São Paulo (2018)"
4826,Sylvia Salazar Simpson,Radical Women,,2017,"Radical Women: Latin American Art 1960-1985, Hammer Museum (2017, Fajardo-Hill/Giunta); itinerancia Brooklyn Museum y Pinacoteca de São Paulo (2018)"
4827,Victoria Santa Cruz,Radical Women,,2017,"Radical Women: Latin American Art 1960-1985, Hammer Museum (2017, Fajardo-Hill/Giunta); itinerancia Brooklyn Museum y Pinacoteca de São Paulo (2018)"
4828,Marcia Schvartz,Radical Women,,2017,"Radical Women: Latin American Art 1960-1985, Hammer Museum (2017, Fajardo-Hill/Giunta); itinerancia Brooklyn Museum y Pinacoteca de São Paulo (2018)"
4829,Maria do Carmo Secco,Radical Women,,2017,"Radical Women: Latin American Art 1960-1985, Hammer Museum (2017, Fajardo-Hill/Giunta); itinerancia Brooklyn Museum y Pinacoteca de São Paulo (2018)"
4830,Teresinha Soares,Radical Women,,2017,"Radical Women: Latin American Art 1960-1985, Hammer Museum (2017, Fajardo-Hill/Giunta); itinerancia Brooklyn Museum y Pinacoteca de São Paulo (2018)"
4831,Tecla Tofano,Radical Women,,2017,"Radical Women: Latin American Art 1960-1985, Hammer Museum (2017, Fajardo-Hill/Giunta); itinerancia Brooklyn Museum y Pinacoteca de São Paulo (2018)"
4832,Janet Toro,Radical Women,,2017,"Radical Women: Latin American Art 1960-1985, Hammer Museum (2017, Fajardo-Hill/Giunta); itinerancia Brooklyn Museum y Pinacoteca de São Paulo (2018)"
4833,Celeida Tostes,Radical Women,,2017,"Radical Women: Latin American Art 1960-1985, Hammer Museum (2017, Fajardo-Hill/Giunta); itinerancia Brooklyn Museum y Pinacoteca de São Paulo (2018)"
4834,Teresa Trujillo,Radical Women,,2017,"Radical Women: Latin American Art 1960-1985, Hammer Museum (2017, Fajardo-Hill/Giunta); itinerancia Brooklyn Museum y Pinacoteca de São Paulo (2018)"
4835,Patssi Valdez,Radical Women,,2017,"Radical Women: Latin American Art 1960-1985, Hammer Museum (2017, Fajardo-Hill/Giunta); itinerancia Brooklyn Museum y Pinacoteca de São Paulo (2018)"
4836,Eugenia Vargas Pereira,Radical Women,,2017,"Radical Women: Latin American Art 1960-1985, Hammer Museum (2017, Fajardo-Hill/Giunta); itinerancia Brooklyn Museum y Pinacoteca de São Paulo (2018)"
4837,Regina Vater,Radical Women,,2017,"Radical Women: Latin American Art 1960-1985, Hammer Museum (2017, Fajardo-Hill/Giunta); itinerancia Brooklyn Museum y Pinacoteca de São Paulo (2018)"
4838,Ani Villanueva,Radical Women,,2017,"Radical Women: Latin American Art 1960-1985, Hammer Museum (2017, Fajardo-Hill/Giunta); itinerancia Brooklyn Museum y Pinacoteca de São Paulo (2018)"
4839,Pola Weiss,Radical Women,,2017,"Radical Women: Latin American Art 1960-1985, Hammer Museum (2017, Fajardo-Hill/Giunta); itinerancia Brooklyn Museum y Pinacoteca de São Paulo (2018)"
4840,Nirma Zárate,Radical Women,,2017,"Radical Women: Latin American Art 1960-1985, Hammer Museum (2017, Fajardo-Hill/Giunta); itinerancia Brooklyn Museum y Pinacoteca de São Paulo (2018)"
4841,Oladélé Bamgboyé,The Short Century,,2001,"The Short Century: Independence and Liberation Movements in Africa 1945-1994, Villa Stuck, Múnich (2001, Okwui Enwezor); itinerancia Berlín/Chicago/PS1-MoMA (2001-2002)"
4842,Georgina Beier,The Short Century,,2001,"The Short Century: Independence and Liberation Movements in Africa 1945-1994, Villa Stuck, Múnich (2001, Okwui Enwezor); itinerancia Berlín/Chicago/PS1-MoMA (2001-2002)"
4843,Skunder Boghossian,The Short Century,,2001,"The Short Century: Independence and Liberation Movements in Africa 1945-1994, Villa Stuck, Múnich (2001, Okwui Enwezor); itinerancia Berlín/Chicago/PS1-MoMA (2001-2002)"
4844,Ahmed Cherkaoui,The Short Century,,2001,"The Short Century: Independence and Liberation Movements in Africa 1945-1994, Villa Stuck, Múnich (2001, Okwui Enwezor); itinerancia Berlín/Chicago/PS1-MoMA (2001-2002)"
4845,Gebre Kristos Desta,The Short Century,,2001,"The Short Century: Independence and Liberation Movements in Africa 1945-1994, Villa Stuck, Múnich (2001, Okwui Enwezor); itinerancia Berlín/Chicago/PS1-MoMA (2001-2002)"
4846,Uzo Egonu,The Short Century,,2001,"The Short Century: Independence and Liberation Movements in Africa 1945-1994, Villa Stuck, Múnich (2001, Okwui Enwezor); itinerancia Berlín/Chicago/PS1-MoMA (2001-2002)"
4847,Erhabor Ogieva Emokpae,The Short Century,,2001,"The Short Century: Independence and Liberation Movements in Africa 1945-1994, Villa Stuck, Múnich (2001, Okwui Enwezor); itinerancia Berlín/Chicago/PS1-MoMA (2001-2002)"
4848,Ben Enwonwu,The Short Century,,2001,"The Short Century: Independence and Liberation Movements in Africa 1945-1994, Villa Stuck, Múnich (2001, Okwui Enwezor); itinerancia Berlín/Chicago/PS1-MoMA (2001-2002)"
4849,Dumile Feni,The Short Century,,2001,"The Short Century: Independence and Liberation Movements in Africa 1945-1994, Villa Stuck, Múnich (2001, Okwui Enwezor); itinerancia Berlín/Chicago/PS1-MoMA (2001-2002)"
4850,Kamala Ishaq,The Short Century,,2001,"The Short Century: Independence and Liberation Movements in Africa 1945-1994, Villa Stuck, Múnich (2001, Okwui Enwezor); itinerancia Berlín/Chicago/PS1-MoMA (2001-2002)"
4851,Gavin Jantjes,The Short Century,,2001,"The Short Century: Independence and Liberation Movements in Africa 1945-1994, Villa Stuck, Múnich (2001, Okwui Enwezor); itinerancia Berlín/Chicago/PS1-MoMA (2001-2002)"
4852,Kaswende,The Short Century,,2001,"The Short Century: Independence and Liberation Movements in Africa 1945-1994, Villa Stuck, Múnich (2001, Okwui Enwezor); itinerancia Berlín/Chicago/PS1-MoMA (2001-2002)"
4853,Seydou Keïta,The Short Century,,2001,"The Short Century: Independence and Liberation Movements in Africa 1945-1994, Villa Stuck, Múnich (2001, Okwui Enwezor); itinerancia Berlín/Chicago/PS1-MoMA (2001-2002)"
4854,Vincent Kofi,The Short Century,,2001,"The Short Century: Independence and Liberation Movements in Africa 1945-1994, Villa Stuck, Múnich (2001, Okwui Enwezor); itinerancia Berlín/Chicago/PS1-MoMA (2001-2002)"
4855,Sydney Kumalo,The Short Century,,2001,"The Short Century: Independence and Liberation Movements in Africa 1945-1994, Villa Stuck, Múnich (2001, Okwui Enwezor); itinerancia Berlín/Chicago/PS1-MoMA (2001-2002)"
4856,Christian Lattier,The Short Century,,2001,"The Short Century: Independence and Liberation Movements in Africa 1945-1994, Villa Stuck, Múnich (2001, Okwui Enwezor); itinerancia Berlín/Chicago/PS1-MoMA (2001-2002)"
4857,Ernest Mancoba,The Short Century,,2001,"The Short Century: Independence and Liberation Movements in Africa 1945-1994, Villa Stuck, Múnich (2001, Okwui Enwezor); itinerancia Berlín/Chicago/PS1-MoMA (2001-2002)"
4858,John Muafangejo,The Short Century,,2001,"The Short Century: Independence and Liberation Movements in Africa 1945-1994, Villa Stuck, Múnich (2001, Okwui Enwezor); itinerancia Berlín/Chicago/PS1-MoMA (2001-2002)"
4859,Malangatana Ngwenya,The Short Century,,2001,"The Short Century: Independence and Liberation Movements in Africa 1945-1994, Villa Stuck, Múnich (2001, Okwui Enwezor); itinerancia Berlín/Chicago/PS1-MoMA (2001-2002)"
4860,Thomas Mukarobgwa,The Short Century,,2001,"The Short Century: Independence and Liberation Movements in Africa 1945-1994, Villa Stuck, Múnich (2001, Okwui Enwezor); itinerancia Berlín/Chicago/PS1-MoMA (2001-2002)"
4861,Iba Ndiaye,The Short Century,,2001,"The Short Century: Independence and Liberation Movements in Africa 1945-1994, Villa Stuck, Múnich (2001, Okwui Enwezor); itinerancia Berlín/Chicago/PS1-MoMA (2001-2002)"
4862,Amir Nour,The Short Century,,2001,"The Short Century: Independence and Liberation Movements in Africa 1945-1994, Villa Stuck, Múnich (2001, Okwui Enwezor); itinerancia Berlín/Chicago/PS1-MoMA (2001-2002)"
4863,Uche Okeke,The Short Century,,2001,"The Short Century: Independence and Liberation Movements in Africa 1945-1994, Villa Stuck, Múnich (2001, Okwui Enwezor); itinerancia Berlín/Chicago/PS1-MoMA (2001-2002)"
4864,Ben Osawe,The Short Century,,2001,"The Short Century: Independence and Liberation Movements in Africa 1945-1994, Villa Stuck, Múnich (2001, Okwui Enwezor); itinerancia Berlín/Chicago/PS1-MoMA (2001-2002)"
4865,Gerard Sekoto,The Short Century,,2001,"The Short Century: Independence and Liberation Movements in Africa 1945-1994, Villa Stuck, Múnich (2001, Okwui Enwezor); itinerancia Berlín/Chicago/PS1-MoMA (2001-2002)"
4866,Malick Sidibé,The Short Century,,2001,"The Short Century: Independence and Liberation Movements in Africa 1945-1994, Villa Stuck, Múnich (2001, Okwui Enwezor); itinerancia Berlín/Chicago/PS1-MoMA (2001-2002)"
4867,Gazbia Sirry,The Short Century,,2001,"The Short Century: Independence and Liberation Movements in Africa 1945-1994, Villa Stuck, Múnich (2001, Okwui Enwezor); itinerancia Berlín/Chicago/PS1-MoMA (2001-2002)"
4868,Lucas Sithole,The Short Century,,2001,"The Short Century: Independence and Liberation Movements in Africa 1945-1994, Villa Stuck, Múnich (2001, Okwui Enwezor); itinerancia Berlín/Chicago/PS1-MoMA (2001-2002)"
4869,Cecil Skotnes,The Short Century,,2001,"The Short Century: Independence and Liberation Movements in Africa 1945-1994, Villa Stuck, Múnich (2001, Okwui Enwezor); itinerancia Berlín/Chicago/PS1-MoMA (2001-2002)"
4870,Tshibumba Kanda-Matulu,The Short Century,,2001,"The Short Century: Independence and Liberation Movements in Africa 1945-1994, Villa Stuck, Múnich (2001, Okwui Enwezor); itinerancia Berlín/Chicago/PS1-MoMA (2001-2002)"
4871,Susanne Wenger,The Short Century,,2001,"The Short Century: Independence and Liberation Movements in Africa 1945-1994, Villa Stuck, Múnich (2001, Okwui Enwezor); itinerancia Berlín/Chicago/PS1-MoMA (2001-2002)"
4872,Laboratoire Agit-Art,Global Conceptualism,,1999,"Global Conceptualism: Points of Origin 1950s-1980s, Queens Museum, Nueva York (1999, Farver/Camnitzer/Weiss y equipo de once curadores); itinerancia Walker/Miami/MIT List"
4873,Malcolm Payne,Global Conceptualism,,1999,"Global Conceptualism: Points of Origin 1950s-1980s, Queens Museum, Nueva York (1999, Farver/Camnitzer/Weiss y equipo de once curadores); itinerancia Walker/Miami/MIT List"
4874,Art & Language,Global Conceptualism,,1999,"Global Conceptualism: Points of Origin 1950s-1980s, Queens Museum, Nueva York (1999, Farver/Camnitzer/Weiss y equipo de once curadores); itinerancia Walker/Miami/MIT List"
4874,Art & Language,Turner Prize,,1986,Turner Prize (nominación 1986)
4875,Billy Apple,Global Conceptualism,,1999,"Global Conceptualism: Points of Origin 1950s-1980s, Queens Museum, Nueva York (1999, Farver/Camnitzer/Weiss y equipo de once curadores); itinerancia Walker/Miami/MIT List"
4876,Philip Dadson,Global Conceptualism,,1999,"Global Conceptualism: Points of Origin 1950s-1980s, Queens Museum, Nueva York (1999, Farver/Camnitzer/Weiss y equipo de once curadores); itinerancia Walker/Miami/MIT List"
4877,Peter Kennedy,Global Conceptualism,,1999,"Global Conceptualism: Points of Origin 1950s-1980s, Queens Museum, Nueva York (1999, Farver/Camnitzer/Weiss y equipo de once curadores); itinerancia Walker/Miami/MIT List"
4878,Chang Chaotang,Global Conceptualism,,1999,"Global Conceptualism: Points of Origin 1950s-1980s, Queens Museum, Nueva York (1999, Farver/Camnitzer/Weiss y equipo de once curadores); itinerancia Walker/Miami/MIT List"
4879,Danny Ning Tsun Yung,Global Conceptualism,,1999,"Global Conceptualism: Points of Origin 1950s-1980s, Queens Museum, Nueva York (1999, Farver/Camnitzer/Weiss y equipo de once curadores); itinerancia Walker/Miami/MIT List"
4880,Geng Jianyi,Cities on the Move,,1997,"Cities on the Move, Secession, Viena (1997, Hou Hanru y Hans Ulrich Obrist); itinerancia Burdeos, PS1, Louisiana, Hayward, Kiasma y Bangkok (1997-1999)"
4880,Geng Jianyi,Global Conceptualism,,1999,"Global Conceptualism: Points of Origin 1950s-1980s, Queens Museum, Nueva York (1999, Farver/Camnitzer/Weiss y equipo de once curadores); itinerancia Walker/Miami/MIT List"
4881,Huang Huacheng,Global Conceptualism,,1999,"Global Conceptualism: Points of Origin 1950s-1980s, Queens Museum, Nueva York (1999, Farver/Camnitzer/Weiss y equipo de once curadores); itinerancia Walker/Miami/MIT List"
4882,Song Yongping,Global Conceptualism,,1999,"Global Conceptualism: Points of Origin 1950s-1980s, Queens Museum, Nueva York (1999, Farver/Camnitzer/Weiss y equipo de once curadores); itinerancia Walker/Miami/MIT List"
4883,Wei Guangqing,Global Conceptualism,,1999,"Global Conceptualism: Points of Origin 1950s-1980s, Queens Museum, Nueva York (1999, Farver/Camnitzer/Weiss y equipo de once curadores); itinerancia Walker/Miami/MIT List"
4884,Gu Wenda,Global Conceptualism,,1999,"Global Conceptualism: Points of Origin 1950s-1980s, Queens Museum, Nueva York (1999, Farver/Camnitzer/Weiss y equipo de once curadores); itinerancia Walker/Miami/MIT List"
4885,Wu Shan Zhuan,Global Conceptualism,,1999,"Global Conceptualism: Points of Origin 1950s-1980s, Queens Museum, Nueva York (1999, Farver/Camnitzer/Weiss y equipo de once curadores); itinerancia Walker/Miami/MIT List"
4886,Xiao Lu,Global Conceptualism,,1999,"Global Conceptualism: Points of Origin 1950s-1980s, Queens Museum, Nueva York (1999, Farver/Camnitzer/Weiss y equipo de once curadores); itinerancia Walker/Miami/MIT List"
4887,Tang Song,Global Conceptualism,,1999,"Global Conceptualism: Points of Origin 1950s-1980s, Queens Museum, Nueva York (1999, Farver/Camnitzer/Weiss y equipo de once curadores); itinerancia Walker/Miami/MIT List"
4888,Zhang Peili,Global Conceptualism,,1999,"Global Conceptualism: Points of Origin 1950s-1980s, Queens Museum, Nueva York (1999, Farver/Camnitzer/Weiss y equipo de once curadores); itinerancia Walker/Miami/MIT List"
4889,Peter Bartoš,Global Conceptualism,,1999,"Global Conceptualism: Points of Origin 1950s-1980s, Queens Museum, Nueva York (1999, Farver/Camnitzer/Weiss y equipo de once curadores); itinerancia Walker/Miami/MIT List"
4890,Miklós Erdély,Global Conceptualism,,1999,"Global Conceptualism: Points of Origin 1950s-1980s, Queens Museum, Nueva York (1999, Farver/Camnitzer/Weiss y equipo de once curadores); itinerancia Walker/Miami/MIT List"
4891,Stano Filko,Global Conceptualism,,1999,"Global Conceptualism: Points of Origin 1950s-1980s, Queens Museum, Nueva York (1999, Farver/Camnitzer/Weiss y equipo de once curadores); itinerancia Walker/Miami/MIT List"
4892,Alex Mlynárčik,Global Conceptualism,,1999,"Global Conceptualism: Points of Origin 1950s-1980s, Queens Museum, Nueva York (1999, Farver/Camnitzer/Weiss y equipo de once curadores); itinerancia Walker/Miami/MIT List"
4893,Zita Kostrová,Global Conceptualism,,1999,"Global Conceptualism: Points of Origin 1950s-1980s, Queens Museum, Nueva York (1999, Farver/Camnitzer/Weiss y equipo de once curadores); itinerancia Walker/Miami/MIT List"
4894,Gorgona Group,Global Conceptualism,,1999,"Global Conceptualism: Points of Origin 1950s-1980s, Queens Museum, Nueva York (1999, Farver/Camnitzer/Weiss y equipo de once curadores); itinerancia Walker/Miami/MIT List"
4895,Tibor Hajas,Global Conceptualism,,1999,"Global Conceptualism: Points of Origin 1950s-1980s, Queens Museum, Nueva York (1999, Farver/Camnitzer/Weiss y equipo de once curadores); itinerancia Walker/Miami/MIT List"
4896,Jozef Jankovič,Global Conceptualism,,1999,"Global Conceptualism: Points of Origin 1950s-1980s, Queens Museum, Nueva York (1999, Farver/Camnitzer/Weiss y equipo de once curadores); itinerancia Walker/Miami/MIT List"
4897,Tadeusz Kantor,Global Conceptualism,,1999,"Global Conceptualism: Points of Origin 1950s-1980s, Queens Museum, Nueva York (1999, Farver/Camnitzer/Weiss y equipo de once curadores); itinerancia Walker/Miami/MIT List"
4898,Július Koller,Bienal de Gwangju,16,2026,"16ª Bienal de Gwangju «You Must Change Your Life» (2026, Ho Tzu Nyen)"
4898,Július Koller,Global Conceptualism,,1999,"Global Conceptualism: Points of Origin 1950s-1980s, Queens Museum, Nueva York (1999, Farver/Camnitzer/Weiss y equipo de once curadores); itinerancia Walker/Miami/MIT List"
4899,Ana Lupas,Global Conceptualism,,1999,"Global Conceptualism: Points of Origin 1950s-1980s, Queens Museum, Nueva York (1999, Farver/Camnitzer/Weiss y equipo de once curadores); itinerancia Walker/Miami/MIT List"
4900,János Major,Global Conceptualism,,1999,"Global Conceptualism: Points of Origin 1950s-1980s, Queens Museum, Nueva York (1999, Farver/Camnitzer/Weiss y equipo de once curadores); itinerancia Walker/Miami/MIT List"
4901,Juraj Meliš,Global Conceptualism,,1999,"Global Conceptualism: Points of Origin 1950s-1980s, Queens Museum, Nueva York (1999, Farver/Camnitzer/Weiss y equipo de once curadores); itinerancia Walker/Miami/MIT List"
4902,Paul Neagu,Global Conceptualism,,1999,"Global Conceptualism: Points of Origin 1950s-1980s, Queens Museum, Nueva York (1999, Farver/Camnitzer/Weiss y equipo de once curadores); itinerancia Walker/Miami/MIT List"
4903,Gyula Pauer,Global Conceptualism,,1999,"Global Conceptualism: Points of Origin 1950s-1980s, Queens Museum, Nueva York (1999, Farver/Camnitzer/Weiss y equipo de once curadores); itinerancia Walker/Miami/MIT List"
4904,OHO Group,Global Conceptualism,,1999,"Global Conceptualism: Points of Origin 1950s-1980s, Queens Museum, Nueva York (1999, Farver/Camnitzer/Weiss y equipo de once curadores); itinerancia Walker/Miami/MIT List"
4905,Robert Rehfeldt,Global Conceptualism,,1999,"Global Conceptualism: Points of Origin 1950s-1980s, Queens Museum, Nueva York (1999, Farver/Camnitzer/Weiss y equipo de once curadores); itinerancia Walker/Miami/MIT List"
4906,Józef Robakowski,Global Conceptualism,,1999,"Global Conceptualism: Points of Origin 1950s-1980s, Queens Museum, Nueva York (1999, Farver/Camnitzer/Weiss y equipo de once curadores); itinerancia Walker/Miami/MIT List"
4907,Petr Štembera,Global Conceptualism,,1999,"Global Conceptualism: Points of Origin 1950s-1980s, Queens Museum, Nueva York (1999, Farver/Camnitzer/Weiss y equipo de once curadores); itinerancia Walker/Miami/MIT List"
4908,Goran Trbuljak,Global Conceptualism,,1999,"Global Conceptualism: Points of Origin 1950s-1980s, Queens Museum, Nueva York (1999, Farver/Camnitzer/Weiss y equipo de once curadores); itinerancia Walker/Miami/MIT List"
4909,Akasegawa Genpei,Global Conceptualism,,1999,"Global Conceptualism: Points of Origin 1950s-1980s, Queens Museum, Nueva York (1999, Farver/Camnitzer/Weiss y equipo de once curadores); itinerancia Walker/Miami/MIT List"
4910,Bikyoto,Global Conceptualism,,1999,"Global Conceptualism: Points of Origin 1950s-1980s, Queens Museum, Nueva York (1999, Farver/Camnitzer/Weiss y equipo de once curadores); itinerancia Walker/Miami/MIT List"
4911,Hikosaka Naoyoshi,Global Conceptualism,,1999,"Global Conceptualism: Points of Origin 1950s-1980s, Queens Museum, Nueva York (1999, Farver/Camnitzer/Weiss y equipo de once curadores); itinerancia Walker/Miami/MIT List"
4912,Hori Kosai,Global Conceptualism,,1999,"Global Conceptualism: Points of Origin 1950s-1980s, Queens Museum, Nueva York (1999, Farver/Camnitzer/Weiss y equipo de once curadores); itinerancia Walker/Miami/MIT List"
4913,Kashihara Etsutomu,Global Conceptualism,,1999,"Global Conceptualism: Points of Origin 1950s-1980s, Queens Museum, Nueva York (1999, Farver/Camnitzer/Weiss y equipo de once curadores); itinerancia Walker/Miami/MIT List"
4914,Matsuzawa Yutaka,Global Conceptualism,,1999,"Global Conceptualism: Points of Origin 1950s-1980s, Queens Museum, Nueva York (1999, Farver/Camnitzer/Weiss y equipo de once curadores); itinerancia Walker/Miami/MIT List"
4915,Nomura Hitoshi,Global Conceptualism,,1999,"Global Conceptualism: Points of Origin 1950s-1980s, Queens Museum, Nueva York (1999, Farver/Camnitzer/Weiss y equipo de once curadores); itinerancia Walker/Miami/MIT List"
4916,Hi Red Center,Global Conceptualism,,1999,"Global Conceptualism: Points of Origin 1950s-1980s, Queens Museum, Nueva York (1999, Farver/Camnitzer/Weiss y equipo de once curadores); itinerancia Walker/Miami/MIT List"
4917,Yasunao Tone,Global Conceptualism,,1999,"Global Conceptualism: Points of Origin 1950s-1980s, Queens Museum, Nueva York (1999, Farver/Camnitzer/Weiss y equipo de once curadores); itinerancia Walker/Miami/MIT List"
4918,Akatsuka Yukio,Global Conceptualism,,1999,"Global Conceptualism: Points of Origin 1950s-1980s, Queens Museum, Nueva York (1999, Farver/Camnitzer/Weiss y equipo de once curadores); itinerancia Walker/Miami/MIT List"
4919,Choi Byung-soo,Global Conceptualism,,1999,"Global Conceptualism: Points of Origin 1950s-1980s, Queens Museum, Nueva York (1999, Farver/Camnitzer/Weiss y equipo de once curadores); itinerancia Walker/Miami/MIT List"
4920,Kim Dong-won,Global Conceptualism,,1999,"Global Conceptualism: Points of Origin 1950s-1980s, Queens Museum, Nueva York (1999, Farver/Camnitzer/Weiss y equipo de once curadores); itinerancia Walker/Miami/MIT List"
4921,Kim Yong-min,Global Conceptualism,,1999,"Global Conceptualism: Points of Origin 1950s-1980s, Queens Museum, Nueva York (1999, Farver/Camnitzer/Weiss y equipo de once curadores); itinerancia Walker/Miami/MIT List"
4922,Kim Yong-tae,Global Conceptualism,,1999,"Global Conceptualism: Points of Origin 1950s-1980s, Queens Museum, Nueva York (1999, Farver/Camnitzer/Weiss y equipo de once curadores); itinerancia Walker/Miami/MIT List"
4923,Kim Bong-joon,Global Conceptualism,,1999,"Global Conceptualism: Points of Origin 1950s-1980s, Queens Museum, Nueva York (1999, Farver/Camnitzer/Weiss y equipo de once curadores); itinerancia Walker/Miami/MIT List"
4924,Labor Newsreel,Global Conceptualism,,1999,"Global Conceptualism: Points of Origin 1950s-1980s, Queens Museum, Nueva York (1999, Farver/Camnitzer/Weiss y equipo de once curadores); itinerancia Walker/Miami/MIT List"
4925,Park Bul-dong,Global Conceptualism,,1999,"Global Conceptualism: Points of Origin 1950s-1980s, Queens Museum, Nueva York (1999, Farver/Camnitzer/Weiss y equipo de once curadores); itinerancia Walker/Miami/MIT List"
4926,Sung Neung-kyung,Global Conceptualism,,1999,"Global Conceptualism: Points of Origin 1950s-1980s, Queens Museum, Nueva York (1999, Farver/Camnitzer/Weiss y equipo de once curadores); itinerancia Walker/Miami/MIT List"
4927,Tucumán Arde,Global Conceptualism,,1999,"Global Conceptualism: Points of Origin 1950s-1980s, Queens Museum, Nueva York (1999, Farver/Camnitzer/Weiss y equipo de once curadores); itinerancia Walker/Miami/MIT List"
4928,Ricardo Carreira,Global Conceptualism,,1999,"Global Conceptualism: Points of Origin 1950s-1980s, Queens Museum, Nueva York (1999, Farver/Camnitzer/Weiss y equipo de once curadores); itinerancia Walker/Miami/MIT List"
4929,Alberto Greco,Global Conceptualism,,1999,"Global Conceptualism: Points of Origin 1950s-1980s, Queens Museum, Nueva York (1999, Farver/Camnitzer/Weiss y equipo de once curadores); itinerancia Walker/Miami/MIT List"
4930,Raúl Escari,Global Conceptualism,,1999,"Global Conceptualism: Points of Origin 1950s-1980s, Queens Museum, Nueva York (1999, Farver/Camnitzer/Weiss y equipo de once curadores); itinerancia Walker/Miami/MIT List"
4931,Shusaku Arakawa,Global Conceptualism,,1999,"Global Conceptualism: Points of Origin 1950s-1980s, Queens Museum, Nueva York (1999, Farver/Camnitzer/Weiss y equipo de once curadores); itinerancia Walker/Miami/MIT List"
4932,Madeline Gins,Global Conceptualism,,1999,"Global Conceptualism: Points of Origin 1950s-1980s, Queens Museum, Nueva York (1999, Farver/Camnitzer/Weiss y equipo de once curadores); itinerancia Walker/Miami/MIT List"
4933,Theresa Hak Kyung Cha,Global Conceptualism,,1999,"Global Conceptualism: Points of Origin 1950s-1980s, Queens Museum, Nueva York (1999, Farver/Camnitzer/Weiss y equipo de once curadores); itinerancia Walker/Miami/MIT List"
4934,Carol Condé & Karl Beveridge,Global Conceptualism,,1999,"Global Conceptualism: Points of Origin 1950s-1980s, Queens Museum, Nueva York (1999, Farver/Camnitzer/Weiss y equipo de once curadores); itinerancia Walker/Miami/MIT List"
4935,Hollis Frampton,Global Conceptualism,,1999,"Global Conceptualism: Points of Origin 1950s-1980s, Queens Museum, Nueva York (1999, Farver/Camnitzer/Weiss y equipo de once curadores); itinerancia Walker/Miami/MIT List"
4936,Harry Gamboa Jr.,Global Conceptualism,,1999,"Global Conceptualism: Points of Origin 1950s-1980s, Queens Museum, Nueva York (1999, Farver/Camnitzer/Weiss y equipo de once curadores); itinerancia Walker/Miami/MIT List"
4937,Robert Huot,Global Conceptualism,,1999,"Global Conceptualism: Points of Origin 1950s-1980s, Queens Museum, Nueva York (1999, Farver/Camnitzer/Weiss y equipo de once curadores); itinerancia Walker/Miami/MIT List"
4938,Christine Kozlov,Global Conceptualism,,1999,"Global Conceptualism: Points of Origin 1950s-1980s, Queens Museum, Nueva York (1999, Farver/Camnitzer/Weiss y equipo de once curadores); itinerancia Walker/Miami/MIT List"
4938,Christine Kozlov,Information (MoMA 1970),,1970,"Information, The Museum of Modern Art, Nueva York (1970, Kynaston McShine)"
4939,Lucy Lippard,Global Conceptualism,,1999,"Global Conceptualism: Points of Origin 1950s-1980s, Queens Museum, Nueva York (1999, Farver/Camnitzer/Weiss y equipo de once curadores); itinerancia Walker/Miami/MIT List"
4940,Lee Lozano,Global Conceptualism,,1999,"Global Conceptualism: Points of Origin 1950s-1980s, Queens Museum, Nueva York (1999, Farver/Camnitzer/Weiss y equipo de once curadores); itinerancia Walker/Miami/MIT List"
4941,Vincent Trasov,Global Conceptualism,,1999,"Global Conceptualism: Points of Origin 1950s-1980s, Queens Museum, Nueva York (1999, Farver/Camnitzer/Weiss y equipo de once curadores); itinerancia Walker/Miami/MIT List"
4942,Seth Siegelaub & John W. Wendler,Global Conceptualism,,1999,"Global Conceptualism: Points of Origin 1950s-1980s, Queens Museum, Nueva York (1999, Farver/Camnitzer/Weiss y equipo de once curadores); itinerancia Walker/Miami/MIT List"
4943,Joyce Wieland,Global Conceptualism,,1999,"Global Conceptualism: Points of Origin 1950s-1980s, Queens Museum, Nueva York (1999, Farver/Camnitzer/Weiss y equipo de once curadores); itinerancia Walker/Miami/MIT List"
4944,Komar & Melamid,Global Conceptualism,,1999,"Global Conceptualism: Points of Origin 1950s-1980s, Queens Museum, Nueva York (1999, Farver/Camnitzer/Weiss y equipo de once curadores); itinerancia Walker/Miami/MIT List"
4945,Boris Mikhailov,Global Conceptualism,,1999,"Global Conceptualism: Points of Origin 1950s-1980s, Queens Museum, Nueva York (1999, Farver/Camnitzer/Weiss y equipo de once curadores); itinerancia Walker/Miami/MIT List"
4946,Andrei Monastyrsky,Global Conceptualism,,1999,"Global Conceptualism: Points of Origin 1950s-1980s, Queens Museum, Nueva York (1999, Farver/Camnitzer/Weiss y equipo de once curadores); itinerancia Walker/Miami/MIT List"
4947,Collective Actions Group,Global Conceptualism,,1999,"Global Conceptualism: Points of Origin 1950s-1980s, Queens Museum, Nueva York (1999, Farver/Camnitzer/Weiss y equipo de once curadores); itinerancia Walker/Miami/MIT List"
4948,Irina Nakhova,Global Conceptualism,,1999,"Global Conceptualism: Points of Origin 1950s-1980s, Queens Museum, Nueva York (1999, Farver/Camnitzer/Weiss y equipo de once curadores); itinerancia Walker/Miami/MIT List"
4949,Victor Burgin,Global Conceptualism,,1999,"Global Conceptualism: Points of Origin 1950s-1980s, Queens Museum, Nueva York (1999, Farver/Camnitzer/Weiss y equipo de once curadores); itinerancia Walker/Miami/MIT List"
4949,Victor Burgin,Information (MoMA 1970),,1970,"Information, The Museum of Modern Art, Nueva York (1970, Kynaston McShine)"
4949,Victor Burgin,Turner Prize,,1986,Turner Prize (nominación 1986)
4950,André Cadere,Global Conceptualism,,1999,"Global Conceptualism: Points of Origin 1950s-1980s, Queens Museum, Nueva York (1999, Farver/Camnitzer/Weiss y equipo de once curadores); itinerancia Walker/Miami/MIT List"
4951,Guy Debord,Global Conceptualism,,1999,"Global Conceptualism: Points of Origin 1950s-1980s, Queens Museum, Nueva York (1999, Farver/Camnitzer/Weiss y equipo de once curadores); itinerancia Walker/Miami/MIT List"
4952,Luciano Fabro,Global Conceptualism,,1999,"Global Conceptualism: Points of Origin 1950s-1980s, Queens Museum, Nueva York (1999, Farver/Camnitzer/Weiss y equipo de once curadores); itinerancia Walker/Miami/MIT List"
4953,Grup de Treball,Global Conceptualism,,1999,"Global Conceptualism: Points of Origin 1950s-1980s, Queens Museum, Nueva York (1999, Farver/Camnitzer/Weiss y equipo de once curadores); itinerancia Walker/Miami/MIT List"
4954,Piero Manzoni,Global Conceptualism,,1999,"Global Conceptualism: Points of Origin 1950s-1980s, Queens Museum, Nueva York (1999, Farver/Camnitzer/Weiss y equipo de once curadores); itinerancia Walker/Miami/MIT List"
4955,Roman Opałka,Global Conceptualism,,1999,"Global Conceptualism: Points of Origin 1950s-1980s, Queens Museum, Nueva York (1999, Farver/Camnitzer/Weiss y equipo de once curadores); itinerancia Walker/Miami/MIT List"
4956,Konrad Lueg,Global Conceptualism,,1999,"Global Conceptualism: Points of Origin 1950s-1980s, Queens Museum, Nueva York (1999, Farver/Camnitzer/Weiss y equipo de once curadores); itinerancia Walker/Miami/MIT List"
4957,Ida Biard,Global Conceptualism,,1999,"Global Conceptualism: Points of Origin 1950s-1980s, Queens Museum, Nueva York (1999, Farver/Camnitzer/Weiss y equipo de once curadores); itinerancia Walker/Miami/MIT List"
4958,David Ebony,Global Conceptualism,,1999,"Global Conceptualism: Points of Origin 1950s-1980s, Queens Museum, Nueva York (1999, Farver/Camnitzer/Weiss y equipo de once curadores); itinerancia Walker/Miami/MIT List"
4959,Gil Wolman,Global Conceptualism,,1999,"Global Conceptualism: Points of Origin 1950s-1980s, Queens Museum, Nueva York (1999, Farver/Camnitzer/Weiss y equipo de once curadores); itinerancia Walker/Miami/MIT List"
4960,Vito Acconci,Hugo Boss Prize,,2000,"Hugo Boss Prize, finalista (2000)"
4960,Vito Acconci,Information (MoMA 1970),,1970,"Information, The Museum of Modern Art, Nueva York (1970, Kynaston McShine)"
4961,Siah Armajani,Information (MoMA 1970),,1970,"Information, The Museum of Modern Art, Nueva York (1970, Kynaston McShine)"
4962,Keith Arnatt,Information (MoMA 1970),,1970,"Information, The Museum of Modern Art, Nueva York (1970, Kynaston McShine)"
4963,David Askevold,Information (MoMA 1970),,1970,"Information, The Museum of Modern Art, Nueva York (1970, Kynaston McShine)"
4964,David Bainbridge,Information (MoMA 1970),,1970,"Information, The Museum of Modern Art, Nueva York (1970, Kynaston McShine)"
4965,Michael Baldwin,Information (MoMA 1970),,1970,"Information, The Museum of Modern Art, Nueva York (1970, Kynaston McShine)"
4966,Barrio Campo Rico de Canóvanas,Information (MoMA 1970),,1970,"Information, The Museum of Modern Art, Nueva York (1970, Kynaston McShine)"
4967,Frederick Barthelme,Information (MoMA 1970),,1970,"Information, The Museum of Modern Art, Nueva York (1970, Kynaston McShine)"
4968,George Brecht,Information (MoMA 1970),,1970,"Information, The Museum of Modern Art, Nueva York (1970, Kynaston McShine)"
4969,Stig Brøgger,Information (MoMA 1970),,1970,"Information, The Museum of Modern Art, Nueva York (1970, Kynaston McShine)"
4970,Adolfo Bronowski,Information (MoMA 1970),,1970,"Information, The Museum of Modern Art, Nueva York (1970, Kynaston McShine)"
4971,Donald Burgy,Information (MoMA 1970),,1970,"Information, The Museum of Modern Art, Nueva York (1970, Kynaston McShine)"
4972,Jorge Luis Carballa,Information (MoMA 1970),,1970,"Information, The Museum of Modern Art, Nueva York (1970, Kynaston McShine)"
4973,Christopher Cook,Information (MoMA 1970),,1970,"Information, The Museum of Modern Art, Nueva York (1970, Kynaston McShine)"
4974,Roger Cutforth,Information (MoMA 1970),,1970,"Information, The Museum of Modern Art, Nueva York (1970, Kynaston McShine)"
4975,Carlos d'Alessio,Information (MoMA 1970),,1970,"Information, The Museum of Modern Art, Nueva York (1970, Kynaston McShine)"
4976,Carlos Espartaco,Information (MoMA 1970),,1970,"Information, The Museum of Modern Art, Nueva York (1970, Kynaston McShine)"
4977,Mercedes Esteves,Information (MoMA 1970),,1970,"Information, The Museum of Modern Art, Nueva York (1970, Kynaston McShine)"
4978,Gerald Ferguson,Information (MoMA 1970),,1970,"Information, The Museum of Modern Art, Nueva York (1970, Kynaston McShine)"
4979,Hamish Fulton,Information (MoMA 1970),,1970,"Information, The Museum of Modern Art, Nueva York (1970, Kynaston McShine)"
4980,Giorno Poetry Systems,Information (MoMA 1970),,1970,"Information, The Museum of Modern Art, Nueva York (1970, Kynaston McShine)"
4981,Ines Gros,Information (MoMA 1970),,1970,"Information, The Museum of Modern Art, Nueva York (1970, Kynaston McShine)"
4982,Randy Hardy,Information (MoMA 1970),,1970,"Information, The Museum of Modern Art, Nueva York (1970, Kynaston McShine)"
4983,Michael Heizer,Information (MoMA 1970),,1970,"Information, The Museum of Modern Art, Nueva York (1970, Kynaston McShine)"
4984,Hans Hollein,Information (MoMA 1970),,1970,"Information, The Museum of Modern Art, Nueva York (1970, Kynaston McShine)"
4985,Peter Hutchinson,Information (MoMA 1970),,1970,"Information, The Museum of Modern Art, Nueva York (1970, Kynaston McShine)"
4986,Richards Jarden,Information (MoMA 1970),,1970,"Information, The Museum of Modern Art, Nueva York (1970, Kynaston McShine)"
4987,John Latham,Information (MoMA 1970),,1970,"Information, The Museum of Modern Art, Nueva York (1970, Kynaston McShine)"
4988,Alejandro Puente,Information (MoMA 1970),,1970,"Information, The Museum of Modern Art, Nueva York (1970, Kynaston McShine)"
4989,Aaron Tan,Cities on the Move,,1997,"Cities on the Move, Secession, Viena (1997, Hou Hanru y Hans Ulrich Obrist); itinerancia Burdeos, PS1, Louisiana, Hayward, Kiasma y Bangkok (1997-1999)"
4990,Arata Isozaki,Cities on the Move,,1997,"Cities on the Move, Secession, Viena (1997, Hou Hanru y Hans Ulrich Obrist); itinerancia Burdeos, PS1, Louisiana, Hayward, Kiasma y Bangkok (1997-1999)"
4991,Chandraguptha Thenuwara,Cities on the Move,,1997,"Cities on the Move, Secession, Viena (1997, Hou Hanru y Hans Ulrich Obrist); itinerancia Burdeos, PS1, Louisiana, Hayward, Kiasma y Bangkok (1997-1999)"
4992,Charles Correa,Cities on the Move,,1997,"Cities on the Move, Secession, Viena (1997, Hou Hanru y Hans Ulrich Obrist); itinerancia Burdeos, PS1, Louisiana, Hayward, Kiasma y Bangkok (1997-1999)"
4993,Chen Shaoxiong,Cities on the Move,,1997,"Cities on the Move, Secession, Viena (1997, Hou Hanru y Hans Ulrich Obrist); itinerancia Burdeos, PS1, Louisiana, Hayward, Kiasma y Bangkok (1997-1999)"
4994,Chi Ti-nan,Cities on the Move,,1997,"Cities on the Move, Secession, Viena (1997, Hou Hanru y Hans Ulrich Obrist); itinerancia Burdeos, PS1, Louisiana, Hayward, Kiasma y Bangkok (1997-1999)"
4995,Chitti Kasemkitvatana,Cities on the Move,,1997,"Cities on the Move, Secession, Viena (1997, Hou Hanru y Hans Ulrich Obrist); itinerancia Burdeos, PS1, Louisiana, Hayward, Kiasma y Bangkok (1997-1999)"
4996,Choi Jeonghwa,Cities on the Move,,1997,"Cities on the Move, Secession, Viena (1997, Hou Hanru y Hans Ulrich Obrist); itinerancia Burdeos, PS1, Louisiana, Hayward, Kiasma y Bangkok (1997-1999)"
4997,Choi Wook,Cities on the Move,,1997,"Cities on the Move, Secession, Viena (1997, Hou Hanru y Hans Ulrich Obrist); itinerancia Burdeos, PS1, Louisiana, Hayward, Kiasma y Bangkok (1997-1999)"
4998,Duang Prateep Foundation,Cities on the Move,,1997,"Cities on the Move, Secession, Viena (1997, Hou Hanru y Hans Ulrich Obrist); itinerancia Burdeos, PS1, Louisiana, Hayward, Kiasma y Bangkok (1997-1999)"
4999,Ellen Pau,Cities on the Move,,1997,"Cities on the Move, Secession, Viena (1997, Hou Hanru y Hans Ulrich Obrist); itinerancia Burdeos, PS1, Louisiana, Hayward, Kiasma y Bangkok (1997-1999)"
5000,Eric Khoo,Cities on the Move,,1997,"Cities on the Move, Secession, Viena (1997, Hou Hanru y Hans Ulrich Obrist); itinerancia Burdeos, PS1, Louisiana, Hayward, Kiasma y Bangkok (1997-1999)"
5001,Fumihiko Maki,Cities on the Move,,1997,"Cities on the Move, Secession, Viena (1997, Hou Hanru y Hans Ulrich Obrist); itinerancia Burdeos, PS1, Louisiana, Hayward, Kiasma y Bangkok (1997-1999)"
5002,Gary Chang,Cities on the Move,,1997,"Cities on the Move, Secession, Viena (1997, Hou Hanru y Hans Ulrich Obrist); itinerancia Burdeos, PS1, Louisiana, Hayward, Kiasma y Bangkok (1997-1999)"
5003,Hanayo,Cities on the Move,,1997,"Cities on the Move, Secession, Viena (1997, Hou Hanru y Hans Ulrich Obrist); itinerancia Burdeos, PS1, Louisiana, Hayward, Kiasma y Bangkok (1997-1999)"
5004,Oscar Ho,Cities on the Move,,1997,"Cities on the Move, Secession, Viena (1997, Hou Hanru y Hans Ulrich Obrist); itinerancia Burdeos, PS1, Louisiana, Hayward, Kiasma y Bangkok (1997-1999)"
5005,Ho Siu Kee,Cities on the Move,,1997,"Cities on the Move, Secession, Viena (1997, Hou Hanru y Hans Ulrich Obrist); itinerancia Burdeos, PS1, Louisiana, Hayward, Kiasma y Bangkok (1997-1999)"
5006,Ho Tao,Cities on the Move,,1997,"Cities on the Move, Secession, Viena (1997, Hou Hanru y Hans Ulrich Obrist); itinerancia Burdeos, PS1, Louisiana, Hayward, Kiasma y Bangkok (1997-1999)"
5007,Huang Chin-Ho,Cities on the Move,,1997,"Cities on the Move, Secession, Viena (1997, Hou Hanru y Hans Ulrich Obrist); itinerancia Burdeos, PS1, Louisiana, Hayward, Kiasma y Bangkok (1997-1999)"
5008,Chang Yungho,Cities on the Move,,1997,"Cities on the Move, Secession, Viena (1997, Hou Hanru y Hans Ulrich Obrist); itinerancia Burdeos, PS1, Louisiana, Hayward, Kiasma y Bangkok (1997-1999)"
5009,Desmond Hui,Cities on the Move,,1997,"Cities on the Move, Secession, Viena (1997, Hou Hanru y Hans Ulrich Obrist); itinerancia Burdeos, PS1, Louisiana, Hayward, Kiasma y Bangkok (1997-1999)"
5010,Didi Dee,Cities on the Move,,1997,"Cities on the Move, Secession, Viena (1997, Hou Hanru y Hans Ulrich Obrist); itinerancia Burdeos, PS1, Louisiana, Hayward, Kiasma y Bangkok (1997-1999)"
5011,Edith Roux,Cities on the Move,,1997,"Cities on the Move, Secession, Viena (1997, Hou Hanru y Hans Ulrich Obrist); itinerancia Burdeos, PS1, Louisiana, Hayward, Kiasma y Bangkok (1997-1999)"
5012,Eko Prawoto,Cities on the Move,,1997,"Cities on the Move, Secession, Viena (1997, Hou Hanru y Hans Ulrich Obrist); itinerancia Burdeos, PS1, Louisiana, Hayward, Kiasma y Bangkok (1997-1999)"
5013,Fiona Meadows & Frédéric Nantois,Cities on the Move,,1997,"Cities on the Move, Secession, Viena (1997, Hou Hanru y Hans Ulrich Obrist); itinerancia Burdeos, PS1, Louisiana, Hayward, Kiasma y Bangkok (1997-1999)"
5014,Homma Takashi,Cities on the Move,,1997,"Cities on the Move, Secession, Viena (1997, Hou Hanru y Hans Ulrich Obrist); itinerancia Burdeos, PS1, Louisiana, Hayward, Kiasma y Bangkok (1997-1999)"
5015,Itsuko Hasegawa,Cities on the Move,,1997,"Cities on the Move, Secession, Viena (1997, Hou Hanru y Hans Ulrich Obrist); itinerancia Burdeos, PS1, Louisiana, Hayward, Kiasma y Bangkok (1997-1999)"
5016,Kay Ngee Tan,Cities on the Move,,1997,"Cities on the Move, Secession, Viena (1997, Hou Hanru y Hans Ulrich Obrist); itinerancia Burdeos, PS1, Louisiana, Hayward, Kiasma y Bangkok (1997-1999)"
5017,Kisho Kurokawa,Cities on the Move,,1997,"Cities on the Move, Secession, Viena (1997, Hou Hanru y Hans Ulrich Obrist); itinerancia Burdeos, PS1, Louisiana, Hayward, Kiasma y Bangkok (1997-1999)"
5018,Liang Juhui,Cities on the Move,,1997,"Cities on the Move, Secession, Viena (1997, Hou Hanru y Hans Ulrich Obrist); itinerancia Burdeos, PS1, Louisiana, Hayward, Kiasma y Bangkok (1997-1999)"
5019,Manit Sriwanichpoom,Cities on the Move,,1997,"Cities on the Move, Secession, Viena (1997, Hou Hanru y Hans Ulrich Obrist); itinerancia Burdeos, PS1, Louisiana, Hayward, Kiasma y Bangkok (1997-1999)"
5020,Mariko Mori,Cities on the Move,,1997,"Cities on the Move, Secession, Viena (1997, Hou Hanru y Hans Ulrich Obrist); itinerancia Burdeos, PS1, Louisiana, Hayward, Kiasma y Bangkok (1997-1999)"
5021,Marintan Sirait,Cities on the Move,,1997,"Cities on the Move, Secession, Viena (1997, Hou Hanru y Hans Ulrich Obrist); itinerancia Burdeos, PS1, Louisiana, Hayward, Kiasma y Bangkok (1997-1999)"
5022,Mark Justiniani,Cities on the Move,,1997,"Cities on the Move, Secession, Viena (1997, Hou Hanru y Hans Ulrich Obrist); itinerancia Burdeos, PS1, Louisiana, Hayward, Kiasma y Bangkok (1997-1999)"
5023,Philippe Laleu,Cities on the Move,,1997,"Cities on the Move, Secession, Viena (1997, Hou Hanru y Hans Ulrich Obrist); itinerancia Burdeos, PS1, Louisiana, Hayward, Kiasma y Bangkok (1997-1999)"
5024,Phiphop Keawsathitpornchai,Cities on the Move,,1997,"Cities on the Move, Secession, Viena (1997, Hou Hanru y Hans Ulrich Obrist); itinerancia Burdeos, PS1, Louisiana, Hayward, Kiasma y Bangkok (1997-1999)"
5025,Ravi Sundaram,Cities on the Move,,1997,"Cities on the Move, Secession, Viena (1997, Hou Hanru y Hans Ulrich Obrist); itinerancia Burdeos, PS1, Louisiana, Hayward, Kiasma y Bangkok (1997-1999)"
5026,Rem Koolhaas,Cities on the Move,,1997,"Cities on the Move, Secession, Viena (1997, Hou Hanru y Hans Ulrich Obrist); itinerancia Burdeos, PS1, Louisiana, Hayward, Kiasma y Bangkok (1997-1999)"
5027,Richard Ho,Cities on the Move,,1997,"Cities on the Move, Secession, Viena (1997, Hou Hanru y Hans Ulrich Obrist); itinerancia Burdeos, PS1, Louisiana, Hayward, Kiasma y Bangkok (1997-1999)"
5028,Riken Yamamoto,Cities on the Move,,1997,"Cities on the Move, Secession, Viena (1997, Hou Hanru y Hans Ulrich Obrist); itinerancia Burdeos, PS1, Louisiana, Hayward, Kiasma y Bangkok (1997-1999)"
5029,Roemer van Toorn,Cities on the Move,,1997,"Cities on the Move, Secession, Viena (1997, Hou Hanru y Hans Ulrich Obrist); itinerancia Burdeos, PS1, Louisiana, Hayward, Kiasma y Bangkok (1997-1999)"
5030,Shen Yuan,Cities on the Move,,1997,"Cities on the Move, Secession, Viena (1997, Hou Hanru y Hans Ulrich Obrist); itinerancia Burdeos, PS1, Louisiana, Hayward, Kiasma y Bangkok (1997-1999)"
5031,Shi Yong,Cities on the Move,,1997,"Cities on the Move, Secession, Viena (1997, Hou Hanru y Hans Ulrich Obrist); itinerancia Burdeos, PS1, Louisiana, Hayward, Kiasma y Bangkok (1997-1999)"
5032,Nobuyoshi Araki,Cities on the Move,,1997,"Cities on the Move, Secession, Viena (1997, Hou Hanru y Hans Ulrich Obrist); itinerancia Burdeos, PS1, Louisiana, Hayward, Kiasma y Bangkok (1997-1999)"
5033,Herzog & de Meuron,Cities on the Move,,1997,"Cities on the Move, Secession, Viena (1997, Hou Hanru y Hans Ulrich Obrist); itinerancia Burdeos, PS1, Louisiana, Hayward, Kiasma y Bangkok (1997-1999)"
5034,Jean Barth,Bienal de Gwangju,16,2026,"16ª Bienal de Gwangju «You Must Change Your Life» (2026, Ho Tzu Nyen)"
5035,Mona Benyamin,Bienal de Gwangju,16,2026,"16ª Bienal de Gwangju «You Must Change Your Life» (2026, Ho Tzu Nyen)"
5036,Kiri Dalena,Bienal de Gwangju,16,2026,"16ª Bienal de Gwangju «You Must Change Your Life» (2026, Ho Tzu Nyen)"
5037,Ben Brix,Bienal de Gwangju,16,2026,"16ª Bienal de Gwangju «You Must Change Your Life» (2026, Ho Tzu Nyen)"
5038,A K Dolven,Bienal de Gwangju,16,2026,"16ª Bienal de Gwangju «You Must Change Your Life» (2026, Ho Tzu Nyen)"
5039,İnci Eviner,Bienal de Gwangju,16,2026,"16ª Bienal de Gwangju «You Must Change Your Life» (2026, Ho Tzu Nyen)"
5040,Angela Goh,Bienal de Gwangju,16,2026,"16ª Bienal de Gwangju «You Must Change Your Life» (2026, Ho Tzu Nyen)"
5041,Jacqueline Kiyomi Gork,Bienal de Gwangju,16,2026,"16ª Bienal de Gwangju «You Must Change Your Life» (2026, Ho Tzu Nyen)"
5042,Rafik Greiss,Bienal de Gwangju,16,2026,"16ª Bienal de Gwangju «You Must Change Your Life» (2026, Ho Tzu Nyen)"
5043,Heo Baekryeon,Bienal de Gwangju,16,2026,"16ª Bienal de Gwangju «You Must Change Your Life» (2026, Ho Tzu Nyen)"
5044,James T. Hong,Bienal de Gwangju,16,2026,"16ª Bienal de Gwangju «You Must Change Your Life» (2026, Ho Tzu Nyen)"
5045,Sohrab Hura,Bienal de Gwangju,16,2026,"16ª Bienal de Gwangju «You Must Change Your Life» (2026, Ho Tzu Nyen)"
5046,Volcanoes of Jeju (Jeju Stone Park),Bienal de Gwangju,16,2026,"16ª Bienal de Gwangju «You Must Change Your Life» (2026, Ho Tzu Nyen)"
5047,Jeong Geumhyung,Bienal de Gwangju,16,2026,"16ª Bienal de Gwangju «You Must Change Your Life» (2026, Ho Tzu Nyen)"
5048,E Roon Kang,Bienal de Gwangju,16,2026,"16ª Bienal de Gwangju «You Must Change Your Life» (2026, Ho Tzu Nyen)"
5049,Sunik Kim,Bienal de Gwangju,16,2026,"16ª Bienal de Gwangju «You Must Change Your Life» (2026, Ho Tzu Nyen)"
5050,Daisuke Kosugi,Bienal de Gwangju,16,2026,"16ª Bienal de Gwangju «You Must Change Your Life» (2026, Ho Tzu Nyen)"
5051,Kwon Byungjun,Bienal de Gwangju,16,2026,"16ª Bienal de Gwangju «You Must Change Your Life» (2026, Ho Tzu Nyen)"
5052,Park Chan-kyong,Bienal de Gwangju,16,2026,"16ª Bienal de Gwangju «You Must Change Your Life» (2026, Ho Tzu Nyen)"
5053,Lu Yang,Bienal de Gwangju,16,2026,"16ª Bienal de Gwangju «You Must Change Your Life» (2026, Ho Tzu Nyen)"
5054,May Mothers House,Bienal de Gwangju,16,2026,"16ª Bienal de Gwangju «You Must Change Your Life» (2026, Ho Tzu Nyen)"
5055,Nam Hwayeon,Bienal de Gwangju,16,2026,"16ª Bienal de Gwangju «You Must Change Your Life» (2026, Ho Tzu Nyen)"
5056,Christian Nyampeta,Bienal de Gwangju,16,2026,"16ª Bienal de Gwangju «You Must Change Your Life» (2026, Ho Tzu Nyen)"
5057,Bhenji Ra,Bienal de Gwangju,16,2026,"16ª Bienal de Gwangju «You Must Change Your Life» (2026, Ho Tzu Nyen)"
5058,Rim Dong Sik,Bienal de Gwangju,16,2026,"16ª Bienal de Gwangju «You Must Change Your Life» (2026, Ho Tzu Nyen)"
5059,Woo Pyongnam,Bienal de Gwangju,16,2026,"16ª Bienal de Gwangju «You Must Change Your Life» (2026, Ho Tzu Nyen)"
5060,Ryu Hankil,Bienal de Gwangju,16,2026,"16ª Bienal de Gwangju «You Must Change Your Life» (2026, Ho Tzu Nyen)"
5061,Sasaki Ken,Bienal de Gwangju,16,2026,"16ª Bienal de Gwangju «You Must Change Your Life» (2026, Ho Tzu Nyen)"
5062,Suzuki Akio,Bienal de Gwangju,16,2026,"16ª Bienal de Gwangju «You Must Change Your Life» (2026, Ho Tzu Nyen)"
5063,Ullimsanbang,Bienal de Gwangju,16,2026,"16ª Bienal de Gwangju «You Must Change Your Life» (2026, Ho Tzu Nyen)"
5064,Wang Jiahao,Bienal de Gwangju,16,2026,"16ª Bienal de Gwangju «You Must Change Your Life» (2026, Ho Tzu Nyen)"
5065,Wang Tuo,Bienal de Gwangju,16,2026,"16ª Bienal de Gwangju «You Must Change Your Life» (2026, Ho Tzu Nyen)"
5066,Maya Watanabe,Bienal de Gwangju,16,2026,"16ª Bienal de Gwangju «You Must Change Your Life» (2026, Ho Tzu Nyen)"
5067,Haseeb Ahmed,Bienal de Gwangju,15,2024,"15ª Bienal de Gwangju «Pansori, a soundscape of the 21st century» (2024, Nicolas Bourriaud)"
5068,Deniz Aktaş,Bienal de Gwangju,15,2024,"15ª Bienal de Gwangju «Pansori, a soundscape of the 21st century» (2024, Nicolas Bourriaud)"
5069,Noel W. Anderson,Bienal de Gwangju,15,2024,"15ª Bienal de Gwangju «Pansori, a soundscape of the 21st century» (2024, Nicolas Bourriaud)"
5070,Andrius Arutiunian,Bienal de Gwangju,15,2024,"15ª Bienal de Gwangju «Pansori, a soundscape of the 21st century» (2024, Nicolas Bourriaud)"
5071,Wendimagegn Belete,Bienal de Gwangju,15,2024,"15ª Bienal de Gwangju «Pansori, a soundscape of the 21st century» (2024, Nicolas Bourriaud)"
5072,Bianca Bondi,Bienal de Gwangju,15,2024,"15ª Bienal de Gwangju «Pansori, a soundscape of the 21st century» (2024, Nicolas Bourriaud)"
5073,Peter Buggenhout,Bienal de Gwangju,15,2024,"15ª Bienal de Gwangju «Pansori, a soundscape of the 21st century» (2024, Nicolas Bourriaud)"
5074,Alex Cerveny,Bienal de Gwangju,15,2024,"15ª Bienal de Gwangju «Pansori, a soundscape of the 21st century» (2024, Nicolas Bourriaud)"
5075,Cheng Xinhao,Bienal de Gwangju,15,2024,"15ª Bienal de Gwangju «Pansori, a soundscape of the 21st century» (2024, Nicolas Bourriaud)"
5076,Choi Haneyl,Bienal de Gwangju,15,2024,"15ª Bienal de Gwangju «Pansori, a soundscape of the 21st century» (2024, Nicolas Bourriaud)"
5077,Gaëlle Choisne,Bienal de Gwangju,15,2024,"15ª Bienal de Gwangju «Pansori, a soundscape of the 21st century» (2024, Nicolas Bourriaud)"
5078,Anna Conway,Bienal de Gwangju,15,2024,"15ª Bienal de Gwangju «Pansori, a soundscape of the 21st century» (2024, Nicolas Bourriaud)"
5079,Binta Diaw,Bienal de Gwangju,15,2024,"15ª Bienal de Gwangju «Pansori, a soundscape of the 21st century» (2024, Nicolas Bourriaud)"
5080,John Dowell,Bienal de Gwangju,15,2024,"15ª Bienal de Gwangju «Pansori, a soundscape of the 21st century» (2024, Nicolas Bourriaud)"
5081,Hayden Dunham,Bienal de Gwangju,15,2024,"15ª Bienal de Gwangju «Pansori, a soundscape of the 21st century» (2024, Nicolas Bourriaud)"
5082,Matthias Groebel,Bienal de Gwangju,15,2024,"15ª Bienal de Gwangju «Pansori, a soundscape of the 21st century» (2024, Nicolas Bourriaud)"
5083,Agata Ingarden,Bienal de Gwangju,15,2024,"15ª Bienal de Gwangju «Pansori, a soundscape of the 21st century» (2024, Nicolas Bourriaud)"
5084,Hye Joo Jun,Bienal de Gwangju,15,2024,"15ª Bienal de Gwangju «Pansori, a soundscape of the 21st century» (2024, Nicolas Bourriaud)"
5085,Jun Hyoung San,Bienal de Gwangju,15,2024,"15ª Bienal de Gwangju «Pansori, a soundscape of the 21st century» (2024, Nicolas Bourriaud)"
5086,Kim Hyeong Suk,Bienal de Gwangju,15,2024,"15ª Bienal de Gwangju «Pansori, a soundscape of the 21st century» (2024, Nicolas Bourriaud)"
5087,Kim Jayi,Bienal de Gwangju,15,2024,"15ª Bienal de Gwangju «Pansori, a soundscape of the 21st century» (2024, Nicolas Bourriaud)"
5088,YoungEun Kim,Bienal de Gwangju,15,2024,"15ª Bienal de Gwangju «Pansori, a soundscape of the 21st century» (2024, Nicolas Bourriaud)"
5089,Dominique Knowles,Bienal de Gwangju,15,2024,"15ª Bienal de Gwangju «Pansori, a soundscape of the 21st century» (2024, Nicolas Bourriaud)"
5090,Agnieszka Kurant,Bienal de Gwangju,15,2024,"15ª Bienal de Gwangju «Pansori, a soundscape of the 21st century» (2024, Nicolas Bourriaud)"
5091,Hyewon Kwon,Bienal de Gwangju,15,2024,"15ª Bienal de Gwangju «Pansori, a soundscape of the 21st century» (2024, Nicolas Bourriaud)"
5092,Netta Laufer,Bienal de Gwangju,15,2024,"15ª Bienal de Gwangju «Pansori, a soundscape of the 21st century» (2024, Nicolas Bourriaud)"
5093,Brianna Leatherbury,Bienal de Gwangju,15,2024,"15ª Bienal de Gwangju «Pansori, a soundscape of the 21st century» (2024, Nicolas Bourriaud)"
5094,Yein Lee,Bienal de Gwangju,15,2024,"15ª Bienal de Gwangju «Pansori, a soundscape of the 21st century» (2024, Nicolas Bourriaud)"
5095,Mira Mann,Bienal de Gwangju,15,2024,"15ª Bienal de Gwangju «Pansori, a soundscape of the 21st century» (2024, Nicolas Bourriaud)"
5096,Vladislav Markov,Bienal de Gwangju,15,2024,"15ª Bienal de Gwangju «Pansori, a soundscape of the 21st century» (2024, Nicolas Bourriaud)"
5097,Beaux Mendes,Bienal de Gwangju,15,2024,"15ª Bienal de Gwangju «Pansori, a soundscape of the 21st century» (2024, Nicolas Bourriaud)"
5098,Myriam Mihindou,Bienal de Gwangju,15,2024,"15ª Bienal de Gwangju «Pansori, a soundscape of the 21st century» (2024, Nicolas Bourriaud)"
5099,Saadia Mirza,Bienal de Gwangju,15,2024,"15ª Bienal de Gwangju «Pansori, a soundscape of the 21st century» (2024, Nicolas Bourriaud)"
5100,David Noonan,Bienal de Gwangju,15,2024,"15ª Bienal de Gwangju «Pansori, a soundscape of the 21st century» (2024, Nicolas Bourriaud)"
5101,Katja Novitskova,Bienal de Gwangju,15,2024,"15ª Bienal de Gwangju «Pansori, a soundscape of the 21st century» (2024, Nicolas Bourriaud)"
5102,Mimi Park,Bienal de Gwangju,15,2024,"15ª Bienal de Gwangju «Pansori, a soundscape of the 21st century» (2024, Nicolas Bourriaud)"
5103,Harrison Pearce,Bienal de Gwangju,15,2024,"15ª Bienal de Gwangju «Pansori, a soundscape of the 21st century» (2024, Nicolas Bourriaud)"
5104,Max Hooper Schneider,Bienal de Gwangju,15,2024,"15ª Bienal de Gwangju «Pansori, a soundscape of the 21st century» (2024, Nicolas Bourriaud)"
5105,Franck Scurti,Bienal de Gwangju,15,2024,"15ª Bienal de Gwangju «Pansori, a soundscape of the 21st century» (2024, Nicolas Bourriaud)"
5106,Soomin Shon,Bienal de Gwangju,15,2024,"15ª Bienal de Gwangju «Pansori, a soundscape of the 21st century» (2024, Nicolas Bourriaud)"
5107,Jura Shust,Bienal de Gwangju,15,2024,"15ª Bienal de Gwangju «Pansori, a soundscape of the 21st century» (2024, Nicolas Bourriaud)"
5108,Sofya Skidan,Bienal de Gwangju,15,2024,"15ª Bienal de Gwangju «Pansori, a soundscape of the 21st century» (2024, Nicolas Bourriaud)"
5109,Anastasia Sosunova,Bienal de Gwangju,15,2024,"15ª Bienal de Gwangju «Pansori, a soundscape of the 21st century» (2024, Nicolas Bourriaud)"
5110,Jakob Kudsk Steensen,Bienal de Gwangju,15,2024,"15ª Bienal de Gwangju «Pansori, a soundscape of the 21st century» (2024, Nicolas Bourriaud)"
5111,Julian Abraham «Togar»,Bienal de Gwangju,15,2024,"15ª Bienal de Gwangju «Pansori, a soundscape of the 21st century» (2024, Nicolas Bourriaud)"
5112,Unmake Lab,Bienal de Gwangju,15,2024,"15ª Bienal de Gwangju «Pansori, a soundscape of the 21st century» (2024, Nicolas Bourriaud)"
5113,Yuyan Wang,Bienal de Gwangju,15,2024,"15ª Bienal de Gwangju «Pansori, a soundscape of the 21st century» (2024, Nicolas Bourriaud)"
5114,Ambera Wellmann,Bienal de Gwangju,15,2024,"15ª Bienal de Gwangju «Pansori, a soundscape of the 21st century» (2024, Nicolas Bourriaud)"
5115,Phillip Zach,Bienal de Gwangju,15,2024,"15ª Bienal de Gwangju «Pansori, a soundscape of the 21st century» (2024, Nicolas Bourriaud)"
5116,Ho-yoon Shin,Bienal de Gwangju,7,2008,"7ª Bienal de Gwangju «Annual Report: A Year in Exhibitions» (2008, Okwui Enwezor)"
5117,Hu-ju Gu,Bienal de Gwangju,7,2008,"7ª Bienal de Gwangju «Annual Report: A Year in Exhibitions» (2008, Okwui Enwezor)"
5118,Kiyoung Peik,Bienal de Gwangju,7,2008,"7ª Bienal de Gwangju «Annual Report: A Year in Exhibitions» (2008, Okwui Enwezor)"
5119,Mun-ho Ma,Bienal de Gwangju,7,2008,"7ª Bienal de Gwangju «Annual Report: A Year in Exhibitions» (2008, Okwui Enwezor)"
5120,Munjong Park,Bienal de Gwangju,7,2008,"7ª Bienal de Gwangju «Annual Report: A Year in Exhibitions» (2008, Okwui Enwezor)"
5121,Marlon Griffith,Bienal de Gwangju,7,2008,"7ª Bienal de Gwangju «Annual Report: A Year in Exhibitions» (2008, Okwui Enwezor)"
5122,Jin Won Lee (GAZAEBAL),Bienal de Gwangju,7,2008,"7ª Bienal de Gwangju «Annual Report: A Year in Exhibitions» (2008, Okwui Enwezor)"
5123,Caecilia Tripp,Bienal de Gwangju,7,2008,"7ª Bienal de Gwangju «Annual Report: A Year in Exhibitions» (2008, Okwui Enwezor)"
5124,Raymundo Albano,Bienal de Gwangju,7,2008,"7ª Bienal de Gwangju «Annual Report: A Year in Exhibitions» (2008, Okwui Enwezor)"
5125,Redza Piyadasa,Bienal de Gwangju,7,2008,"7ª Bienal de Gwangju «Annual Report: A Year in Exhibitions» (2008, Okwui Enwezor)"
5126,Apinan Poshyananda,Bienal de Gwangju,7,2008,"7ª Bienal de Gwangju «Annual Report: A Year in Exhibitions» (2008, Okwui Enwezor)"
5127,Jim Supangkat,Bienal de Gwangju,7,2008,"7ª Bienal de Gwangju «Annual Report: A Year in Exhibitions» (2008, Okwui Enwezor)"
5128,Larnet,Bienal de Gwangju,7,2008,"7ª Bienal de Gwangju «Annual Report: A Year in Exhibitions» (2008, Okwui Enwezor)"
5129,Christelle Lheureux,Bienal de Gwangju,7,2008,"7ª Bienal de Gwangju «Annual Report: A Year in Exhibitions» (2008, Okwui Enwezor)"
5130,Seulgi Lee,Bienal de Gwangju,7,2008,"7ª Bienal de Gwangju «Annual Report: A Year in Exhibitions» (2008, Okwui Enwezor)"
5131,Seung Wook Koh,Bienal de Gwangju,7,2008,"7ª Bienal de Gwangju «Annual Report: A Year in Exhibitions» (2008, Okwui Enwezor)"
5132,Seamus Farrell,Bienal de Gwangju,7,2008,"7ª Bienal de Gwangju «Annual Report: A Year in Exhibitions» (2008, Okwui Enwezor)"
5133,Vincent Feria,Bienal de Gwangju,7,2008,"7ª Bienal de Gwangju «Annual Report: A Year in Exhibitions» (2008, Okwui Enwezor)"
5134,∞OS,Bienal de Gwangju,13,2021,"13ª Bienal de Gwangju «Minds Rising, Spirits Tuning» (2021, Defne Ayas y Natasha Ginwala)"
5135,Pacita Abad,Bienal de Gwangju,13,2021,"13ª Bienal de Gwangju «Minds Rising, Spirits Tuning» (2021, Defne Ayas y Natasha Ginwala)"
5136,Katarina Barruk,Bienal de Gwangju,13,2021,"13ª Bienal de Gwangju «Minds Rising, Spirits Tuning» (2021, Defne Ayas y Natasha Ginwala)"
5137,Seyni Camara,Bienal de Gwangju,13,2021,"13ª Bienal de Gwangju «Minds Rising, Spirits Tuning» (2021, Defne Ayas y Natasha Ginwala)"
5138,Quishile Charan & Esha Pillay,Bienal de Gwangju,13,2021,"13ª Bienal de Gwangju «Minds Rising, Spirits Tuning» (2021, Defne Ayas y Natasha Ginwala)"
5139,Yin-Ju Chen & Li-Chun Lin,Bienal de Gwangju,13,2021,"13ª Bienal de Gwangju «Minds Rising, Spirits Tuning» (2021, Defne Ayas y Natasha Ginwala)"
5140,Hyun-Taek Cho,Bienal de Gwangju,13,2021,"13ª Bienal de Gwangju «Minds Rising, Spirits Tuning» (2021, Defne Ayas y Natasha Ginwala)"
5141,Vaginal Davis,Bienal de Gwangju,13,2021,"13ª Bienal de Gwangju «Minds Rising, Spirits Tuning» (2021, Defne Ayas y Natasha Ginwala)"
5142,Cian Dayrit,Bienal de Gwangju,13,2021,"13ª Bienal de Gwangju «Minds Rising, Spirits Tuning» (2021, Defne Ayas y Natasha Ginwala)"
5143,Emo de Medeiros,Bienal de Gwangju,13,2021,"13ª Bienal de Gwangju «Minds Rising, Spirits Tuning» (2021, Defne Ayas y Natasha Ginwala)"
5144,Patricia Domínguez,Bienal de Gwangju,13,2021,"13ª Bienal de Gwangju «Minds Rising, Spirits Tuning» (2021, Defne Ayas y Natasha Ginwala)"
5145,Gerard Fortuné,Bienal de Gwangju,13,2021,"13ª Bienal de Gwangju «Minds Rising, Spirits Tuning» (2021, Defne Ayas y Natasha Ginwala)"
5146,John Gerrard,Bienal de Gwangju,13,2021,"13ª Bienal de Gwangju «Minds Rising, Spirits Tuning» (2021, Defne Ayas y Natasha Ginwala)"
5147,Femke Herregraven,Bienal de Gwangju,13,2021,"13ª Bienal de Gwangju «Minds Rising, Spirits Tuning» (2021, Defne Ayas y Natasha Ginwala)"
5148,Gözde Ilkin,Bienal de Gwangju,13,2021,"13ª Bienal de Gwangju «Minds Rising, Spirits Tuning» (2021, Defne Ayas y Natasha Ginwala)"
5149,Jeong Kwan,Bienal de Gwangju,13,2021,"13ª Bienal de Gwangju «Minds Rising, Spirits Tuning» (2021, Defne Ayas y Natasha Ginwala)"
5150,Jumaadi,Bienal de Gwangju,13,2021,"13ª Bienal de Gwangju «Minds Rising, Spirits Tuning» (2021, Defne Ayas y Natasha Ginwala)"
5151,Karrabing Film Collective,Bienal de Gwangju,13,2021,"13ª Bienal de Gwangju «Minds Rising, Spirits Tuning» (2021, Defne Ayas y Natasha Ginwala)"
5152,Sangdon Kim,Bienal de Gwangju,13,2021,"13ª Bienal de Gwangju «Minds Rising, Spirits Tuning» (2021, Defne Ayas y Natasha Ginwala)"
5153,Sylbee Kim,Bienal de Gwangju,13,2021,"13ª Bienal de Gwangju «Minds Rising, Spirits Tuning» (2021, Defne Ayas y Natasha Ginwala)"
5154,Timoteus Anggawan Kusno,Bienal de Gwangju,13,2021,"13ª Bienal de Gwangju «Minds Rising, Spirits Tuning» (2021, Defne Ayas y Natasha Ginwala)"
5155,Kwak Duck-Jun,Bienal de Gwangju,13,2021,"13ª Bienal de Gwangju «Minds Rising, Spirits Tuning» (2021, Defne Ayas y Natasha Ginwala)"
5156,Gap-Chul Lee,Bienal de Gwangju,13,2021,"13ª Bienal de Gwangju «Minds Rising, Spirits Tuning» (2021, Defne Ayas y Natasha Ginwala)"
5157,Kangseung Lee,Bienal de Gwangju,13,2021,"13ª Bienal de Gwangju «Minds Rising, Spirits Tuning» (2021, Defne Ayas y Natasha Ginwala)"
5158,Sangho Lee,Bienal de Gwangju,13,2021,"13ª Bienal de Gwangju «Minds Rising, Spirits Tuning» (2021, Defne Ayas y Natasha Ginwala)"
5159,Vivian Lynn,Bienal de Gwangju,13,2021,"13ª Bienal de Gwangju «Minds Rising, Spirits Tuning» (2021, Defne Ayas y Natasha Ginwala)"
5160,Ana María Millán,Bienal de Gwangju,13,2021,"13ª Bienal de Gwangju «Minds Rising, Spirits Tuning» (2021, Defne Ayas y Natasha Ginwala)"
5161,Min Joung-Ki,Bienal de Gwangju,13,2021,"13ª Bienal de Gwangju «Minds Rising, Spirits Tuning» (2021, Defne Ayas y Natasha Ginwala)"
5162,Moon & Jeon,Bienal de Gwangju,13,2021,"13ª Bienal de Gwangju «Minds Rising, Spirits Tuning» (2021, Defne Ayas y Natasha Ginwala)"
5163,Siyabonga Mthembu,Bienal de Gwangju,13,2021,"13ª Bienal de Gwangju «Minds Rising, Spirits Tuning» (2021, Defne Ayas y Natasha Ginwala)"
5164,nasa4nasa,Bienal de Gwangju,13,2021,"13ª Bienal de Gwangju «Minds Rising, Spirits Tuning» (2021, Defne Ayas y Natasha Ginwala)"
5165,Pedro Neves Marques,Bienal de Gwangju,13,2021,"13ª Bienal de Gwangju «Minds Rising, Spirits Tuning» (2021, Defne Ayas y Natasha Ginwala)"
5166,Kira Nova,Bienal de Gwangju,13,2021,"13ª Bienal de Gwangju «Minds Rising, Spirits Tuning» (2021, Defne Ayas y Natasha Ginwala)"
5167,Fernando Palma Rodríguez,Bienal de Gwangju,13,2021,"13ª Bienal de Gwangju «Minds Rising, Spirits Tuning» (2021, Defne Ayas y Natasha Ginwala)"
5168,People's Archive of Rural India (PARI),Bienal de Gwangju,13,2021,"13ª Bienal de Gwangju «Minds Rising, Spirits Tuning» (2021, Defne Ayas y Natasha Ginwala)"
5169,Rajni Perera,Bienal de Gwangju,13,2021,"13ª Bienal de Gwangju «Minds Rising, Spirits Tuning» (2021, Defne Ayas y Natasha Ginwala)"
5170,Outi Pieski,Bienal de Gwangju,13,2021,"13ª Bienal de Gwangju «Minds Rising, Spirits Tuning» (2021, Defne Ayas y Natasha Ginwala)"
5171,Judy Radul,Bienal de Gwangju,13,2021,"13ª Bienal de Gwangju «Minds Rising, Spirits Tuning» (2021, Defne Ayas y Natasha Ginwala)"
5172,Sahej Rahal,Bienal de Gwangju,13,2021,"13ª Bienal de Gwangju «Minds Rising, Spirits Tuning» (2021, Defne Ayas y Natasha Ginwala)"
5173,Zofia Rydet,Bienal de Gwangju,13,2021,"13ª Bienal de Gwangju «Minds Rising, Spirits Tuning» (2021, Defne Ayas y Natasha Ginwala)"
5174,Tcheu Siong,Bienal de Gwangju,13,2021,"13ª Bienal de Gwangju «Minds Rising, Spirits Tuning» (2021, Defne Ayas y Natasha Ginwala)"
5175,Chrysanne Stathacos,Bienal de Gwangju,13,2021,"13ª Bienal de Gwangju «Minds Rising, Spirits Tuning» (2021, Defne Ayas y Natasha Ginwala)"
5176,Shannon Te Ao,Bienal de Gwangju,13,2021,"13ª Bienal de Gwangju «Minds Rising, Spirits Tuning» (2021, Defne Ayas y Natasha Ginwala)"
5177,Tuguldur Yondonjamts,Bienal de Gwangju,13,2021,"13ª Bienal de Gwangju «Minds Rising, Spirits Tuning» (2021, Defne Ayas y Natasha Ginwala)"
5178,Ramón Gaya,Premio Velázquez,,2002,Premio Velázquez de las Artes Plásticas (2002)
5179,Antoni Tàpies,Praemium Imperiale,,1990,"Praemium Imperiale, pintura (1990)"
5179,Antoni Tàpies,Premio Velázquez,,2003,Premio Velázquez de las Artes Plásticas (2003)
5180,Pablo Palazuelo,Premio Velázquez,,2004,Premio Velázquez de las Artes Plásticas (2004)
5181,Juan Soriano,Premio Velázquez,,2005,Premio Velázquez de las Artes Plásticas (2005)
5182,Antonio López García,Premio Velázquez,,2006,Premio Velázquez de las Artes Plásticas (2006)
5183,Luis Gordillo,Premio Velázquez,,2007,Premio Velázquez de las Artes Plásticas (2007)
5184,Esther Ferrer,Premio Velázquez,,2014,Premio Velázquez de las Artes Plásticas (2014)
5185,Isidoro Valcárcel Medina,Premio Velázquez,,2015,Premio Velázquez de las Artes Plásticas (2015)
5186,Concha Jerez,Premio Velázquez,,2017,Premio Velázquez de las Artes Plásticas (2017)
5187,Soledad Sevilla,Premio Velázquez,,2020,Premio Velázquez de las Artes Plásticas (2020)
5188,Marisa González,Premio Velázquez,,2023,Premio Velázquez de las Artes Plásticas (2023)
5189,Francesc Torres,Premio Velázquez,,2024,Premio Velázquez de las Artes Plásticas (2024)
5190,Laurie Anderson,Hugo Boss Prize,,1996,"Hugo Boss Prize, finalista (1996)"
5191,Barry Le Va,Hugo Boss Prize,,2000,"Hugo Boss Prize, finalista (2000)"
5192,Tunga,Hugo Boss Prize,,2000,"Hugo Boss Prize, finalista (2000)"
5193,Hachiya Kazuhiko,Hugo Boss Prize,,2002,"Hugo Boss Prize, finalista (2002)"
5194,De Rijke & De Rooij,Hugo Boss Prize,,2004,"Hugo Boss Prize, finalista (2004)"
5195,Patty Chang,Hugo Boss Prize,,2008,"Hugo Boss Prize, finalista (2008)"
5196,Roman Signer,Hugo Boss Prize,,2008,"Hugo Boss Prize, finalista (2008)"
5197,Taloi Havini,Artes Mundi,,2024,"Artes Mundi Prize, ganador/a (2024, Cardiff)"
5198,Antonio Paucar,Artes Mundi,,2026,"Artes Mundi Prize, ganador/a (2026, Cardiff)"
5199,Meiro Koizumi,Artes Mundi,,2021,"Artes Mundi 9, premio compartido por decisión unánime del jurado (2021, Cardiff)"
5200,Sancintya Mohini Simpson,Artes Mundi,,2025,"Artes Mundi 11, finalista (2025-2026, Cardiff)"
5201,Sawangwongse Yawnghwe,Artes Mundi,,2025,"Artes Mundi 11, finalista (2025-2026, Cardiff)"
5202,Petrit Halilaj,Nasher Prize,,2026,"Nasher Prize de escultura, laureado/a (2026, Dallas)"
5203,Mariela Scafati,Premio Julius Baer,,2020,"Premio Julius Baer a las artistas latinoamericanas, finalista de la I edición (2020)"
5204,Richard Deacon,Turner Prize,,1984,Turner Prize (nominación 1984)
5204,Richard Deacon,Turner Prize,,1987,Turner Prize (premio 1987)
5205,Terry Atkinson,Turner Prize,,1985,Turner Prize (nominación 1985)
5206,Ian Hamilton Finlay,Turner Prize,,1985,Turner Prize (nominación 1985)
5207,John Walker,Turner Prize,,1985,Turner Prize (nominación 1985)
5208,Derek Jarman,Turner Prize,,1986,Turner Prize (nominación 1986)
5209,Stephen McKenna,Turner Prize,,1986,Turner Prize (nominación 1986)
5210,Patrick Caulfield,Turner Prize,,1987,Turner Prize (nominación 1987)
5211,Helen Chadwick,Turner Prize,,1987,Turner Prize (nominación 1987)
5212,Thérèse Oulton,Turner Prize,,1987,Turner Prize (nominación 1987)
5213,Lucian Freud,Turner Prize,,1988,Turner Prize (mención 1988)
5213,Lucian Freud,Turner Prize,,1989,Turner Prize (nominación 1989)
5214,Richard Hamilton,Praemium Imperiale,,2008,"Praemium Imperiale, pintura (2008)"
5214,Richard Hamilton,Turner Prize,,1988,Turner Prize (mención 1988)
5215,David Mach,Turner Prize,,1988,Turner Prize (mención 1988)
5216,Boyd Webb,Turner Prize,,1988,Turner Prize (mención 1988)
5217,Alison Wilding,Turner Prize,,1988,Turner Prize (mención 1988)
5217,Alison Wilding,Turner Prize,,1992,Turner Prize (nominación 1992)
5218,Richard Wilson,Turner Prize,,1988,Turner Prize (mención 1988)
5218,Richard Wilson,Turner Prize,,1989,Turner Prize (nominación 1989)
5219,Gillian Ayres,Turner Prize,,1989,Turner Prize (nominación 1989)
5220,Fiona Rae,Turner Prize,,1991,Turner Prize (nominación 1991)
5221,Grenville Davey,Turner Prize,,1992,Turner Prize (premio 1992)
5222,David Tremlett,Turner Prize,,1992,Turner Prize (nominación 1992)
5223,Hannah Collins,Turner Prize,,1993,Turner Prize (nominación 1993)
5224,Antony Gormley,Praemium Imperiale,,2013,"Praemium Imperiale, escultura (2013)"
5224,Antony Gormley,Turner Prize,,1994,Turner Prize (premio 1994)
5225,Callum Innes,Turner Prize,,1995,Turner Prize (nominación 1995)
5226,Gary Hume,Turner Prize,,1996,Turner Prize (nominación 1996)
5227,Simon Patterson,Turner Prize,,1996,Turner Prize (nominación 1996)
5228,Christine Borland,Turner Prize,,1997,Turner Prize (nominación 1997)
5229,Cathy de Monchaux,Turner Prize,,1998,Turner Prize (nominación 1998)
5230,Sam Taylor-Wood,Turner Prize,,1998,Turner Prize (nominación 1998)
5231,Steven Pippin,Turner Prize,,1999,Turner Prize (nominación 1999)
5232,Jane and Louise Wilson,Turner Prize,,1999,Turner Prize (nominación 1999)
5233,Richard Billingham,Turner Prize,,2001,Turner Prize (nominación 2001)
5234,Fiona Banner,Turner Prize,,2002,Turner Prize (nominación 2002)
5235,Jake and Dinos Chapman,Turner Prize,,2003,Turner Prize (nominación 2003)
5236,Anya Gallaccio,Turner Prize,,2003,Turner Prize (nominación 2003)
5237,Kutluğ Ataman,Turner Prize,,2004,Turner Prize (nominación 2004)
5238,Langlands & Bell,Turner Prize,,2004,Turner Prize (nominación 2004)
5239,Mark Titchner,Turner Prize,,2006,Turner Prize (nominación 2006)
5240,Hilary Lloyd,Turner Prize,,2011,Turner Prize (nominación 2011)
5241,Spartacus Chetwynd,Turner Prize,,2012,Turner Prize (nominación 2012)
5242,Duncan Campbell,Turner Prize,,2014,Turner Prize (premio 2014)
5243,Ciara Phillips,Turner Prize,,2014,Turner Prize (nominación 2014)
5244,Bonnie Camplin,Turner Prize,,2015,Turner Prize (nominación 2015)
5245,Janice Kerbel,Turner Prize,,2015,Turner Prize (nominación 2015)
5246,Nicole Wermers,Turner Prize,,2015,Turner Prize (nominación 2015)
5247,Michael Dean,Turner Prize,,2016,Turner Prize (nominación 2016)
5248,Josephine Pryde,Turner Prize,,2016,Turner Prize (nominación 2016)
5249,Helen Cammock,Turner Prize,,2019,Turner Prize (premio compartido 2019)
5250,Tai Shani,Turner Prize,,2019,Turner Prize (premio compartido 2019)
5251,Oreet Ashery,Turner Prize,,2020,Turner Bursary (2020)
5252,Liz Johnson Artur,Turner Prize,,2020,Turner Bursary (2020)
5253,Shawanda Corbett,Turner Prize,,2020,Turner Bursary (2020)
5254,Jamie Crewe,Turner Prize,,2020,Turner Bursary (2020)
5255,Sean Edwards,Turner Prize,,2020,Turner Bursary (2020)
5256,Imran Perretta,Turner Prize,,2020,Turner Bursary (2020)
5257,Alberta Whittle,Turner Prize,,2020,Turner Bursary (2020)
5258,Black Obsidian Sound System,Turner Prize,,2021,Turner Prize (nominación 2021)
5259,Ingrid Pollard,Turner Prize,,2022,Turner Prize (nominación 2022)
5260,Sin Wai Kin,Turner Prize,,2022,Turner Prize (nominación 2022)
5261,Ghislaine Leung,Turner Prize,,2023,Turner Prize (nominación 2023)
5262,Rory Pilgrim,Turner Prize,,2023,Turner Prize (nominación 2023)
5263,Barbara Walker,Bienal de Sharjah,15,2023,"15ª Bienal de Sharjah «Thinking Historically in the Present» (2023, Hoor Al Qasimi, comisión 30 aniversario)"
5263,Barbara Walker,Turner Prize,,2023,Turner Prize (nominación 2023)
5264,Jasleen Kaur,Turner Prize,,2024,Turner Prize (premio 2024)
5265,Pio Abad,Turner Prize,,2024,Turner Prize (nominación 2024)
5266,Delaine Le Bas,Turner Prize,,2024,Turner Prize (nominación 2024)
5267,Rene Matić,Turner Prize,,2025,Turner Prize (nominación 2025)
5268,Mohammed Sami,Turner Prize,,2025,Turner Prize (nominación 2025)
5269,Willem de Kooning,Praemium Imperiale,,1989,"Praemium Imperiale, pintura (1989)"
5270,Balthus,Praemium Imperiale,,1991,"Praemium Imperiale, pintura (1991)"
5271,Pierre Soulages,Praemium Imperiale,,1992,"Praemium Imperiale, pintura (1992)"
5272,Jasper Johns,Praemium Imperiale,,1993,"Praemium Imperiale, pintura (1993)"
5273,Zao Wou-Ki,Praemium Imperiale,,1994,"Praemium Imperiale, pintura (1994)"
5274,Matta,Praemium Imperiale,,1995,"Praemium Imperiale, pintura (1995)"
5275,Cy Twombly,Praemium Imperiale,,1996,"Praemium Imperiale, pintura (1996)"
5276,Robert Rauschenberg,Praemium Imperiale,,1998,"Praemium Imperiale, pintura (1998)"
5277,Lee Ufan,Praemium Imperiale,,2001,"Praemium Imperiale, pintura (2001)"
5278,Bridget Riley,Praemium Imperiale,,2003,"Praemium Imperiale, pintura (2003)"
5279,Enrico Castellani,Praemium Imperiale,,2010,"Praemium Imperiale, pintura (2010)"
5280,Bill Viola,Praemium Imperiale,,2011,"Praemium Imperiale, pintura (2011)"
5281,Martial Raysse,Praemium Imperiale,,2014,"Praemium Imperiale, pintura (2014)"
5282,Tadanori Yokoo,Praemium Imperiale,,2015,"Praemium Imperiale, pintura (2015)"
5283,Pierre Alechinsky,Praemium Imperiale,,2018,"Praemium Imperiale, pintura (2018)"
5284,Sebastião Salgado,Praemium Imperiale,,2021,"Praemium Imperiale, pintura (2021)"
5285,Giulio Paolini,Praemium Imperiale,,2022,"Praemium Imperiale, pintura (2022)"
5286,Umberto Mastroianni,Praemium Imperiale,,1989,"Praemium Imperiale, escultura (1989)"
5287,Arnaldo Pomodoro,Praemium Imperiale,,1990,"Praemium Imperiale, escultura (1990)"
5288,Eduardo Chillida,Praemium Imperiale,,1991,"Praemium Imperiale, escultura (1991)"
5289,Anthony Caro,Praemium Imperiale,,1992,"Praemium Imperiale, escultura (1992)"
5290,Max Bill,Praemium Imperiale,,1993,"Praemium Imperiale, escultura (1993)"
5291,Christo & Jeanne-Claude,Praemium Imperiale,,1995,"Praemium Imperiale, escultura (1995)"
5292,César,Praemium Imperiale,,1996,"Praemium Imperiale, escultura (1996)"
5293,George Segal,Praemium Imperiale,,1997,"Praemium Imperiale, escultura (1997)"
5294,Dani Karavan,Praemium Imperiale,,1998,"Praemium Imperiale, escultura (1998)"
5295,Niki de Saint Phalle,Praemium Imperiale,,2000,"Praemium Imperiale, escultura (2000)"
5296,Marta Pan,Praemium Imperiale,,2001,"Praemium Imperiale, escultura (2001)"
5297,Giuliano Vangi,Praemium Imperiale,,2002,"Praemium Imperiale, escultura (2002)"
5298,Issey Miyake,Praemium Imperiale,,2005,"Praemium Imperiale, escultura (2005)"
5299,Cecco Bonanotte,Praemium Imperiale,,2012,"Praemium Imperiale, escultura (2012)"
5300,Wolfgang Laib,Praemium Imperiale,,2015,"Praemium Imperiale, escultura (2015)"
5301,Fujiko Nakaya,Praemium Imperiale,,2018,"Praemium Imperiale, escultura (2018)"
5302,James Turrell,Praemium Imperiale,,2021,"Praemium Imperiale, escultura (2021)"
5303,Tim Davies,Artes Mundi,,2004,"Artes Mundi 1, finalista (2004, Cardiff)"
5304,Jacqueline Fraser,Artes Mundi,,2004,"Artes Mundi 1, finalista (2004, Cardiff)"
5305,Berni Searle,Artes Mundi,,2004,"Artes Mundi 1, finalista (2004, Cardiff)"
5305,Berni Searle,Bienal de Sharjah,15,2023,"15ª Bienal de Sharjah «Thinking Historically in the Present» (2023, Hoor Al Qasimi, comisión 30 aniversario)"
5306,Darius Mikšys,Artes Mundi,,2012,"Artes Mundi 5, finalista (2012, Cardiff)"
5307,Maitha Abdalla,Bienal de Sharjah,15,2023,"15ª Bienal de Sharjah «Thinking Historically in the Present» (2023, Hoor Al Qasimi)"
5308,Fathi Afifi,Bienal de Sharjah,15,2023,"15ª Bienal de Sharjah «Thinking Historically in the Present» (2023, Hoor Al Qasimi)"
5309,Hoda Afshar,Bienal de Sharjah,15,2023,"15ª Bienal de Sharjah «Thinking Historically in the Present» (2023, Hoor Al Qasimi)"
5310,Jawad Al Malhi,Bienal de Sharjah,15,2023,"15ª Bienal de Sharjah «Thinking Historically in the Present» (2023, Hoor Al Qasimi)"
5311,Moza Almatrooshi,Bienal de Sharjah,15,2023,"15ª Bienal de Sharjah «Thinking Historically in the Present» (2023, Hoor Al Qasimi)"
5312,Marwah AlMugait,Bienal de Sharjah,15,2023,"15ª Bienal de Sharjah «Thinking Historically in the Present» (2023, Hoor Al Qasimi)"
5313,Hangama Amiri,Bienal de Sharjah,15,2023,"15ª Bienal de Sharjah «Thinking Historically in the Present» (2023, Hoor Al Qasimi)"
5314,Brook Andrew,Bienal de Sharjah,15,2023,"15ª Bienal de Sharjah «Thinking Historically in the Present» (2023, Hoor Al Qasimi)"
5315,Rushdi Anwar,Bienal de Sharjah,15,2023,"15ª Bienal de Sharjah «Thinking Historically in the Present» (2023, Hoor Al Qasimi)"
5316,Au Sow Yee,Bienal de Sharjah,15,2023,"15ª Bienal de Sharjah «Thinking Historically in the Present» (2023, Hoor Al Qasimi)"
5317,Omar Badsha,Bienal de Sharjah,15,2023,"15ª Bienal de Sharjah «Thinking Historically in the Present» (2023, Hoor Al Qasimi)"
5318,Natalie Ball,Bienal de Sharjah,15,2023,"15ª Bienal de Sharjah «Thinking Historically in the Present» (2023, Hoor Al Qasimi)"
5319,Mirna Bamieh,Bienal de Sharjah,15,2023,"15ª Bienal de Sharjah «Thinking Historically in the Present» (2023, Hoor Al Qasimi)"
5320,Pablo Bartholomew,Bienal de Sharjah,15,2023,"15ª Bienal de Sharjah «Thinking Historically in the Present» (2023, Hoor Al Qasimi)"
5321,Richard Bartholomew,Bienal de Sharjah,15,2023,"15ª Bienal de Sharjah «Thinking Historically in the Present» (2023, Hoor Al Qasimi)"
5322,Shiraz Bayjoo,Bienal de Sharjah,15,2023,"15ª Bienal de Sharjah «Thinking Historically in the Present» (2023, Hoor Al Qasimi)"
5323,Bahar Behbahani,Bienal de Sharjah,15,2023,"15ª Bienal de Sharjah «Thinking Historically in the Present» (2023, Hoor Al Qasimi)"
5324,Asma Belhamar,Bienal de Sharjah,15,2023,"15ª Bienal de Sharjah «Thinking Historically in the Present» (2023, Hoor Al Qasimi)"
5325,Wook-kyung Choi,Bienal de Sharjah,15,2023,"15ª Bienal de Sharjah «Thinking Historically in the Present» (2023, Hoor Al Qasimi)"
5326,Solmaz Daryani,Bienal de Sharjah,15,2023,"15ª Bienal de Sharjah «Thinking Historically in the Present» (2023, Hoor Al Qasimi)"
5327,Annalee Davis,Bienal de Sharjah,15,2023,"15ª Bienal de Sharjah «Thinking Historically in the Present» (2023, Hoor Al Qasimi)"
5328,Imane Djamil,Bienal de Sharjah,15,2023,"15ª Bienal de Sharjah «Thinking Historically in the Present» (2023, Hoor Al Qasimi)"
5329,Kimathi Donkor,Bienal de Sharjah,15,2023,"15ª Bienal de Sharjah «Thinking Historically in the Present» (2023, Hoor Al Qasimi)"
5330,Tania El Khoury,Bienal de Sharjah,15,2023,"15ª Bienal de Sharjah «Thinking Historically in the Present» (2023, Hoor Al Qasimi)"
5330,Tania El Khoury,Bienal de Sharjah,15,2023,"Mención especial, 15ª Bienal de Sharjah (2023)"
5331,Nabil El Makhloufi,Bienal de Sharjah,15,2023,"15ª Bienal de Sharjah «Thinking Historically in the Present» (2023, Hoor Al Qasimi)"
5332,Rehab Eldalil,Bienal de Sharjah,15,2023,"15ª Bienal de Sharjah «Thinking Historically in the Present» (2023, Hoor Al Qasimi)"
5333,Marianne Fahmy,Bienal de Sharjah,15,2023,"15ª Bienal de Sharjah «Thinking Historically in the Present» (2023, Hoor Al Qasimi)"
5334,Brenda Fajardo,Bienal de Sharjah,15,2023,"15ª Bienal de Sharjah «Thinking Historically in the Present» (2023, Hoor Al Qasimi)"
5335,Raheleh Filsoofi,Bienal de Sharjah,15,2023,"15ª Bienal de Sharjah «Thinking Historically in the Present» (2023, Hoor Al Qasimi)"
5336,Flavia Gandolfo,Bienal de Sharjah,15,2023,"15ª Bienal de Sharjah «Thinking Historically in the Present» (2023, Hoor Al Qasimi)"
5337,Gabriela Golder,Bienal de Sharjah,15,2023,"15ª Bienal de Sharjah «Thinking Historically in the Present» (2023, Hoor Al Qasimi)"
5337,Gabriela Golder,Bienal de Sharjah,15,2023,"Mención especial, 15ª Bienal de Sharjah (2023)"
5338,Yulia Grigoryants,Bienal de Sharjah,15,2023,"15ª Bienal de Sharjah «Thinking Historically in the Present» (2023, Hoor Al Qasimi)"
5339,Archana Hande,Bienal de Sharjah,15,2023,"15ª Bienal de Sharjah «Thinking Historically in the Present» (2023, Hoor Al Qasimi)"
5340,Fathi Hassan,Bienal de Sharjah,15,2023,"15ª Bienal de Sharjah «Thinking Historically in the Present» (2023, Hoor Al Qasimi)"
5341,Saddam Jumaily,Bienal de Sharjah,15,2023,"15ª Bienal de Sharjah «Thinking Historically in the Present» (2023, Hoor Al Qasimi)"
5342,Patricia Kaersenhout,Bienal de Sharjah,15,2023,"15ª Bienal de Sharjah «Thinking Historically in the Present» (2023, Hoor Al Qasimi)"
5343,Robyn Kahukiwa,Bienal de Sharjah,15,2023,"15ª Bienal de Sharjah «Thinking Historically in the Present» (2023, Hoor Al Qasimi)"
5344,Naiza Khan,Bienal de Sharjah,15,2023,"15ª Bienal de Sharjah «Thinking Historically in the Present» (2023, Hoor Al Qasimi)"
5345,Emily Kame Kngwarreye,Bienal de Sharjah,15,2023,"15ª Bienal de Sharjah «Thinking Historically in the Present» (2023, Hoor Al Qasimi)"
5346,Hiroji Kubota,Bienal de Sharjah,15,2023,"15ª Bienal de Sharjah «Thinking Historically in the Present» (2023, Hoor Al Qasimi)"
5347,Nusra Latif Qureshi,Bienal de Sharjah,15,2023,"15ª Bienal de Sharjah «Thinking Historically in the Present» (2023, Hoor Al Qasimi)"
5348,Lee Kai Chung,Bienal de Sharjah,15,2023,"15ª Bienal de Sharjah «Thinking Historically in the Present» (2023, Hoor Al Qasimi)"
5348,Lee Kai Chung,Bienal de Sharjah,15,2023,"Mención especial, 15ª Bienal de Sharjah (2023)"
5349,Waheeda Malullah,Bienal de Sharjah,15,2023,"15ª Bienal de Sharjah «Thinking Historically in the Present» (2023, Hoor Al Qasimi)"
5350,Maharani Mancanagara,Bienal de Sharjah,15,2023,"15ª Bienal de Sharjah «Thinking Historically in the Present» (2023, Hoor Al Qasimi)"
5351,mandla,Bienal de Sharjah,15,2023,"15ª Bienal de Sharjah «Thinking Historically in the Present» (2023, Hoor Al Qasimi)"
5352,Queenie McKenzie,Bienal de Sharjah,15,2023,"15ª Bienal de Sharjah «Thinking Historically in the Present» (2023, Hoor Al Qasimi)"
5353,Marisol Mendez,Bienal de Sharjah,15,2023,"15ª Bienal de Sharjah «Thinking Historically in the Present» (2023, Hoor Al Qasimi)"
5354,Almagul Menlibayeva,Bienal de Sharjah,15,2023,"15ª Bienal de Sharjah «Thinking Historically in the Present» (2023, Hoor Al Qasimi, comisión 30 aniversario)"
5355,Helina Metaferia,Bienal de Sharjah,15,2023,"15ª Bienal de Sharjah «Thinking Historically in the Present» (2023, Hoor Al Qasimi)"
5356,Kimowan Metchewais,Bienal de Sharjah,15,2023,"15ª Bienal de Sharjah «Thinking Historically in the Present» (2023, Hoor Al Qasimi)"
5357,Meleanna Meyer,Bienal de Sharjah,15,2023,"15ª Bienal de Sharjah «Thinking Historically in the Present» (2023, Hoor Al Qasimi)"
5358,Joiri Minaya,Bienal de Sharjah,15,2023,"15ª Bienal de Sharjah «Thinking Historically in the Present» (2023, Hoor Al Qasimi)"
5358,Joiri Minaya,Bienal de Sharjah,15,2023,"Mención especial, 15ª Bienal de Sharjah (2023)"
5359,Tahila Mintz,Bienal de Sharjah,15,2023,"15ª Bienal de Sharjah «Thinking Historically in the Present» (2023, Hoor Al Qasimi)"
5360,Roméo Mivekannin,Bienal de Sharjah,15,2023,"15ª Bienal de Sharjah «Thinking Historically in the Present» (2023, Hoor Al Qasimi)"
5361,Tracey Moffatt,Bienal de Sharjah,15,2023,"15ª Bienal de Sharjah «Thinking Historically in the Present» (2023, Hoor Al Qasimi)"
5362,Eubena Nampitjin,Bienal de Sharjah,15,2023,"15ª Bienal de Sharjah «Thinking Historically in the Present» (2023, Hoor Al Qasimi)"
5363,Pipo Nguyen-Duy,Bienal de Sharjah,15,2023,"15ª Bienal de Sharjah «Thinking Historically in the Present» (2023, Hoor Al Qasimi)"
5364,Shelley Niro,Bienal de Sharjah,15,2023,"15ª Bienal de Sharjah «Thinking Historically in the Present» (2023, Hoor Al Qasimi)"
5365,Thenjiwe Niki Nkosi,Bienal de Sharjah,15,2023,"15ª Bienal de Sharjah «Thinking Historically in the Present» (2023, Hoor Al Qasimi)"
5366,Okwui Okpokwasili,Bienal de Sharjah,15,2023,"15ª Bienal de Sharjah «Thinking Historically in the Present» (2023, Hoor Al Qasimi)"
5367,Kambui Olujimi,Bienal de Sharjah,15,2023,"15ª Bienal de Sharjah «Thinking Historically in the Present» (2023, Hoor Al Qasimi)"
5368,Zohra Opoku,Bienal de Sharjah,15,2023,"15ª Bienal de Sharjah «Thinking Historically in the Present» (2023, Hoor Al Qasimi)"
5369,Erkan Özgen,Bienal de Sharjah,15,2023,"15ª Bienal de Sharjah «Thinking Historically in the Present» (2023, Hoor Al Qasimi)"
5370,Pak Khawateen Painting Club,Bienal de Sharjah,15,2023,"15ª Bienal de Sharjah «Thinking Historically in the Present» (2023, Hoor Al Qasimi)"
5371,Pushpakanthan Pakkiyarajah,Bienal de Sharjah,15,2023,"15ª Bienal de Sharjah «Thinking Historically in the Present» (2023, Hoor Al Qasimi)"
5372,Hyesoo Park,Bienal de Sharjah,15,2023,"15ª Bienal de Sharjah «Thinking Historically in the Present» (2023, Hoor Al Qasimi)"
5373,Ángela Ponce,Bienal de Sharjah,15,2023,"15ª Bienal de Sharjah «Thinking Historically in the Present» (2023, Hoor Al Qasimi)"
5374,Prajakta Potnis,Bienal de Sharjah,15,2023,"15ª Bienal de Sharjah «Thinking Historically in the Present» (2023, Hoor Al Qasimi)"
5375,Anita Pouchard Serra,Bienal de Sharjah,15,2023,"15ª Bienal de Sharjah «Thinking Historically in the Present» (2023, Hoor Al Qasimi)"
5376,Jasbir Puar,Bienal de Sharjah,15,2023,"15ª Bienal de Sharjah «Thinking Historically in the Present» (2023, Hoor Al Qasimi)"
5377,Dima Srouji,Bienal de Sharjah,15,2023,"15ª Bienal de Sharjah «Thinking Historically in the Present» (2023, Hoor Al Qasimi)"
5378,Umar Rashid,Bienal de Sharjah,15,2023,"15ª Bienal de Sharjah «Thinking Historically in the Present» (2023, Hoor Al Qasimi)"
5379,Wendy Red Star,Bienal de Sharjah,15,2023,"15ª Bienal de Sharjah «Thinking Historically in the Present» (2023, Hoor Al Qasimi)"
5380,Abdulrahim Salem,Bienal de Sharjah,15,2023,"15ª Bienal de Sharjah «Thinking Historically in the Present» (2023, Hoor Al Qasimi)"
5381,Sangeeta Sandrasegar,Bienal de Sharjah,15,2023,"15ª Bienal de Sharjah «Thinking Historically in the Present» (2023, Hoor Al Qasimi)"
5382,Varunika Saraf,Bienal de Sharjah,15,2023,"15ª Bienal de Sharjah «Thinking Historically in the Present» (2023, Hoor Al Qasimi)"
5382,Varunika Saraf,Bienal de Sharjah,15,2023,"Mención especial, 15ª Bienal de Sharjah (2023)"
5383,Khadija Saye,Bienal de Sharjah,15,2023,"15ª Bienal de Sharjah «Thinking Historically in the Present» (2023, Hoor Al Qasimi)"
5384,Mithu Sen,Bienal de Sharjah,15,2023,"15ª Bienal de Sharjah «Thinking Historically in the Present» (2023, Hoor Al Qasimi)"
5385,Nelly Sethna,Bienal de Sharjah,15,2023,"15ª Bienal de Sharjah «Thinking Historically in the Present» (2023, Hoor Al Qasimi)"
5386,Aziza Shadenova,Bienal de Sharjah,15,2023,"15ª Bienal de Sharjah «Thinking Historically in the Present» (2023, Hoor Al Qasimi)"
5387,Smita Sharma,Bienal de Sharjah,15,2023,"15ª Bienal de Sharjah «Thinking Historically in the Present» (2023, Hoor Al Qasimi)"
5388,Felix Shumba,Bienal de Sharjah,15,2023,"15ª Bienal de Sharjah «Thinking Historically in the Present» (2023, Hoor Al Qasimi)"
5389,Semsar Siahaan,Bienal de Sharjah,15,2023,"15ª Bienal de Sharjah «Thinking Historically in the Present» (2023, Hoor Al Qasimi)"
5390,Mary Sibande,Bienal de Sharjah,15,2023,"15ª Bienal de Sharjah «Thinking Historically in the Present» (2023, Hoor Al Qasimi)"
5391,Kahurangiariki Smith,Bienal de Sharjah,15,2023,"15ª Bienal de Sharjah «Thinking Historically in the Present» (2023, Hoor Al Qasimi)"
5392,Inuuteq Storch,Bienal de Sharjah,15,2023,"15ª Bienal de Sharjah «Thinking Historically in the Present» (2023, Hoor Al Qasimi)"
5393,Pamela Phatsimo Sunstrum,Bienal de Sharjah,15,2023,"15ª Bienal de Sharjah «Thinking Historically in the Present» (2023, Hoor Al Qasimi)"
5394,Obaid Suroor,Bienal de Sharjah,15,2023,"15ª Bienal de Sharjah «Thinking Historically in the Present» (2023, Hoor Al Qasimi)"
5395,Akeim Toussaint Buck,Bienal de Sharjah,15,2023,"15ª Bienal de Sharjah «Thinking Historically in the Present» (2023, Hoor Al Qasimi)"
5396,Wang Jianwei,Bienal de Sharjah,15,2023,"15ª Bienal de Sharjah «Thinking Historically in the Present» (2023, Hoor Al Qasimi)"
